2025-03-19 18:55:03,811 - INFO - Starting multi-folder deduplication
2025-03-19 18:55:03,812 - INFO - Source base path: s3://thesis--ec331-s3/FCAS_RAISE1SEC-Volume-Bids/
2025-03-19 18:55:03,813 - INFO - Target base path: s3://thesis--ec331-s3/de-duped-volume-bids/
2025-03-19 18:55:03,813 - INFO - Duplicate keys: ['TRADINGDATE', 'DUID', 'PERIODID']
2025-03-19 18:55:03,814 - INFO - Maximum workers: 4
2025-03-19 18:55:03,815 - INFO - Dry run: False
2025-03-19 18:55:03,836 - INFO - Found credentials from IAM Role: thesis
2025-03-19 18:55:04,112 - INFO - Found 16 folders to process
2025-03-19 18:55:04,113 - INFO - Processing folder: s3://thesis--ec331-s3/FCAS_RAISE1SEC-Volume-Bids/PUBLIC_DVD_BIDPEROFFER1_202311010000.parquet/ -> s3://thesis--ec331-s3/de-duped-volume-bids/PUBLIC_DVD_BIDPEROFFER1_202311010000.parquet/
2025-03-19 18:55:04,332 - INFO - Successfully confirmed write access to thesis--ec331-s3
2025-03-19 18:55:04,655 - INFO - Found 1054 parquet files in s3://thesis--ec331-s3/FCAS_RAISE1SEC-Volume-Bids/PUBLIC_DVD_BIDPEROFFER1_202311010000.parquet/
2025-03-19 18:55:04,658 - INFO - Processing: s3://thesis--ec331-s3/FCAS_RAISE1SEC-Volume-Bids/PUBLIC_DVD_BIDPEROFFER1_202311010000.parquet/part.0.parquet
2025-03-19 18:55:04,660 - INFO - Processing: s3://thesis--ec331-s3/FCAS_RAISE1SEC-Volume-Bids/PUBLIC_DVD_BIDPEROFFER1_202311010000.parquet/part.1.parquet
2025-03-19 18:55:04,660 - INFO - Target: s3://thesis--ec331-s3/de-duped-volume-bids/PUBLIC_DVD_BIDPEROFFER1_202311010000.parquet/part.0.parquet
2025-03-19 18:55:04,661 - INFO - Processing: s3://thesis--ec331-s3/FCAS_RAISE1SEC-Volume-Bids/PUBLIC_DVD_BIDPEROFFER1_202311010000.parquet/part.10.parquet
2025-03-19 18:55:04,661 - INFO - Target: s3://thesis--ec331-s3/de-duped-volume-bids/PUBLIC_DVD_BIDPEROFFER1_202311010000.parquet/part.1.parquet
2025-03-19 18:55:04,662 - INFO - Processing: s3://thesis--ec331-s3/FCAS_RAISE1SEC-Volume-Bids/PUBLIC_DVD_BIDPEROFFER1_202311010000.parquet/part.100.parquet
2025-03-19 18:55:04,765 - INFO - Target: s3://thesis--ec331-s3/de-duped-volume-bids/PUBLIC_DVD_BIDPEROFFER1_202311010000.parquet/part.10.parquet
2025-03-19 18:55:04,778 - INFO - Target: s3://thesis--ec331-s3/de-duped-volume-bids/PUBLIC_DVD_BIDPEROFFER1_202311010000.parquet/part.100.parquet
2025-03-19 18:55:05,429 - INFO - Read 0 rows from s3://thesis--ec331-s3/FCAS_RAISE1SEC-Volume-Bids/PUBLIC_DVD_BIDPEROFFER1_202311010000.parquet/part.0.parquet
2025-03-19 18:55:05,436 - INFO - Read 0 rows from s3://thesis--ec331-s3/FCAS_RAISE1SEC-Volume-Bids/PUBLIC_DVD_BIDPEROFFER1_202311010000.parquet/part.1.parquet
2025-03-19 18:55:05,441 - INFO - No duplicates found in s3://thesis--ec331-s3/FCAS_RAISE1SEC-Volume-Bids/PUBLIC_DVD_BIDPEROFFER1_202311010000.parquet/part.0.parquet
2025-03-19 18:55:05,445 - INFO - No duplicates found in s3://thesis--ec331-s3/FCAS_RAISE1SEC-Volume-Bids/PUBLIC_DVD_BIDPEROFFER1_202311010000.parquet/part.1.parquet
2025-03-19 18:55:05,447 - WARNING - Empty DataFrame will be written.
2025-03-19 18:55:05,448 - WARNING - Empty DataFrame will be written.
2025-03-19 18:55:05,492 - INFO - Read 0 rows from s3://thesis--ec331-s3/FCAS_RAISE1SEC-Volume-Bids/PUBLIC_DVD_BIDPEROFFER1_202311010000.parquet/part.100.parquet
2025-03-19 18:55:05,499 - INFO - No duplicates found in s3://thesis--ec331-s3/FCAS_RAISE1SEC-Volume-Bids/PUBLIC_DVD_BIDPEROFFER1_202311010000.parquet/part.100.parquet
2025-03-19 18:55:05,500 - WARNING - Empty DataFrame will be written.
2025-03-19 18:55:05,520 - INFO - Read 0 rows from s3://thesis--ec331-s3/FCAS_RAISE1SEC-Volume-Bids/PUBLIC_DVD_BIDPEROFFER1_202311010000.parquet/part.10.parquet
2025-03-19 18:55:05,524 - INFO - No duplicates found in s3://thesis--ec331-s3/FCAS_RAISE1SEC-Volume-Bids/PUBLIC_DVD_BIDPEROFFER1_202311010000.parquet/part.10.parquet
2025-03-19 18:55:05,526 - WARNING - Empty DataFrame will be written.
2025-03-19 18:55:05,802 - INFO - Wrote original 0 rows to s3://thesis--ec331-s3/de-duped-volume-bids/PUBLIC_DVD_BIDPEROFFER1_202311010000.parquet/part.1.parquet
2025-03-19 18:55:05,805 - INFO - Wrote original 0 rows to s3://thesis--ec331-s3/de-duped-volume-bids/PUBLIC_DVD_BIDPEROFFER1_202311010000.parquet/part.0.parquet
2025-03-19 18:55:05,892 - INFO - Processing: s3://thesis--ec331-s3/FCAS_RAISE1SEC-Volume-Bids/PUBLIC_DVD_BIDPEROFFER1_202311010000.parquet/part.1000.parquet
2025-03-19 18:55:05,895 - INFO - Wrote original 0 rows to s3://thesis--ec331-s3/de-duped-volume-bids/PUBLIC_DVD_BIDPEROFFER1_202311010000.parquet/part.100.parquet
2025-03-19 18:55:05,897 - INFO - Wrote original 0 rows to s3://thesis--ec331-s3/de-duped-volume-bids/PUBLIC_DVD_BIDPEROFFER1_202311010000.parquet/part.10.parquet
2025-03-19 18:55:05,976 - INFO - Processing: s3://thesis--ec331-s3/FCAS_RAISE1SEC-Volume-Bids/PUBLIC_DVD_BIDPEROFFER1_202311010000.parquet/part.1001.parquet
2025-03-19 18:55:05,977 - INFO - Target: s3://thesis--ec331-s3/de-duped-volume-bids/PUBLIC_DVD_BIDPEROFFER1_202311010000.parquet/part.1000.parquet
2025-03-19 18:55:06,056 - INFO - Processing: s3://thesis--ec331-s3/FCAS_RAISE1SEC-Volume-Bids/PUBLIC_DVD_BIDPEROFFER1_202311010000.parquet/part.1002.parquet
2025-03-19 18:55:06,133 - INFO - Processing: s3://thesis--ec331-s3/FCAS_RAISE1SEC-Volume-Bids/PUBLIC_DVD_BIDPEROFFER1_202311010000.parquet/part.1003.parquet
2025-03-19 18:55:06,134 - INFO - Target: s3://thesis--ec331-s3/de-duped-volume-bids/PUBLIC_DVD_BIDPEROFFER1_202311010000.parquet/part.1001.parquet
2025-03-19 18:55:06,139 - INFO - Target: s3://thesis--ec331-s3/de-duped-volume-bids/PUBLIC_DVD_BIDPEROFFER1_202311010000.parquet/part.1002.parquet
2025-03-19 18:55:06,147 - INFO - Target: s3://thesis--ec331-s3/de-duped-volume-bids/PUBLIC_DVD_BIDPEROFFER1_202311010000.parquet/part.1003.parquet
2025-03-19 18:55:06,383 - INFO - Read 0 rows from s3://thesis--ec331-s3/FCAS_RAISE1SEC-Volume-Bids/PUBLIC_DVD_BIDPEROFFER1_202311010000.parquet/part.1000.parquet
2025-03-19 18:55:06,391 - INFO - No duplicates found in s3://thesis--ec331-s3/FCAS_RAISE1SEC-Volume-Bids/PUBLIC_DVD_BIDPEROFFER1_202311010000.parquet/part.1000.parquet
2025-03-19 18:55:06,393 - WARNING - Empty DataFrame will be written.
2025-03-19 18:55:06,482 - INFO - Read 0 rows from s3://thesis--ec331-s3/FCAS_RAISE1SEC-Volume-Bids/PUBLIC_DVD_BIDPEROFFER1_202311010000.parquet/part.1001.parquet
2025-03-19 18:55:06,484 - INFO - Read 0 rows from s3://thesis--ec331-s3/FCAS_RAISE1SEC-Volume-Bids/PUBLIC_DVD_BIDPEROFFER1_202311010000.parquet/part.1002.parquet
2025-03-19 18:55:06,487 - INFO - No duplicates found in s3://thesis--ec331-s3/FCAS_RAISE1SEC-Volume-Bids/PUBLIC_DVD_BIDPEROFFER1_202311010000.parquet/part.1001.parquet
2025-03-19 18:55:06,491 - INFO - No duplicates found in s3://thesis--ec331-s3/FCAS_RAISE1SEC-Volume-Bids/PUBLIC_DVD_BIDPEROFFER1_202311010000.parquet/part.1002.parquet
2025-03-19 18:55:06,492 - WARNING - Empty DataFrame will be written.
2025-03-19 18:55:06,494 - WARNING - Empty DataFrame will be written.
2025-03-19 18:55:06,539 - INFO - Read 0 rows from s3://thesis--ec331-s3/FCAS_RAISE1SEC-Volume-Bids/PUBLIC_DVD_BIDPEROFFER1_202311010000.parquet/part.1003.parquet
2025-03-19 18:55:06,543 - INFO - No duplicates found in s3://thesis--ec331-s3/FCAS_RAISE1SEC-Volume-Bids/PUBLIC_DVD_BIDPEROFFER1_202311010000.parquet/part.1003.parquet
2025-03-19 18:55:06,544 - WARNING - Empty DataFrame will be written.
2025-03-19 18:55:06,658 - INFO - Wrote original 0 rows to s3://thesis--ec331-s3/de-duped-volume-bids/PUBLIC_DVD_BIDPEROFFER1_202311010000.parquet/part.1000.parquet
2025-03-19 18:55:06,745 - INFO - Processing: s3://thesis--ec331-s3/FCAS_RAISE1SEC-Volume-Bids/PUBLIC_DVD_BIDPEROFFER1_202311010000.parquet/part.1004.parquet
2025-03-19 18:55:06,748 - INFO - Target: s3://thesis--ec331-s3/de-duped-volume-bids/PUBLIC_DVD_BIDPEROFFER1_202311010000.parquet/part.1004.parquet
2025-03-19 18:55:06,891 - INFO - Wrote original 0 rows to s3://thesis--ec331-s3/de-duped-volume-bids/PUBLIC_DVD_BIDPEROFFER1_202311010000.parquet/part.1002.parquet
2025-03-19 18:55:06,974 - INFO - Processing: s3://thesis--ec331-s3/FCAS_RAISE1SEC-Volume-Bids/PUBLIC_DVD_BIDPEROFFER1_202311010000.parquet/part.1005.parquet
2025-03-19 18:55:06,977 - INFO - Wrote original 0 rows to s3://thesis--ec331-s3/de-duped-volume-bids/PUBLIC_DVD_BIDPEROFFER1_202311010000.parquet/part.1001.parquet
2025-03-19 18:55:06,979 - INFO - Target: s3://thesis--ec331-s3/de-duped-volume-bids/PUBLIC_DVD_BIDPEROFFER1_202311010000.parquet/part.1005.parquet
2025-03-19 18:55:07,059 - INFO - Processing: s3://thesis--ec331-s3/FCAS_RAISE1SEC-Volume-Bids/PUBLIC_DVD_BIDPEROFFER1_202311010000.parquet/part.1006.parquet
2025-03-19 18:55:07,062 - INFO - Wrote original 0 rows to s3://thesis--ec331-s3/de-duped-volume-bids/PUBLIC_DVD_BIDPEROFFER1_202311010000.parquet/part.1003.parquet
2025-03-19 18:55:07,074 - INFO - Target: s3://thesis--ec331-s3/de-duped-volume-bids/PUBLIC_DVD_BIDPEROFFER1_202311010000.parquet/part.1006.parquet
2025-03-19 18:55:07,155 - INFO - Processing: s3://thesis--ec331-s3/FCAS_RAISE1SEC-Volume-Bids/PUBLIC_DVD_BIDPEROFFER1_202311010000.parquet/part.1007.parquet
2025-03-19 18:55:07,165 - INFO - Target: s3://thesis--ec331-s3/de-duped-volume-bids/PUBLIC_DVD_BIDPEROFFER1_202311010000.parquet/part.1007.parquet
2025-03-19 18:55:07,234 - INFO - Read 0 rows from s3://thesis--ec331-s3/FCAS_RAISE1SEC-Volume-Bids/PUBLIC_DVD_BIDPEROFFER1_202311010000.parquet/part.1004.parquet
2025-03-19 18:55:07,238 - INFO - No duplicates found in s3://thesis--ec331-s3/FCAS_RAISE1SEC-Volume-Bids/PUBLIC_DVD_BIDPEROFFER1_202311010000.parquet/part.1004.parquet
2025-03-19 18:55:07,239 - WARNING - Empty DataFrame will be written.
2025-03-19 18:55:07,439 - INFO - Read 0 rows from s3://thesis--ec331-s3/FCAS_RAISE1SEC-Volume-Bids/PUBLIC_DVD_BIDPEROFFER1_202311010000.parquet/part.1005.parquet
2025-03-19 18:55:07,441 - INFO - No duplicates found in s3://thesis--ec331-s3/FCAS_RAISE1SEC-Volume-Bids/PUBLIC_DVD_BIDPEROFFER1_202311010000.parquet/part.1005.parquet
2025-03-19 18:55:07,442 - WARNING - Empty DataFrame will be written.
2025-03-19 18:55:07,468 - INFO - Read 0 rows from s3://thesis--ec331-s3/FCAS_RAISE1SEC-Volume-Bids/PUBLIC_DVD_BIDPEROFFER1_202311010000.parquet/part.1007.parquet
2025-03-19 18:55:07,471 - INFO - No duplicates found in s3://thesis--ec331-s3/FCAS_RAISE1SEC-Volume-Bids/PUBLIC_DVD_BIDPEROFFER1_202311010000.parquet/part.1007.parquet
2025-03-19 18:55:07,472 - WARNING - Empty DataFrame will be written.
2025-03-19 18:55:07,505 - INFO - Read 0 rows from s3://thesis--ec331-s3/FCAS_RAISE1SEC-Volume-Bids/PUBLIC_DVD_BIDPEROFFER1_202311010000.parquet/part.1006.parquet
2025-03-19 18:55:07,508 - INFO - No duplicates found in s3://thesis--ec331-s3/FCAS_RAISE1SEC-Volume-Bids/PUBLIC_DVD_BIDPEROFFER1_202311010000.parquet/part.1006.parquet
2025-03-19 18:55:07,509 - WARNING - Empty DataFrame will be written.
2025-03-19 18:55:07,512 - INFO - Wrote original 0 rows to s3://thesis--ec331-s3/de-duped-volume-bids/PUBLIC_DVD_BIDPEROFFER1_202311010000.parquet/part.1004.parquet
2025-03-19 18:55:07,613 - INFO - Processing: s3://thesis--ec331-s3/FCAS_RAISE1SEC-Volume-Bids/PUBLIC_DVD_BIDPEROFFER1_202311010000.parquet/part.1008.parquet
2025-03-19 18:55:07,616 - INFO - Target: s3://thesis--ec331-s3/de-duped-volume-bids/PUBLIC_DVD_BIDPEROFFER1_202311010000.parquet/part.1008.parquet
2025-03-19 18:55:07,812 - INFO - Wrote original 0 rows to s3://thesis--ec331-s3/de-duped-volume-bids/PUBLIC_DVD_BIDPEROFFER1_202311010000.parquet/part.1005.parquet
2025-03-19 18:55:07,901 - INFO - Processing: s3://thesis--ec331-s3/FCAS_RAISE1SEC-Volume-Bids/PUBLIC_DVD_BIDPEROFFER1_202311010000.parquet/part.1009.parquet
2025-03-19 18:55:07,910 - INFO - Target: s3://thesis--ec331-s3/de-duped-volume-bids/PUBLIC_DVD_BIDPEROFFER1_202311010000.parquet/part.1009.parquet
2025-03-19 18:55:07,947 - INFO - Wrote original 0 rows to s3://thesis--ec331-s3/de-duped-volume-bids/PUBLIC_DVD_BIDPEROFFER1_202311010000.parquet/part.1007.parquet
2025-03-19 18:55:08,036 - INFO - Processing: s3://thesis--ec331-s3/FCAS_RAISE1SEC-Volume-Bids/PUBLIC_DVD_BIDPEROFFER1_202311010000.parquet/part.101.parquet
2025-03-19 18:55:08,038 - INFO - Wrote original 0 rows to s3://thesis--ec331-s3/de-duped-volume-bids/PUBLIC_DVD_BIDPEROFFER1_202311010000.parquet/part.1006.parquet
2025-03-19 18:55:08,041 - INFO - Target: s3://thesis--ec331-s3/de-duped-volume-bids/PUBLIC_DVD_BIDPEROFFER1_202311010000.parquet/part.101.parquet
2025-03-19 18:55:08,125 - INFO - Processing: s3://thesis--ec331-s3/FCAS_RAISE1SEC-Volume-Bids/PUBLIC_DVD_BIDPEROFFER1_202311010000.parquet/part.1010.parquet
2025-03-19 18:55:08,142 - INFO - Target: s3://thesis--ec331-s3/de-duped-volume-bids/PUBLIC_DVD_BIDPEROFFER1_202311010000.parquet/part.1010.parquet
2025-03-19 18:55:08,164 - INFO - Read 0 rows from s3://thesis--ec331-s3/FCAS_RAISE1SEC-Volume-Bids/PUBLIC_DVD_BIDPEROFFER1_202311010000.parquet/part.1008.parquet
2025-03-19 18:55:08,166 - INFO - No duplicates found in s3://thesis--ec331-s3/FCAS_RAISE1SEC-Volume-Bids/PUBLIC_DVD_BIDPEROFFER1_202311010000.parquet/part.1008.parquet
2025-03-19 18:55:08,167 - WARNING - Empty DataFrame will be written.
2025-03-19 18:55:08,327 - INFO - Read 0 rows from s3://thesis--ec331-s3/FCAS_RAISE1SEC-Volume-Bids/PUBLIC_DVD_BIDPEROFFER1_202311010000.parquet/part.1009.parquet
2025-03-19 18:55:08,329 - INFO - No duplicates found in s3://thesis--ec331-s3/FCAS_RAISE1SEC-Volume-Bids/PUBLIC_DVD_BIDPEROFFER1_202311010000.parquet/part.1009.parquet
2025-03-19 18:55:08,330 - WARNING - Empty DataFrame will be written.
2025-03-19 18:55:08,397 - INFO - Read 0 rows from s3://thesis--ec331-s3/FCAS_RAISE1SEC-Volume-Bids/PUBLIC_DVD_BIDPEROFFER1_202311010000.parquet/part.1010.parquet
2025-03-19 18:55:08,400 - INFO - No duplicates found in s3://thesis--ec331-s3/FCAS_RAISE1SEC-Volume-Bids/PUBLIC_DVD_BIDPEROFFER1_202311010000.parquet/part.1010.parquet
2025-03-19 18:55:08,402 - WARNING - Empty DataFrame will be written.
2025-03-19 18:55:08,429 - INFO - Read 0 rows from s3://thesis--ec331-s3/FCAS_RAISE1SEC-Volume-Bids/PUBLIC_DVD_BIDPEROFFER1_202311010000.parquet/part.101.parquet
2025-03-19 18:55:08,433 - INFO - Wrote original 0 rows to s3://thesis--ec331-s3/de-duped-volume-bids/PUBLIC_DVD_BIDPEROFFER1_202311010000.parquet/part.1008.parquet
2025-03-19 18:55:08,435 - INFO - No duplicates found in s3://thesis--ec331-s3/FCAS_RAISE1SEC-Volume-Bids/PUBLIC_DVD_BIDPEROFFER1_202311010000.parquet/part.101.parquet
2025-03-19 18:55:08,523 - INFO - Processing: s3://thesis--ec331-s3/FCAS_RAISE1SEC-Volume-Bids/PUBLIC_DVD_BIDPEROFFER1_202311010000.parquet/part.1011.parquet
2025-03-19 18:55:08,524 - WARNING - Empty DataFrame will be written.
2025-03-19 18:55:08,526 - INFO - Target: s3://thesis--ec331-s3/de-duped-volume-bids/PUBLIC_DVD_BIDPEROFFER1_202311010000.parquet/part.1011.parquet
2025-03-19 18:55:08,696 - INFO - Wrote original 0 rows to s3://thesis--ec331-s3/de-duped-volume-bids/PUBLIC_DVD_BIDPEROFFER1_202311010000.parquet/part.1009.parquet
2025-03-19 18:55:08,781 - INFO - Processing: s3://thesis--ec331-s3/FCAS_RAISE1SEC-Volume-Bids/PUBLIC_DVD_BIDPEROFFER1_202311010000.parquet/part.1012.parquet
2025-03-19 18:55:08,784 - INFO - Target: s3://thesis--ec331-s3/de-duped-volume-bids/PUBLIC_DVD_BIDPEROFFER1_202311010000.parquet/part.1012.parquet
2025-03-19 18:55:08,840 - INFO - Wrote original 0 rows to s3://thesis--ec331-s3/de-duped-volume-bids/PUBLIC_DVD_BIDPEROFFER1_202311010000.parquet/part.1010.parquet
2025-03-19 18:55:08,933 - INFO - Processing: s3://thesis--ec331-s3/FCAS_RAISE1SEC-Volume-Bids/PUBLIC_DVD_BIDPEROFFER1_202311010000.parquet/part.1013.parquet
2025-03-19 18:55:08,938 - INFO - Wrote original 0 rows to s3://thesis--ec331-s3/de-duped-volume-bids/PUBLIC_DVD_BIDPEROFFER1_202311010000.parquet/part.101.parquet
2025-03-19 18:55:08,939 - INFO - Target: s3://thesis--ec331-s3/de-duped-volume-bids/PUBLIC_DVD_BIDPEROFFER1_202311010000.parquet/part.1013.parquet
2025-03-19 18:55:09,025 - INFO - Processing: s3://thesis--ec331-s3/FCAS_RAISE1SEC-Volume-Bids/PUBLIC_DVD_BIDPEROFFER1_202311010000.parquet/part.1014.parquet
2025-03-19 18:55:09,038 - INFO - Target: s3://thesis--ec331-s3/de-duped-volume-bids/PUBLIC_DVD_BIDPEROFFER1_202311010000.parquet/part.1014.parquet
2025-03-19 18:55:09,064 - INFO - Read 0 rows from s3://thesis--ec331-s3/FCAS_RAISE1SEC-Volume-Bids/PUBLIC_DVD_BIDPEROFFER1_202311010000.parquet/part.1011.parquet
2025-03-19 18:55:09,067 - INFO - No duplicates found in s3://thesis--ec331-s3/FCAS_RAISE1SEC-Volume-Bids/PUBLIC_DVD_BIDPEROFFER1_202311010000.parquet/part.1011.parquet
2025-03-19 18:55:09,068 - WARNING - Empty DataFrame will be written.
2025-03-19 18:55:09,219 - INFO - Read 0 rows from s3://thesis--ec331-s3/FCAS_RAISE1SEC-Volume-Bids/PUBLIC_DVD_BIDPEROFFER1_202311010000.parquet/part.1012.parquet
2025-03-19 18:55:09,228 - INFO - No duplicates found in s3://thesis--ec331-s3/FCAS_RAISE1SEC-Volume-Bids/PUBLIC_DVD_BIDPEROFFER1_202311010000.parquet/part.1012.parquet
2025-03-19 18:55:09,230 - WARNING - Empty DataFrame will be written.
2025-03-19 18:55:09,284 - INFO - Read 0 rows from s3://thesis--ec331-s3/FCAS_RAISE1SEC-Volume-Bids/PUBLIC_DVD_BIDPEROFFER1_202311010000.parquet/part.1013.parquet
2025-03-19 18:55:09,292 - INFO - No duplicates found in s3://thesis--ec331-s3/FCAS_RAISE1SEC-Volume-Bids/PUBLIC_DVD_BIDPEROFFER1_202311010000.parquet/part.1013.parquet
2025-03-19 18:55:09,293 - WARNING - Empty DataFrame will be written.
2025-03-19 18:55:09,332 - INFO - Read 0 rows from s3://thesis--ec331-s3/FCAS_RAISE1SEC-Volume-Bids/PUBLIC_DVD_BIDPEROFFER1_202311010000.parquet/part.1014.parquet
2025-03-19 18:55:09,335 - INFO - Wrote original 0 rows to s3://thesis--ec331-s3/de-duped-volume-bids/PUBLIC_DVD_BIDPEROFFER1_202311010000.parquet/part.1011.parquet
2025-03-19 18:55:09,338 - INFO - No duplicates found in s3://thesis--ec331-s3/FCAS_RAISE1SEC-Volume-Bids/PUBLIC_DVD_BIDPEROFFER1_202311010000.parquet/part.1014.parquet
2025-03-19 18:55:09,428 - INFO - Processing: s3://thesis--ec331-s3/FCAS_RAISE1SEC-Volume-Bids/PUBLIC_DVD_BIDPEROFFER1_202311010000.parquet/part.1015.parquet
2025-03-19 18:55:09,430 - WARNING - Empty DataFrame will be written.
2025-03-19 18:55:09,431 - INFO - Target: s3://thesis--ec331-s3/de-duped-volume-bids/PUBLIC_DVD_BIDPEROFFER1_202311010000.parquet/part.1015.parquet
2025-03-19 18:55:09,508 - INFO - Wrote original 0 rows to s3://thesis--ec331-s3/de-duped-volume-bids/PUBLIC_DVD_BIDPEROFFER1_202311010000.parquet/part.1012.parquet
2025-03-19 18:55:09,593 - INFO - Processing: s3://thesis--ec331-s3/FCAS_RAISE1SEC-Volume-Bids/PUBLIC_DVD_BIDPEROFFER1_202311010000.parquet/part.1016.parquet
2025-03-19 18:55:09,595 - INFO - Target: s3://thesis--ec331-s3/de-duped-volume-bids/PUBLIC_DVD_BIDPEROFFER1_202311010000.parquet/part.1016.parquet
2025-03-19 18:55:09,651 - INFO - Wrote original 0 rows to s3://thesis--ec331-s3/de-duped-volume-bids/PUBLIC_DVD_BIDPEROFFER1_202311010000.parquet/part.1013.parquet
2025-03-19 18:55:09,737 - INFO - Processing: s3://thesis--ec331-s3/FCAS_RAISE1SEC-Volume-Bids/PUBLIC_DVD_BIDPEROFFER1_202311010000.parquet/part.1017.parquet
2025-03-19 18:55:09,738 - INFO - Target: s3://thesis--ec331-s3/de-duped-volume-bids/PUBLIC_DVD_BIDPEROFFER1_202311010000.parquet/part.1017.parquet
2025-03-19 18:55:09,801 - INFO - Wrote original 0 rows to s3://thesis--ec331-s3/de-duped-volume-bids/PUBLIC_DVD_BIDPEROFFER1_202311010000.parquet/part.1014.parquet
2025-03-19 18:55:09,887 - INFO - Processing: s3://thesis--ec331-s3/FCAS_RAISE1SEC-Volume-Bids/PUBLIC_DVD_BIDPEROFFER1_202311010000.parquet/part.1018.parquet
2025-03-19 18:55:09,890 - INFO - Target: s3://thesis--ec331-s3/de-duped-volume-bids/PUBLIC_DVD_BIDPEROFFER1_202311010000.parquet/part.1018.parquet
2025-03-19 18:55:09,918 - INFO - Read 0 rows from s3://thesis--ec331-s3/FCAS_RAISE1SEC-Volume-Bids/PUBLIC_DVD_BIDPEROFFER1_202311010000.parquet/part.1015.parquet
2025-03-19 18:55:09,920 - INFO - No duplicates found in s3://thesis--ec331-s3/FCAS_RAISE1SEC-Volume-Bids/PUBLIC_DVD_BIDPEROFFER1_202311010000.parquet/part.1015.parquet
2025-03-19 18:55:09,921 - WARNING - Empty DataFrame will be written.
2025-03-19 18:55:09,984 - INFO - Read 0 rows from s3://thesis--ec331-s3/FCAS_RAISE1SEC-Volume-Bids/PUBLIC_DVD_BIDPEROFFER1_202311010000.parquet/part.1016.parquet
2025-03-19 18:55:09,988 - INFO - No duplicates found in s3://thesis--ec331-s3/FCAS_RAISE1SEC-Volume-Bids/PUBLIC_DVD_BIDPEROFFER1_202311010000.parquet/part.1016.parquet
2025-03-19 18:55:09,990 - WARNING - Empty DataFrame will be written.
2025-03-19 18:55:10,066 - INFO - Read 0 rows from s3://thesis--ec331-s3/FCAS_RAISE1SEC-Volume-Bids/PUBLIC_DVD_BIDPEROFFER1_202311010000.parquet/part.1017.parquet
2025-03-19 18:55:10,069 - INFO - No duplicates found in s3://thesis--ec331-s3/FCAS_RAISE1SEC-Volume-Bids/PUBLIC_DVD_BIDPEROFFER1_202311010000.parquet/part.1017.parquet
2025-03-19 18:55:10,070 - WARNING - Empty DataFrame will be written.
2025-03-19 18:55:10,149 - INFO - Read 0 rows from s3://thesis--ec331-s3/FCAS_RAISE1SEC-Volume-Bids/PUBLIC_DVD_BIDPEROFFER1_202311010000.parquet/part.1018.parquet
2025-03-19 18:55:10,153 - INFO - No duplicates found in s3://thesis--ec331-s3/FCAS_RAISE1SEC-Volume-Bids/PUBLIC_DVD_BIDPEROFFER1_202311010000.parquet/part.1018.parquet
2025-03-19 18:55:10,154 - WARNING - Empty DataFrame will be written.
2025-03-19 18:55:10,173 - INFO - Wrote original 0 rows to s3://thesis--ec331-s3/de-duped-volume-bids/PUBLIC_DVD_BIDPEROFFER1_202311010000.parquet/part.1015.parquet
2025-03-19 18:55:10,265 - INFO - Processing: s3://thesis--ec331-s3/FCAS_RAISE1SEC-Volume-Bids/PUBLIC_DVD_BIDPEROFFER1_202311010000.parquet/part.1019.parquet
2025-03-19 18:55:10,266 - INFO - Target: s3://thesis--ec331-s3/de-duped-volume-bids/PUBLIC_DVD_BIDPEROFFER1_202311010000.parquet/part.1019.parquet
2025-03-19 18:55:10,343 - INFO - Wrote original 0 rows to s3://thesis--ec331-s3/de-duped-volume-bids/PUBLIC_DVD_BIDPEROFFER1_202311010000.parquet/part.1016.parquet
2025-03-19 18:55:10,429 - INFO - Processing: s3://thesis--ec331-s3/FCAS_RAISE1SEC-Volume-Bids/PUBLIC_DVD_BIDPEROFFER1_202311010000.parquet/part.102.parquet
2025-03-19 18:55:10,431 - INFO - Target: s3://thesis--ec331-s3/de-duped-volume-bids/PUBLIC_DVD_BIDPEROFFER1_202311010000.parquet/part.102.parquet
2025-03-19 18:55:10,502 - INFO - Wrote original 0 rows to s3://thesis--ec331-s3/de-duped-volume-bids/PUBLIC_DVD_BIDPEROFFER1_202311010000.parquet/part.1017.parquet
2025-03-19 18:55:10,586 - INFO - Processing: s3://thesis--ec331-s3/FCAS_RAISE1SEC-Volume-Bids/PUBLIC_DVD_BIDPEROFFER1_202311010000.parquet/part.1020.parquet
2025-03-19 18:55:10,588 - INFO - Target: s3://thesis--ec331-s3/de-duped-volume-bids/PUBLIC_DVD_BIDPEROFFER1_202311010000.parquet/part.1020.parquet
2025-03-19 18:55:10,642 - INFO - Wrote original 0 rows to s3://thesis--ec331-s3/de-duped-volume-bids/PUBLIC_DVD_BIDPEROFFER1_202311010000.parquet/part.1018.parquet
2025-03-19 18:55:10,724 - INFO - Processing: s3://thesis--ec331-s3/FCAS_RAISE1SEC-Volume-Bids/PUBLIC_DVD_BIDPEROFFER1_202311010000.parquet/part.1021.parquet
2025-03-19 18:55:10,730 - INFO - Target: s3://thesis--ec331-s3/de-duped-volume-bids/PUBLIC_DVD_BIDPEROFFER1_202311010000.parquet/part.1021.parquet
2025-03-19 18:55:10,769 - INFO - Read 0 rows from s3://thesis--ec331-s3/FCAS_RAISE1SEC-Volume-Bids/PUBLIC_DVD_BIDPEROFFER1_202311010000.parquet/part.1019.parquet
2025-03-19 18:55:10,772 - INFO - No duplicates found in s3://thesis--ec331-s3/FCAS_RAISE1SEC-Volume-Bids/PUBLIC_DVD_BIDPEROFFER1_202311010000.parquet/part.1019.parquet
2025-03-19 18:55:10,773 - WARNING - Empty DataFrame will be written.
2025-03-19 18:55:10,813 - INFO - Read 0 rows from s3://thesis--ec331-s3/FCAS_RAISE1SEC-Volume-Bids/PUBLIC_DVD_BIDPEROFFER1_202311010000.parquet/part.102.parquet
2025-03-19 18:55:10,822 - INFO - No duplicates found in s3://thesis--ec331-s3/FCAS_RAISE1SEC-Volume-Bids/PUBLIC_DVD_BIDPEROFFER1_202311010000.parquet/part.102.parquet
2025-03-19 18:55:10,823 - WARNING - Empty DataFrame will be written.
2025-03-19 18:55:10,935 - INFO - Read 0 rows from s3://thesis--ec331-s3/FCAS_RAISE1SEC-Volume-Bids/PUBLIC_DVD_BIDPEROFFER1_202311010000.parquet/part.1020.parquet
2025-03-19 18:55:10,943 - INFO - No duplicates found in s3://thesis--ec331-s3/FCAS_RAISE1SEC-Volume-Bids/PUBLIC_DVD_BIDPEROFFER1_202311010000.parquet/part.1020.parquet
2025-03-19 18:55:10,944 - WARNING - Empty DataFrame will be written.
2025-03-19 18:55:11,017 - INFO - Read 0 rows from s3://thesis--ec331-s3/FCAS_RAISE1SEC-Volume-Bids/PUBLIC_DVD_BIDPEROFFER1_202311010000.parquet/part.1021.parquet
2025-03-19 18:55:11,020 - INFO - No duplicates found in s3://thesis--ec331-s3/FCAS_RAISE1SEC-Volume-Bids/PUBLIC_DVD_BIDPEROFFER1_202311010000.parquet/part.1021.parquet
2025-03-19 18:55:11,021 - WARNING - Empty DataFrame will be written.
2025-03-19 18:55:11,039 - INFO - Wrote original 0 rows to s3://thesis--ec331-s3/de-duped-volume-bids/PUBLIC_DVD_BIDPEROFFER1_202311010000.parquet/part.1019.parquet
2025-03-19 18:55:11,131 - INFO - Processing: s3://thesis--ec331-s3/FCAS_RAISE1SEC-Volume-Bids/PUBLIC_DVD_BIDPEROFFER1_202311010000.parquet/part.1022.parquet
2025-03-19 18:55:11,133 - INFO - Target: s3://thesis--ec331-s3/de-duped-volume-bids/PUBLIC_DVD_BIDPEROFFER1_202311010000.parquet/part.1022.parquet
2025-03-19 18:55:11,135 - INFO - Wrote original 0 rows to s3://thesis--ec331-s3/de-duped-volume-bids/PUBLIC_DVD_BIDPEROFFER1_202311010000.parquet/part.102.parquet
2025-03-19 18:55:11,233 - INFO - Processing: s3://thesis--ec331-s3/FCAS_RAISE1SEC-Volume-Bids/PUBLIC_DVD_BIDPEROFFER1_202311010000.parquet/part.1023.parquet
2025-03-19 18:55:11,235 - INFO - Target: s3://thesis--ec331-s3/de-duped-volume-bids/PUBLIC_DVD_BIDPEROFFER1_202311010000.parquet/part.1023.parquet
2025-03-19 18:55:11,399 - INFO - Wrote original 0 rows to s3://thesis--ec331-s3/de-duped-volume-bids/PUBLIC_DVD_BIDPEROFFER1_202311010000.parquet/part.1020.parquet
2025-03-19 18:55:11,492 - INFO - Processing: s3://thesis--ec331-s3/FCAS_RAISE1SEC-Volume-Bids/PUBLIC_DVD_BIDPEROFFER1_202311010000.parquet/part.1024.parquet
2025-03-19 18:55:11,500 - INFO - Target: s3://thesis--ec331-s3/de-duped-volume-bids/PUBLIC_DVD_BIDPEROFFER1_202311010000.parquet/part.1024.parquet
2025-03-19 18:55:11,550 - INFO - Wrote original 0 rows to s3://thesis--ec331-s3/de-duped-volume-bids/PUBLIC_DVD_BIDPEROFFER1_202311010000.parquet/part.1021.parquet
2025-03-19 18:55:11,649 - INFO - Processing: s3://thesis--ec331-s3/FCAS_RAISE1SEC-Volume-Bids/PUBLIC_DVD_BIDPEROFFER1_202311010000.parquet/part.1025.parquet
2025-03-19 18:55:11,654 - INFO - Target: s3://thesis--ec331-s3/de-duped-volume-bids/PUBLIC_DVD_BIDPEROFFER1_202311010000.parquet/part.1025.parquet
2025-03-19 18:55:11,685 - INFO - Read 0 rows from s3://thesis--ec331-s3/FCAS_RAISE1SEC-Volume-Bids/PUBLIC_DVD_BIDPEROFFER1_202311010000.parquet/part.1022.parquet
2025-03-19 18:55:11,692 - INFO - Read 0 rows from s3://thesis--ec331-s3/FCAS_RAISE1SEC-Volume-Bids/PUBLIC_DVD_BIDPEROFFER1_202311010000.parquet/part.1023.parquet
2025-03-19 18:55:11,695 - INFO - No duplicates found in s3://thesis--ec331-s3/FCAS_RAISE1SEC-Volume-Bids/PUBLIC_DVD_BIDPEROFFER1_202311010000.parquet/part.1022.parquet
2025-03-19 18:55:11,697 - INFO - No duplicates found in s3://thesis--ec331-s3/FCAS_RAISE1SEC-Volume-Bids/PUBLIC_DVD_BIDPEROFFER1_202311010000.parquet/part.1023.parquet
2025-03-19 18:55:11,698 - WARNING - Empty DataFrame will be written.
2025-03-19 18:55:11,700 - WARNING - Empty DataFrame will be written.
2025-03-19 18:55:11,835 - INFO - Read 0 rows from s3://thesis--ec331-s3/FCAS_RAISE1SEC-Volume-Bids/PUBLIC_DVD_BIDPEROFFER1_202311010000.parquet/part.1024.parquet
2025-03-19 18:55:11,842 - INFO - No duplicates found in s3://thesis--ec331-s3/FCAS_RAISE1SEC-Volume-Bids/PUBLIC_DVD_BIDPEROFFER1_202311010000.parquet/part.1024.parquet
2025-03-19 18:55:11,844 - WARNING - Empty DataFrame will be written.
2025-03-19 18:55:11,929 - INFO - Read 0 rows from s3://thesis--ec331-s3/FCAS_RAISE1SEC-Volume-Bids/PUBLIC_DVD_BIDPEROFFER1_202311010000.parquet/part.1025.parquet
2025-03-19 18:55:11,933 - INFO - No duplicates found in s3://thesis--ec331-s3/FCAS_RAISE1SEC-Volume-Bids/PUBLIC_DVD_BIDPEROFFER1_202311010000.parquet/part.1025.parquet
2025-03-19 18:55:11,934 - WARNING - Empty DataFrame will be written.
2025-03-19 18:55:11,959 - INFO - Wrote original 0 rows to s3://thesis--ec331-s3/de-duped-volume-bids/PUBLIC_DVD_BIDPEROFFER1_202311010000.parquet/part.1023.parquet
2025-03-19 18:55:12,061 - INFO - Processing: s3://thesis--ec331-s3/FCAS_RAISE1SEC-Volume-Bids/PUBLIC_DVD_BIDPEROFFER1_202311010000.parquet/part.1026.parquet
2025-03-19 18:55:12,064 - INFO - Wrote original 0 rows to s3://thesis--ec331-s3/de-duped-volume-bids/PUBLIC_DVD_BIDPEROFFER1_202311010000.parquet/part.1022.parquet
2025-03-19 18:55:12,066 - INFO - Target: s3://thesis--ec331-s3/de-duped-volume-bids/PUBLIC_DVD_BIDPEROFFER1_202311010000.parquet/part.1026.parquet
2025-03-19 18:55:12,153 - INFO - Processing: s3://thesis--ec331-s3/FCAS_RAISE1SEC-Volume-Bids/PUBLIC_DVD_BIDPEROFFER1_202311010000.parquet/part.1027.parquet
2025-03-19 18:55:12,159 - INFO - Target: s3://thesis--ec331-s3/de-duped-volume-bids/PUBLIC_DVD_BIDPEROFFER1_202311010000.parquet/part.1027.parquet
2025-03-19 18:55:12,224 - INFO - Wrote original 0 rows to s3://thesis--ec331-s3/de-duped-volume-bids/PUBLIC_DVD_BIDPEROFFER1_202311010000.parquet/part.1024.parquet
2025-03-19 18:55:12,320 - INFO - Processing: s3://thesis--ec331-s3/FCAS_RAISE1SEC-Volume-Bids/PUBLIC_DVD_BIDPEROFFER1_202311010000.parquet/part.1028.parquet
2025-03-19 18:55:12,322 - INFO - Target: s3://thesis--ec331-s3/de-duped-volume-bids/PUBLIC_DVD_BIDPEROFFER1_202311010000.parquet/part.1028.parquet
2025-03-19 18:55:12,493 - INFO - Wrote original 0 rows to s3://thesis--ec331-s3/de-duped-volume-bids/PUBLIC_DVD_BIDPEROFFER1_202311010000.parquet/part.1025.parquet
2025-03-19 18:55:12,590 - INFO - Processing: s3://thesis--ec331-s3/FCAS_RAISE1SEC-Volume-Bids/PUBLIC_DVD_BIDPEROFFER1_202311010000.parquet/part.1029.parquet
2025-03-19 18:55:12,595 - INFO - Target: s3://thesis--ec331-s3/de-duped-volume-bids/PUBLIC_DVD_BIDPEROFFER1_202311010000.parquet/part.1029.parquet
2025-03-19 18:55:12,619 - INFO - Read 0 rows from s3://thesis--ec331-s3/FCAS_RAISE1SEC-Volume-Bids/PUBLIC_DVD_BIDPEROFFER1_202311010000.parquet/part.1026.parquet
2025-03-19 18:55:12,627 - INFO - Read 0 rows from s3://thesis--ec331-s3/FCAS_RAISE1SEC-Volume-Bids/PUBLIC_DVD_BIDPEROFFER1_202311010000.parquet/part.1027.parquet
2025-03-19 18:55:12,629 - INFO - No duplicates found in s3://thesis--ec331-s3/FCAS_RAISE1SEC-Volume-Bids/PUBLIC_DVD_BIDPEROFFER1_202311010000.parquet/part.1026.parquet
2025-03-19 18:55:12,637 - INFO - No duplicates found in s3://thesis--ec331-s3/FCAS_RAISE1SEC-Volume-Bids/PUBLIC_DVD_BIDPEROFFER1_202311010000.parquet/part.1027.parquet
2025-03-19 18:55:12,639 - WARNING - Empty DataFrame will be written.
2025-03-19 18:55:12,639 - WARNING - Empty DataFrame will be written.
2025-03-19 18:55:12,724 - INFO - Read 0 rows from s3://thesis--ec331-s3/FCAS_RAISE1SEC-Volume-Bids/PUBLIC_DVD_BIDPEROFFER1_202311010000.parquet/part.1028.parquet
2025-03-19 18:55:12,726 - INFO - No duplicates found in s3://thesis--ec331-s3/FCAS_RAISE1SEC-Volume-Bids/PUBLIC_DVD_BIDPEROFFER1_202311010000.parquet/part.1028.parquet
2025-03-19 18:55:12,727 - WARNING - Empty DataFrame will be written.
2025-03-19 18:55:12,851 - INFO - Read 0 rows from s3://thesis--ec331-s3/FCAS_RAISE1SEC-Volume-Bids/PUBLIC_DVD_BIDPEROFFER1_202311010000.parquet/part.1029.parquet
2025-03-19 18:55:12,854 - INFO - No duplicates found in s3://thesis--ec331-s3/FCAS_RAISE1SEC-Volume-Bids/PUBLIC_DVD_BIDPEROFFER1_202311010000.parquet/part.1029.parquet
2025-03-19 18:55:12,855 - WARNING - Empty DataFrame will be written.
2025-03-19 18:55:12,889 - INFO - Wrote original 0 rows to s3://thesis--ec331-s3/de-duped-volume-bids/PUBLIC_DVD_BIDPEROFFER1_202311010000.parquet/part.1027.parquet
2025-03-19 18:55:12,980 - INFO - Processing: s3://thesis--ec331-s3/FCAS_RAISE1SEC-Volume-Bids/PUBLIC_DVD_BIDPEROFFER1_202311010000.parquet/part.103.parquet
2025-03-19 18:55:12,984 - INFO - Target: s3://thesis--ec331-s3/de-duped-volume-bids/PUBLIC_DVD_BIDPEROFFER1_202311010000.parquet/part.103.parquet
2025-03-19 18:55:12,986 - INFO - Wrote original 0 rows to s3://thesis--ec331-s3/de-duped-volume-bids/PUBLIC_DVD_BIDPEROFFER1_202311010000.parquet/part.1026.parquet
2025-03-19 18:55:13,080 - INFO - Processing: s3://thesis--ec331-s3/FCAS_RAISE1SEC-Volume-Bids/PUBLIC_DVD_BIDPEROFFER1_202311010000.parquet/part.1030.parquet
2025-03-19 18:55:13,084 - INFO - Wrote original 0 rows to s3://thesis--ec331-s3/de-duped-volume-bids/PUBLIC_DVD_BIDPEROFFER1_202311010000.parquet/part.1028.parquet
2025-03-19 18:55:13,085 - INFO - Target: s3://thesis--ec331-s3/de-duped-volume-bids/PUBLIC_DVD_BIDPEROFFER1_202311010000.parquet/part.1030.parquet
2025-03-19 18:55:13,177 - INFO - Processing: s3://thesis--ec331-s3/FCAS_RAISE1SEC-Volume-Bids/PUBLIC_DVD_BIDPEROFFER1_202311010000.parquet/part.1031.parquet
2025-03-19 18:55:13,187 - INFO - Target: s3://thesis--ec331-s3/de-duped-volume-bids/PUBLIC_DVD_BIDPEROFFER1_202311010000.parquet/part.1031.parquet
2025-03-19 18:55:13,304 - INFO - Wrote original 0 rows to s3://thesis--ec331-s3/de-duped-volume-bids/PUBLIC_DVD_BIDPEROFFER1_202311010000.parquet/part.1029.parquet
2025-03-19 18:55:13,387 - INFO - Processing: s3://thesis--ec331-s3/FCAS_RAISE1SEC-Volume-Bids/PUBLIC_DVD_BIDPEROFFER1_202311010000.parquet/part.1032.parquet
2025-03-19 18:55:13,394 - INFO - Target: s3://thesis--ec331-s3/de-duped-volume-bids/PUBLIC_DVD_BIDPEROFFER1_202311010000.parquet/part.1032.parquet
2025-03-19 18:55:13,472 - INFO - Read 0 rows from s3://thesis--ec331-s3/FCAS_RAISE1SEC-Volume-Bids/PUBLIC_DVD_BIDPEROFFER1_202311010000.parquet/part.103.parquet
2025-03-19 18:55:13,475 - INFO - No duplicates found in s3://thesis--ec331-s3/FCAS_RAISE1SEC-Volume-Bids/PUBLIC_DVD_BIDPEROFFER1_202311010000.parquet/part.103.parquet
2025-03-19 18:55:13,476 - WARNING - Empty DataFrame will be written.
2025-03-19 18:55:13,549 - INFO - Read 0 rows from s3://thesis--ec331-s3/FCAS_RAISE1SEC-Volume-Bids/PUBLIC_DVD_BIDPEROFFER1_202311010000.parquet/part.1031.parquet
2025-03-19 18:55:13,552 - INFO - No duplicates found in s3://thesis--ec331-s3/FCAS_RAISE1SEC-Volume-Bids/PUBLIC_DVD_BIDPEROFFER1_202311010000.parquet/part.1031.parquet
2025-03-19 18:55:13,554 - WARNING - Empty DataFrame will be written.
2025-03-19 18:55:13,579 - INFO - Read 0 rows from s3://thesis--ec331-s3/FCAS_RAISE1SEC-Volume-Bids/PUBLIC_DVD_BIDPEROFFER1_202311010000.parquet/part.1030.parquet
2025-03-19 18:55:13,582 - INFO - No duplicates found in s3://thesis--ec331-s3/FCAS_RAISE1SEC-Volume-Bids/PUBLIC_DVD_BIDPEROFFER1_202311010000.parquet/part.1030.parquet
2025-03-19 18:55:13,584 - WARNING - Empty DataFrame will be written.
2025-03-19 18:55:13,694 - INFO - Read 0 rows from s3://thesis--ec331-s3/FCAS_RAISE1SEC-Volume-Bids/PUBLIC_DVD_BIDPEROFFER1_202311010000.parquet/part.1032.parquet
2025-03-19 18:55:13,698 - INFO - No duplicates found in s3://thesis--ec331-s3/FCAS_RAISE1SEC-Volume-Bids/PUBLIC_DVD_BIDPEROFFER1_202311010000.parquet/part.1032.parquet
2025-03-19 18:55:13,701 - WARNING - Empty DataFrame will be written.
2025-03-19 18:55:13,715 - INFO - Wrote original 0 rows to s3://thesis--ec331-s3/de-duped-volume-bids/PUBLIC_DVD_BIDPEROFFER1_202311010000.parquet/part.103.parquet
2025-03-19 18:55:13,810 - INFO - Processing: s3://thesis--ec331-s3/FCAS_RAISE1SEC-Volume-Bids/PUBLIC_DVD_BIDPEROFFER1_202311010000.parquet/part.1033.parquet
2025-03-19 18:55:13,813 - INFO - Target: s3://thesis--ec331-s3/de-duped-volume-bids/PUBLIC_DVD_BIDPEROFFER1_202311010000.parquet/part.1033.parquet
2025-03-19 18:55:13,955 - INFO - Wrote original 0 rows to s3://thesis--ec331-s3/de-duped-volume-bids/PUBLIC_DVD_BIDPEROFFER1_202311010000.parquet/part.1031.parquet
2025-03-19 18:55:14,039 - INFO - Processing: s3://thesis--ec331-s3/FCAS_RAISE1SEC-Volume-Bids/PUBLIC_DVD_BIDPEROFFER1_202311010000.parquet/part.1034.parquet
2025-03-19 18:55:14,043 - INFO - Wrote original 0 rows to s3://thesis--ec331-s3/de-duped-volume-bids/PUBLIC_DVD_BIDPEROFFER1_202311010000.parquet/part.1030.parquet
2025-03-19 18:55:14,044 - INFO - Target: s3://thesis--ec331-s3/de-duped-volume-bids/PUBLIC_DVD_BIDPEROFFER1_202311010000.parquet/part.1034.parquet
2025-03-19 18:55:14,124 - INFO - Processing: s3://thesis--ec331-s3/FCAS_RAISE1SEC-Volume-Bids/PUBLIC_DVD_BIDPEROFFER1_202311010000.parquet/part.1035.parquet
2025-03-19 18:55:14,136 - INFO - Target: s3://thesis--ec331-s3/de-duped-volume-bids/PUBLIC_DVD_BIDPEROFFER1_202311010000.parquet/part.1035.parquet
2025-03-19 18:55:14,179 - INFO - Wrote original 0 rows to s3://thesis--ec331-s3/de-duped-volume-bids/PUBLIC_DVD_BIDPEROFFER1_202311010000.parquet/part.1032.parquet
2025-03-19 18:55:14,264 - INFO - Processing: s3://thesis--ec331-s3/FCAS_RAISE1SEC-Volume-Bids/PUBLIC_DVD_BIDPEROFFER1_202311010000.parquet/part.1036.parquet
2025-03-19 18:55:14,267 - INFO - Target: s3://thesis--ec331-s3/de-duped-volume-bids/PUBLIC_DVD_BIDPEROFFER1_202311010000.parquet/part.1036.parquet
2025-03-19 18:55:14,302 - INFO - Read 0 rows from s3://thesis--ec331-s3/FCAS_RAISE1SEC-Volume-Bids/PUBLIC_DVD_BIDPEROFFER1_202311010000.parquet/part.1033.parquet
2025-03-19 18:55:14,305 - INFO - No duplicates found in s3://thesis--ec331-s3/FCAS_RAISE1SEC-Volume-Bids/PUBLIC_DVD_BIDPEROFFER1_202311010000.parquet/part.1033.parquet
2025-03-19 18:55:14,306 - WARNING - Empty DataFrame will be written.
2025-03-19 18:55:14,469 - INFO - Read 0 rows from s3://thesis--ec331-s3/FCAS_RAISE1SEC-Volume-Bids/PUBLIC_DVD_BIDPEROFFER1_202311010000.parquet/part.1034.parquet
2025-03-19 18:55:14,472 - INFO - No duplicates found in s3://thesis--ec331-s3/FCAS_RAISE1SEC-Volume-Bids/PUBLIC_DVD_BIDPEROFFER1_202311010000.parquet/part.1034.parquet
2025-03-19 18:55:14,475 - WARNING - Empty DataFrame will be written.
2025-03-19 18:55:14,511 - INFO - Read 0 rows from s3://thesis--ec331-s3/FCAS_RAISE1SEC-Volume-Bids/PUBLIC_DVD_BIDPEROFFER1_202311010000.parquet/part.1035.parquet
2025-03-19 18:55:14,514 - INFO - No duplicates found in s3://thesis--ec331-s3/FCAS_RAISE1SEC-Volume-Bids/PUBLIC_DVD_BIDPEROFFER1_202311010000.parquet/part.1035.parquet
2025-03-19 18:55:14,515 - WARNING - Empty DataFrame will be written.
2025-03-19 18:55:14,547 - INFO - Read 0 rows from s3://thesis--ec331-s3/FCAS_RAISE1SEC-Volume-Bids/PUBLIC_DVD_BIDPEROFFER1_202311010000.parquet/part.1036.parquet
2025-03-19 18:55:14,550 - INFO - No duplicates found in s3://thesis--ec331-s3/FCAS_RAISE1SEC-Volume-Bids/PUBLIC_DVD_BIDPEROFFER1_202311010000.parquet/part.1036.parquet
2025-03-19 18:55:14,553 - INFO - Wrote original 0 rows to s3://thesis--ec331-s3/de-duped-volume-bids/PUBLIC_DVD_BIDPEROFFER1_202311010000.parquet/part.1033.parquet
2025-03-19 18:55:14,554 - WARNING - Empty DataFrame will be written.
2025-03-19 18:55:14,642 - INFO - Processing: s3://thesis--ec331-s3/FCAS_RAISE1SEC-Volume-Bids/PUBLIC_DVD_BIDPEROFFER1_202311010000.parquet/part.1037.parquet
2025-03-19 18:55:14,657 - INFO - Target: s3://thesis--ec331-s3/de-duped-volume-bids/PUBLIC_DVD_BIDPEROFFER1_202311010000.parquet/part.1037.parquet
2025-03-19 18:55:14,820 - INFO - Wrote original 0 rows to s3://thesis--ec331-s3/de-duped-volume-bids/PUBLIC_DVD_BIDPEROFFER1_202311010000.parquet/part.1034.parquet
2025-03-19 18:55:14,906 - INFO - Processing: s3://thesis--ec331-s3/FCAS_RAISE1SEC-Volume-Bids/PUBLIC_DVD_BIDPEROFFER1_202311010000.parquet/part.1038.parquet
2025-03-19 18:55:14,908 - INFO - Target: s3://thesis--ec331-s3/de-duped-volume-bids/PUBLIC_DVD_BIDPEROFFER1_202311010000.parquet/part.1038.parquet
2025-03-19 18:55:14,974 - INFO - Wrote original 0 rows to s3://thesis--ec331-s3/de-duped-volume-bids/PUBLIC_DVD_BIDPEROFFER1_202311010000.parquet/part.1036.parquet
2025-03-19 18:55:15,060 - INFO - Wrote original 0 rows to s3://thesis--ec331-s3/de-duped-volume-bids/PUBLIC_DVD_BIDPEROFFER1_202311010000.parquet/part.1035.parquet
2025-03-19 18:55:15,062 - INFO - Processing: s3://thesis--ec331-s3/FCAS_RAISE1SEC-Volume-Bids/PUBLIC_DVD_BIDPEROFFER1_202311010000.parquet/part.1039.parquet
2025-03-19 18:55:15,145 - INFO - Processing: s3://thesis--ec331-s3/FCAS_RAISE1SEC-Volume-Bids/PUBLIC_DVD_BIDPEROFFER1_202311010000.parquet/part.104.parquet
2025-03-19 18:55:15,146 - INFO - Target: s3://thesis--ec331-s3/de-duped-volume-bids/PUBLIC_DVD_BIDPEROFFER1_202311010000.parquet/part.1039.parquet
2025-03-19 18:55:15,153 - INFO - Target: s3://thesis--ec331-s3/de-duped-volume-bids/PUBLIC_DVD_BIDPEROFFER1_202311010000.parquet/part.104.parquet
2025-03-19 18:55:15,187 - INFO - Read 0 rows from s3://thesis--ec331-s3/FCAS_RAISE1SEC-Volume-Bids/PUBLIC_DVD_BIDPEROFFER1_202311010000.parquet/part.1037.parquet
2025-03-19 18:55:15,190 - INFO - No duplicates found in s3://thesis--ec331-s3/FCAS_RAISE1SEC-Volume-Bids/PUBLIC_DVD_BIDPEROFFER1_202311010000.parquet/part.1037.parquet
2025-03-19 18:55:15,191 - WARNING - Empty DataFrame will be written.
2025-03-19 18:55:15,313 - INFO - Read 0 rows from s3://thesis--ec331-s3/FCAS_RAISE1SEC-Volume-Bids/PUBLIC_DVD_BIDPEROFFER1_202311010000.parquet/part.1038.parquet
2025-03-19 18:55:15,316 - INFO - No duplicates found in s3://thesis--ec331-s3/FCAS_RAISE1SEC-Volume-Bids/PUBLIC_DVD_BIDPEROFFER1_202311010000.parquet/part.1038.parquet
2025-03-19 18:55:15,317 - WARNING - Empty DataFrame will be written.
2025-03-19 18:55:15,419 - INFO - Wrote original 0 rows to s3://thesis--ec331-s3/de-duped-volume-bids/PUBLIC_DVD_BIDPEROFFER1_202311010000.parquet/part.1037.parquet
2025-03-19 18:55:15,505 - INFO - Processing: s3://thesis--ec331-s3/FCAS_RAISE1SEC-Volume-Bids/PUBLIC_DVD_BIDPEROFFER1_202311010000.parquet/part.1040.parquet
2025-03-19 18:55:15,509 - INFO - Target: s3://thesis--ec331-s3/de-duped-volume-bids/PUBLIC_DVD_BIDPEROFFER1_202311010000.parquet/part.1040.parquet
2025-03-19 18:55:15,539 - INFO - Read 0 rows from s3://thesis--ec331-s3/FCAS_RAISE1SEC-Volume-Bids/PUBLIC_DVD_BIDPEROFFER1_202311010000.parquet/part.104.parquet
2025-03-19 18:55:15,541 - INFO - Read 0 rows from s3://thesis--ec331-s3/FCAS_RAISE1SEC-Volume-Bids/PUBLIC_DVD_BIDPEROFFER1_202311010000.parquet/part.1039.parquet
2025-03-19 18:55:15,543 - INFO - No duplicates found in s3://thesis--ec331-s3/FCAS_RAISE1SEC-Volume-Bids/PUBLIC_DVD_BIDPEROFFER1_202311010000.parquet/part.104.parquet
2025-03-19 18:55:15,546 - INFO - No duplicates found in s3://thesis--ec331-s3/FCAS_RAISE1SEC-Volume-Bids/PUBLIC_DVD_BIDPEROFFER1_202311010000.parquet/part.1039.parquet
2025-03-19 18:55:15,547 - WARNING - Empty DataFrame will be written.
2025-03-19 18:55:15,547 - WARNING - Empty DataFrame will be written.
2025-03-19 18:55:15,598 - INFO - Wrote original 0 rows to s3://thesis--ec331-s3/de-duped-volume-bids/PUBLIC_DVD_BIDPEROFFER1_202311010000.parquet/part.1038.parquet
2025-03-19 18:55:15,685 - INFO - Processing: s3://thesis--ec331-s3/FCAS_RAISE1SEC-Volume-Bids/PUBLIC_DVD_BIDPEROFFER1_202311010000.parquet/part.1041.parquet
2025-03-19 18:55:15,686 - INFO - Target: s3://thesis--ec331-s3/de-duped-volume-bids/PUBLIC_DVD_BIDPEROFFER1_202311010000.parquet/part.1041.parquet
2025-03-19 18:55:15,860 - INFO - Wrote original 0 rows to s3://thesis--ec331-s3/de-duped-volume-bids/PUBLIC_DVD_BIDPEROFFER1_202311010000.parquet/part.104.parquet
2025-03-19 18:55:15,862 - INFO - Read 0 rows from s3://thesis--ec331-s3/FCAS_RAISE1SEC-Volume-Bids/PUBLIC_DVD_BIDPEROFFER1_202311010000.parquet/part.1040.parquet
2025-03-19 18:55:15,865 - INFO - Wrote original 0 rows to s3://thesis--ec331-s3/de-duped-volume-bids/PUBLIC_DVD_BIDPEROFFER1_202311010000.parquet/part.1039.parquet
2025-03-19 18:55:15,948 - INFO - Processing: s3://thesis--ec331-s3/FCAS_RAISE1SEC-Volume-Bids/PUBLIC_DVD_BIDPEROFFER1_202311010000.parquet/part.1042.parquet
2025-03-19 18:55:15,951 - INFO - No duplicates found in s3://thesis--ec331-s3/FCAS_RAISE1SEC-Volume-Bids/PUBLIC_DVD_BIDPEROFFER1_202311010000.parquet/part.1040.parquet
2025-03-19 18:55:16,035 - INFO - Processing: s3://thesis--ec331-s3/FCAS_RAISE1SEC-Volume-Bids/PUBLIC_DVD_BIDPEROFFER1_202311010000.parquet/part.1043.parquet
2025-03-19 18:55:16,041 - INFO - Target: s3://thesis--ec331-s3/de-duped-volume-bids/PUBLIC_DVD_BIDPEROFFER1_202311010000.parquet/part.1042.parquet
2025-03-19 18:55:16,042 - WARNING - Empty DataFrame will be written.
2025-03-19 18:55:16,043 - INFO - Target: s3://thesis--ec331-s3/de-duped-volume-bids/PUBLIC_DVD_BIDPEROFFER1_202311010000.parquet/part.1043.parquet
2025-03-19 18:55:16,095 - INFO - Read 0 rows from s3://thesis--ec331-s3/FCAS_RAISE1SEC-Volume-Bids/PUBLIC_DVD_BIDPEROFFER1_202311010000.parquet/part.1041.parquet
2025-03-19 18:55:16,098 - INFO - No duplicates found in s3://thesis--ec331-s3/FCAS_RAISE1SEC-Volume-Bids/PUBLIC_DVD_BIDPEROFFER1_202311010000.parquet/part.1041.parquet
2025-03-19 18:55:16,099 - WARNING - Empty DataFrame will be written.
2025-03-19 18:55:16,318 - INFO - Read 0 rows from s3://thesis--ec331-s3/FCAS_RAISE1SEC-Volume-Bids/PUBLIC_DVD_BIDPEROFFER1_202311010000.parquet/part.1042.parquet
2025-03-19 18:55:16,323 - INFO - Wrote original 0 rows to s3://thesis--ec331-s3/de-duped-volume-bids/PUBLIC_DVD_BIDPEROFFER1_202311010000.parquet/part.1040.parquet
2025-03-19 18:55:16,325 - INFO - No duplicates found in s3://thesis--ec331-s3/FCAS_RAISE1SEC-Volume-Bids/PUBLIC_DVD_BIDPEROFFER1_202311010000.parquet/part.1042.parquet
2025-03-19 18:55:16,411 - INFO - Processing: s3://thesis--ec331-s3/FCAS_RAISE1SEC-Volume-Bids/PUBLIC_DVD_BIDPEROFFER1_202311010000.parquet/part.1044.parquet
2025-03-19 18:55:16,416 - INFO - Wrote original 0 rows to s3://thesis--ec331-s3/de-duped-volume-bids/PUBLIC_DVD_BIDPEROFFER1_202311010000.parquet/part.1041.parquet
2025-03-19 18:55:16,417 - WARNING - Empty DataFrame will be written.
2025-03-19 18:55:16,418 - INFO - Target: s3://thesis--ec331-s3/de-duped-volume-bids/PUBLIC_DVD_BIDPEROFFER1_202311010000.parquet/part.1044.parquet
2025-03-19 18:55:16,502 - INFO - Processing: s3://thesis--ec331-s3/FCAS_RAISE1SEC-Volume-Bids/PUBLIC_DVD_BIDPEROFFER1_202311010000.parquet/part.1045.parquet
2025-03-19 18:55:16,525 - INFO - Target: s3://thesis--ec331-s3/de-duped-volume-bids/PUBLIC_DVD_BIDPEROFFER1_202311010000.parquet/part.1045.parquet
2025-03-19 18:55:16,552 - INFO - Read 0 rows from s3://thesis--ec331-s3/FCAS_RAISE1SEC-Volume-Bids/PUBLIC_DVD_BIDPEROFFER1_202311010000.parquet/part.1043.parquet
2025-03-19 18:55:16,556 - INFO - No duplicates found in s3://thesis--ec331-s3/FCAS_RAISE1SEC-Volume-Bids/PUBLIC_DVD_BIDPEROFFER1_202311010000.parquet/part.1043.parquet
2025-03-19 18:55:16,557 - WARNING - Empty DataFrame will be written.
2025-03-19 18:55:16,790 - INFO - Read 0 rows from s3://thesis--ec331-s3/FCAS_RAISE1SEC-Volume-Bids/PUBLIC_DVD_BIDPEROFFER1_202311010000.parquet/part.1044.parquet
2025-03-19 18:55:16,793 - INFO - No duplicates found in s3://thesis--ec331-s3/FCAS_RAISE1SEC-Volume-Bids/PUBLIC_DVD_BIDPEROFFER1_202311010000.parquet/part.1044.parquet
2025-03-19 18:55:16,798 - WARNING - Empty DataFrame will be written.
2025-03-19 18:55:16,819 - INFO - Wrote original 0 rows to s3://thesis--ec331-s3/de-duped-volume-bids/PUBLIC_DVD_BIDPEROFFER1_202311010000.parquet/part.1043.parquet
2025-03-19 18:55:16,826 - INFO - Read 0 rows from s3://thesis--ec331-s3/FCAS_RAISE1SEC-Volume-Bids/PUBLIC_DVD_BIDPEROFFER1_202311010000.parquet/part.1045.parquet
2025-03-19 18:55:16,911 - INFO - Processing: s3://thesis--ec331-s3/FCAS_RAISE1SEC-Volume-Bids/PUBLIC_DVD_BIDPEROFFER1_202311010000.parquet/part.1046.parquet
2025-03-19 18:55:16,914 - INFO - Wrote original 0 rows to s3://thesis--ec331-s3/de-duped-volume-bids/PUBLIC_DVD_BIDPEROFFER1_202311010000.parquet/part.1042.parquet
2025-03-19 18:55:16,917 - INFO - No duplicates found in s3://thesis--ec331-s3/FCAS_RAISE1SEC-Volume-Bids/PUBLIC_DVD_BIDPEROFFER1_202311010000.parquet/part.1045.parquet
2025-03-19 18:55:16,918 - INFO - Target: s3://thesis--ec331-s3/de-duped-volume-bids/PUBLIC_DVD_BIDPEROFFER1_202311010000.parquet/part.1046.parquet
2025-03-19 18:55:16,999 - INFO - Processing: s3://thesis--ec331-s3/FCAS_RAISE1SEC-Volume-Bids/PUBLIC_DVD_BIDPEROFFER1_202311010000.parquet/part.1047.parquet
2025-03-19 18:55:17,000 - WARNING - Empty DataFrame will be written.
2025-03-19 18:55:17,012 - INFO - Target: s3://thesis--ec331-s3/de-duped-volume-bids/PUBLIC_DVD_BIDPEROFFER1_202311010000.parquet/part.1047.parquet
2025-03-19 18:55:17,285 - INFO - Wrote original 0 rows to s3://thesis--ec331-s3/de-duped-volume-bids/PUBLIC_DVD_BIDPEROFFER1_202311010000.parquet/part.1045.parquet
2025-03-19 18:55:17,367 - INFO - Processing: s3://thesis--ec331-s3/FCAS_RAISE1SEC-Volume-Bids/PUBLIC_DVD_BIDPEROFFER1_202311010000.parquet/part.1048.parquet
2025-03-19 18:55:17,372 - INFO - Wrote original 0 rows to s3://thesis--ec331-s3/de-duped-volume-bids/PUBLIC_DVD_BIDPEROFFER1_202311010000.parquet/part.1044.parquet
2025-03-19 18:55:17,376 - INFO - Target: s3://thesis--ec331-s3/de-duped-volume-bids/PUBLIC_DVD_BIDPEROFFER1_202311010000.parquet/part.1048.parquet
2025-03-19 18:55:17,458 - INFO - Processing: s3://thesis--ec331-s3/FCAS_RAISE1SEC-Volume-Bids/PUBLIC_DVD_BIDPEROFFER1_202311010000.parquet/part.1049.parquet
2025-03-19 18:55:17,477 - INFO - Read 0 rows from s3://thesis--ec331-s3/FCAS_RAISE1SEC-Volume-Bids/PUBLIC_DVD_BIDPEROFFER1_202311010000.parquet/part.1046.parquet
2025-03-19 18:55:17,478 - INFO - Target: s3://thesis--ec331-s3/de-duped-volume-bids/PUBLIC_DVD_BIDPEROFFER1_202311010000.parquet/part.1049.parquet
2025-03-19 18:55:17,481 - INFO - No duplicates found in s3://thesis--ec331-s3/FCAS_RAISE1SEC-Volume-Bids/PUBLIC_DVD_BIDPEROFFER1_202311010000.parquet/part.1046.parquet
2025-03-19 18:55:17,493 - WARNING - Empty DataFrame will be written.
2025-03-19 18:55:17,519 - INFO - Read 0 rows from s3://thesis--ec331-s3/FCAS_RAISE1SEC-Volume-Bids/PUBLIC_DVD_BIDPEROFFER1_202311010000.parquet/part.1047.parquet
2025-03-19 18:55:17,522 - INFO - No duplicates found in s3://thesis--ec331-s3/FCAS_RAISE1SEC-Volume-Bids/PUBLIC_DVD_BIDPEROFFER1_202311010000.parquet/part.1047.parquet
2025-03-19 18:55:17,523 - WARNING - Empty DataFrame will be written.
2025-03-19 18:55:17,742 - INFO - Read 0 rows from s3://thesis--ec331-s3/FCAS_RAISE1SEC-Volume-Bids/PUBLIC_DVD_BIDPEROFFER1_202311010000.parquet/part.1049.parquet
2025-03-19 18:55:17,745 - INFO - No duplicates found in s3://thesis--ec331-s3/FCAS_RAISE1SEC-Volume-Bids/PUBLIC_DVD_BIDPEROFFER1_202311010000.parquet/part.1049.parquet
2025-03-19 18:55:17,746 - WARNING - Empty DataFrame will be written.
2025-03-19 18:55:17,770 - INFO - Wrote original 0 rows to s3://thesis--ec331-s3/de-duped-volume-bids/PUBLIC_DVD_BIDPEROFFER1_202311010000.parquet/part.1047.parquet
2025-03-19 18:55:17,778 - INFO - Read 0 rows from s3://thesis--ec331-s3/FCAS_RAISE1SEC-Volume-Bids/PUBLIC_DVD_BIDPEROFFER1_202311010000.parquet/part.1048.parquet
2025-03-19 18:55:17,864 - INFO - Processing: s3://thesis--ec331-s3/FCAS_RAISE1SEC-Volume-Bids/PUBLIC_DVD_BIDPEROFFER1_202311010000.parquet/part.105.parquet
2025-03-19 18:55:17,867 - INFO - Wrote original 0 rows to s3://thesis--ec331-s3/de-duped-volume-bids/PUBLIC_DVD_BIDPEROFFER1_202311010000.parquet/part.1046.parquet
2025-03-19 18:55:17,870 - INFO - No duplicates found in s3://thesis--ec331-s3/FCAS_RAISE1SEC-Volume-Bids/PUBLIC_DVD_BIDPEROFFER1_202311010000.parquet/part.1048.parquet
2025-03-19 18:55:17,871 - INFO - Target: s3://thesis--ec331-s3/de-duped-volume-bids/PUBLIC_DVD_BIDPEROFFER1_202311010000.parquet/part.105.parquet
2025-03-19 18:55:17,953 - INFO - Processing: s3://thesis--ec331-s3/FCAS_RAISE1SEC-Volume-Bids/PUBLIC_DVD_BIDPEROFFER1_202311010000.parquet/part.1050.parquet
2025-03-19 18:55:17,954 - WARNING - Empty DataFrame will be written.
2025-03-19 18:55:17,959 - INFO - Target: s3://thesis--ec331-s3/de-duped-volume-bids/PUBLIC_DVD_BIDPEROFFER1_202311010000.parquet/part.1050.parquet
2025-03-19 18:55:18,239 - INFO - Wrote original 0 rows to s3://thesis--ec331-s3/de-duped-volume-bids/PUBLIC_DVD_BIDPEROFFER1_202311010000.parquet/part.1049.parquet
2025-03-19 18:55:18,332 - INFO - Processing: s3://thesis--ec331-s3/FCAS_RAISE1SEC-Volume-Bids/PUBLIC_DVD_BIDPEROFFER1_202311010000.parquet/part.1051.parquet
2025-03-19 18:55:18,333 - INFO - Target: s3://thesis--ec331-s3/de-duped-volume-bids/PUBLIC_DVD_BIDPEROFFER1_202311010000.parquet/part.1051.parquet
2025-03-19 18:55:18,336 - INFO - Wrote original 0 rows to s3://thesis--ec331-s3/de-duped-volume-bids/PUBLIC_DVD_BIDPEROFFER1_202311010000.parquet/part.1048.parquet
2025-03-19 18:55:18,429 - INFO - Processing: s3://thesis--ec331-s3/FCAS_RAISE1SEC-Volume-Bids/PUBLIC_DVD_BIDPEROFFER1_202311010000.parquet/part.1052.parquet
2025-03-19 18:55:18,432 - INFO - Target: s3://thesis--ec331-s3/de-duped-volume-bids/PUBLIC_DVD_BIDPEROFFER1_202311010000.parquet/part.1052.parquet
2025-03-19 18:55:18,456 - INFO - Read 0 rows from s3://thesis--ec331-s3/FCAS_RAISE1SEC-Volume-Bids/PUBLIC_DVD_BIDPEROFFER1_202311010000.parquet/part.105.parquet
2025-03-19 18:55:18,459 - INFO - No duplicates found in s3://thesis--ec331-s3/FCAS_RAISE1SEC-Volume-Bids/PUBLIC_DVD_BIDPEROFFER1_202311010000.parquet/part.105.parquet
2025-03-19 18:55:18,460 - WARNING - Empty DataFrame will be written.
2025-03-19 18:55:18,479 - INFO - Read 0 rows from s3://thesis--ec331-s3/FCAS_RAISE1SEC-Volume-Bids/PUBLIC_DVD_BIDPEROFFER1_202311010000.parquet/part.1050.parquet
2025-03-19 18:55:18,485 - INFO - No duplicates found in s3://thesis--ec331-s3/FCAS_RAISE1SEC-Volume-Bids/PUBLIC_DVD_BIDPEROFFER1_202311010000.parquet/part.1050.parquet
2025-03-19 18:55:18,487 - WARNING - Empty DataFrame will be written.
2025-03-19 18:55:18,706 - INFO - Read 0 rows from s3://thesis--ec331-s3/FCAS_RAISE1SEC-Volume-Bids/PUBLIC_DVD_BIDPEROFFER1_202311010000.parquet/part.1052.parquet
2025-03-19 18:55:18,709 - INFO - No duplicates found in s3://thesis--ec331-s3/FCAS_RAISE1SEC-Volume-Bids/PUBLIC_DVD_BIDPEROFFER1_202311010000.parquet/part.1052.parquet
2025-03-19 18:55:18,710 - WARNING - Empty DataFrame will be written.
2025-03-19 18:55:18,735 - INFO - Read 0 rows from s3://thesis--ec331-s3/FCAS_RAISE1SEC-Volume-Bids/PUBLIC_DVD_BIDPEROFFER1_202311010000.parquet/part.1051.parquet
2025-03-19 18:55:18,739 - INFO - No duplicates found in s3://thesis--ec331-s3/FCAS_RAISE1SEC-Volume-Bids/PUBLIC_DVD_BIDPEROFFER1_202311010000.parquet/part.1051.parquet
2025-03-19 18:55:18,741 - INFO - Wrote original 0 rows to s3://thesis--ec331-s3/de-duped-volume-bids/PUBLIC_DVD_BIDPEROFFER1_202311010000.parquet/part.1050.parquet
2025-03-19 18:55:18,742 - WARNING - Empty DataFrame will be written.
2025-03-19 18:55:18,827 - INFO - Processing: s3://thesis--ec331-s3/FCAS_RAISE1SEC-Volume-Bids/PUBLIC_DVD_BIDPEROFFER1_202311010000.parquet/part.1053.parquet
2025-03-19 18:55:18,831 - INFO - Wrote original 0 rows to s3://thesis--ec331-s3/de-duped-volume-bids/PUBLIC_DVD_BIDPEROFFER1_202311010000.parquet/part.105.parquet
2025-03-19 18:55:18,844 - INFO - Target: s3://thesis--ec331-s3/de-duped-volume-bids/PUBLIC_DVD_BIDPEROFFER1_202311010000.parquet/part.1053.parquet
2025-03-19 18:55:18,929 - INFO - Processing: s3://thesis--ec331-s3/FCAS_RAISE1SEC-Volume-Bids/PUBLIC_DVD_BIDPEROFFER1_202311010000.parquet/part.106.parquet
2025-03-19 18:55:18,943 - INFO - Target: s3://thesis--ec331-s3/de-duped-volume-bids/PUBLIC_DVD_BIDPEROFFER1_202311010000.parquet/part.106.parquet
2025-03-19 18:55:19,211 - INFO - Wrote original 0 rows to s3://thesis--ec331-s3/de-duped-volume-bids/PUBLIC_DVD_BIDPEROFFER1_202311010000.parquet/part.1052.parquet
2025-03-19 18:55:19,297 - INFO - Processing: s3://thesis--ec331-s3/FCAS_RAISE1SEC-Volume-Bids/PUBLIC_DVD_BIDPEROFFER1_202311010000.parquet/part.107.parquet
2025-03-19 18:55:19,304 - INFO - Read 0 rows from s3://thesis--ec331-s3/FCAS_RAISE1SEC-Volume-Bids/PUBLIC_DVD_BIDPEROFFER1_202311010000.parquet/part.106.parquet
2025-03-19 18:55:19,306 - INFO - Target: s3://thesis--ec331-s3/de-duped-volume-bids/PUBLIC_DVD_BIDPEROFFER1_202311010000.parquet/part.107.parquet
2025-03-19 18:55:19,307 - INFO - Wrote original 0 rows to s3://thesis--ec331-s3/de-duped-volume-bids/PUBLIC_DVD_BIDPEROFFER1_202311010000.parquet/part.1051.parquet
2025-03-19 18:55:19,311 - INFO - No duplicates found in s3://thesis--ec331-s3/FCAS_RAISE1SEC-Volume-Bids/PUBLIC_DVD_BIDPEROFFER1_202311010000.parquet/part.106.parquet
2025-03-19 18:55:19,404 - INFO - Processing: s3://thesis--ec331-s3/FCAS_RAISE1SEC-Volume-Bids/PUBLIC_DVD_BIDPEROFFER1_202311010000.parquet/part.108.parquet
2025-03-19 18:55:19,405 - WARNING - Empty DataFrame will be written.
2025-03-19 18:55:19,406 - INFO - Target: s3://thesis--ec331-s3/de-duped-volume-bids/PUBLIC_DVD_BIDPEROFFER1_202311010000.parquet/part.108.parquet
2025-03-19 18:55:19,440 - INFO - Read 0 rows from s3://thesis--ec331-s3/FCAS_RAISE1SEC-Volume-Bids/PUBLIC_DVD_BIDPEROFFER1_202311010000.parquet/part.1053.parquet
2025-03-19 18:55:19,443 - INFO - No duplicates found in s3://thesis--ec331-s3/FCAS_RAISE1SEC-Volume-Bids/PUBLIC_DVD_BIDPEROFFER1_202311010000.parquet/part.1053.parquet
2025-03-19 18:55:19,444 - WARNING - Empty DataFrame will be written.
2025-03-19 18:55:19,644 - INFO - Read 0 rows from s3://thesis--ec331-s3/FCAS_RAISE1SEC-Volume-Bids/PUBLIC_DVD_BIDPEROFFER1_202311010000.parquet/part.107.parquet
2025-03-19 18:55:19,647 - INFO - No duplicates found in s3://thesis--ec331-s3/FCAS_RAISE1SEC-Volume-Bids/PUBLIC_DVD_BIDPEROFFER1_202311010000.parquet/part.107.parquet
2025-03-19 18:55:19,648 - WARNING - Empty DataFrame will be written.
2025-03-19 18:55:19,674 - INFO - Read 0 rows from s3://thesis--ec331-s3/FCAS_RAISE1SEC-Volume-Bids/PUBLIC_DVD_BIDPEROFFER1_202311010000.parquet/part.108.parquet
2025-03-19 18:55:19,677 - INFO - No duplicates found in s3://thesis--ec331-s3/FCAS_RAISE1SEC-Volume-Bids/PUBLIC_DVD_BIDPEROFFER1_202311010000.parquet/part.108.parquet
2025-03-19 18:55:19,680 - WARNING - Empty DataFrame will be written.
2025-03-19 18:55:19,701 - INFO - Wrote original 0 rows to s3://thesis--ec331-s3/de-duped-volume-bids/PUBLIC_DVD_BIDPEROFFER1_202311010000.parquet/part.106.parquet
2025-03-19 18:55:19,789 - INFO - Processing: s3://thesis--ec331-s3/FCAS_RAISE1SEC-Volume-Bids/PUBLIC_DVD_BIDPEROFFER1_202311010000.parquet/part.109.parquet
2025-03-19 18:55:19,793 - INFO - Wrote original 0 rows to s3://thesis--ec331-s3/de-duped-volume-bids/PUBLIC_DVD_BIDPEROFFER1_202311010000.parquet/part.1053.parquet
2025-03-19 18:55:19,794 - INFO - Target: s3://thesis--ec331-s3/de-duped-volume-bids/PUBLIC_DVD_BIDPEROFFER1_202311010000.parquet/part.109.parquet
2025-03-19 18:55:19,881 - INFO - Processing: s3://thesis--ec331-s3/FCAS_RAISE1SEC-Volume-Bids/PUBLIC_DVD_BIDPEROFFER1_202311010000.parquet/part.11.parquet
2025-03-19 18:55:19,894 - INFO - Target: s3://thesis--ec331-s3/de-duped-volume-bids/PUBLIC_DVD_BIDPEROFFER1_202311010000.parquet/part.11.parquet
2025-03-19 18:55:20,045 - INFO - Wrote original 0 rows to s3://thesis--ec331-s3/de-duped-volume-bids/PUBLIC_DVD_BIDPEROFFER1_202311010000.parquet/part.107.parquet
2025-03-19 18:55:20,131 - INFO - Processing: s3://thesis--ec331-s3/FCAS_RAISE1SEC-Volume-Bids/PUBLIC_DVD_BIDPEROFFER1_202311010000.parquet/part.110.parquet
2025-03-19 18:55:20,133 - INFO - Target: s3://thesis--ec331-s3/de-duped-volume-bids/PUBLIC_DVD_BIDPEROFFER1_202311010000.parquet/part.110.parquet
2025-03-19 18:55:20,211 - INFO - Wrote original 0 rows to s3://thesis--ec331-s3/de-duped-volume-bids/PUBLIC_DVD_BIDPEROFFER1_202311010000.parquet/part.108.parquet
2025-03-19 18:55:20,297 - INFO - Processing: s3://thesis--ec331-s3/FCAS_RAISE1SEC-Volume-Bids/PUBLIC_DVD_BIDPEROFFER1_202311010000.parquet/part.111.parquet
2025-03-19 18:55:20,304 - INFO - Target: s3://thesis--ec331-s3/de-duped-volume-bids/PUBLIC_DVD_BIDPEROFFER1_202311010000.parquet/part.111.parquet
2025-03-19 18:55:20,331 - INFO - Read 0 rows from s3://thesis--ec331-s3/FCAS_RAISE1SEC-Volume-Bids/PUBLIC_DVD_BIDPEROFFER1_202311010000.parquet/part.109.parquet
2025-03-19 18:55:20,334 - INFO - No duplicates found in s3://thesis--ec331-s3/FCAS_RAISE1SEC-Volume-Bids/PUBLIC_DVD_BIDPEROFFER1_202311010000.parquet/part.109.parquet
2025-03-19 18:55:20,335 - WARNING - Empty DataFrame will be written.
2025-03-19 18:55:20,361 - INFO - Read 0 rows from s3://thesis--ec331-s3/FCAS_RAISE1SEC-Volume-Bids/PUBLIC_DVD_BIDPEROFFER1_202311010000.parquet/part.11.parquet
2025-03-19 18:55:20,364 - INFO - No duplicates found in s3://thesis--ec331-s3/FCAS_RAISE1SEC-Volume-Bids/PUBLIC_DVD_BIDPEROFFER1_202311010000.parquet/part.11.parquet
2025-03-19 18:55:20,365 - WARNING - Empty DataFrame will be written.
2025-03-19 18:55:20,445 - INFO - Read 0 rows from s3://thesis--ec331-s3/FCAS_RAISE1SEC-Volume-Bids/PUBLIC_DVD_BIDPEROFFER1_202311010000.parquet/part.110.parquet
2025-03-19 18:55:20,448 - INFO - No duplicates found in s3://thesis--ec331-s3/FCAS_RAISE1SEC-Volume-Bids/PUBLIC_DVD_BIDPEROFFER1_202311010000.parquet/part.110.parquet
2025-03-19 18:55:20,450 - WARNING - Empty DataFrame will be written.
2025-03-19 18:55:20,623 - INFO - Read 36,288 rows from s3://thesis--ec331-s3/FCAS_RAISE1SEC-Volume-Bids/PUBLIC_DVD_BIDPEROFFER1_202311010000.parquet/part.111.parquet
2025-03-19 18:55:20,627 - INFO - Wrote original 0 rows to s3://thesis--ec331-s3/de-duped-volume-bids/PUBLIC_DVD_BIDPEROFFER1_202311010000.parquet/part.11.parquet
2025-03-19 18:55:20,719 - INFO - Processing: s3://thesis--ec331-s3/FCAS_RAISE1SEC-Volume-Bids/PUBLIC_DVD_BIDPEROFFER1_202311010000.parquet/part.112.parquet
2025-03-19 18:55:20,729 - INFO - Wrote original 0 rows to s3://thesis--ec331-s3/de-duped-volume-bids/PUBLIC_DVD_BIDPEROFFER1_202311010000.parquet/part.109.parquet
2025-03-19 18:55:20,731 - INFO - Target: s3://thesis--ec331-s3/de-duped-volume-bids/PUBLIC_DVD_BIDPEROFFER1_202311010000.parquet/part.112.parquet
2025-03-19 18:55:20,812 - INFO - Processing: s3://thesis--ec331-s3/FCAS_RAISE1SEC-Volume-Bids/PUBLIC_DVD_BIDPEROFFER1_202311010000.parquet/part.113.parquet
2025-03-19 18:55:20,827 - INFO - Wrote original 0 rows to s3://thesis--ec331-s3/de-duped-volume-bids/PUBLIC_DVD_BIDPEROFFER1_202311010000.parquet/part.110.parquet
2025-03-19 18:55:20,832 - INFO - Target: s3://thesis--ec331-s3/de-duped-volume-bids/PUBLIC_DVD_BIDPEROFFER1_202311010000.parquet/part.113.parquet
2025-03-19 18:55:20,913 - INFO - Processing: s3://thesis--ec331-s3/FCAS_RAISE1SEC-Volume-Bids/PUBLIC_DVD_BIDPEROFFER1_202311010000.parquet/part.114.parquet
2025-03-19 18:55:20,932 - INFO - Target: s3://thesis--ec331-s3/de-duped-volume-bids/PUBLIC_DVD_BIDPEROFFER1_202311010000.parquet/part.114.parquet
2025-03-19 18:55:20,952 - INFO - Found 36,288 rows (100.00%) with duplicate keys
2025-03-19 18:55:20,962 - INFO - Removed 31,968 duplicate rows
2025-03-19 18:55:21,133 - INFO - Read 0 rows from s3://thesis--ec331-s3/FCAS_RAISE1SEC-Volume-Bids/PUBLIC_DVD_BIDPEROFFER1_202311010000.parquet/part.112.parquet
2025-03-19 18:55:21,136 - INFO - No duplicates found in s3://thesis--ec331-s3/FCAS_RAISE1SEC-Volume-Bids/PUBLIC_DVD_BIDPEROFFER1_202311010000.parquet/part.112.parquet
2025-03-19 18:55:21,142 - WARNING - Empty DataFrame will be written.
2025-03-19 18:55:21,182 - INFO - Read 0 rows from s3://thesis--ec331-s3/FCAS_RAISE1SEC-Volume-Bids/PUBLIC_DVD_BIDPEROFFER1_202311010000.parquet/part.113.parquet
2025-03-19 18:55:21,184 - INFO - No duplicates found in s3://thesis--ec331-s3/FCAS_RAISE1SEC-Volume-Bids/PUBLIC_DVD_BIDPEROFFER1_202311010000.parquet/part.113.parquet
2025-03-19 18:55:21,185 - WARNING - Empty DataFrame will be written.
2025-03-19 18:55:21,229 - INFO - Wrote 4,320 rows to s3://thesis--ec331-s3/de-duped-volume-bids/PUBLIC_DVD_BIDPEROFFER1_202311010000.parquet/part.111.parquet
2025-03-19 18:55:21,399 - INFO - Processing: s3://thesis--ec331-s3/FCAS_RAISE1SEC-Volume-Bids/PUBLIC_DVD_BIDPEROFFER1_202311010000.parquet/part.115.parquet
2025-03-19 18:55:21,402 - INFO - Target: s3://thesis--ec331-s3/de-duped-volume-bids/PUBLIC_DVD_BIDPEROFFER1_202311010000.parquet/part.115.parquet
2025-03-19 18:55:21,438 - INFO - Read 0 rows from s3://thesis--ec331-s3/FCAS_RAISE1SEC-Volume-Bids/PUBLIC_DVD_BIDPEROFFER1_202311010000.parquet/part.114.parquet
2025-03-19 18:55:21,441 - INFO - No duplicates found in s3://thesis--ec331-s3/FCAS_RAISE1SEC-Volume-Bids/PUBLIC_DVD_BIDPEROFFER1_202311010000.parquet/part.114.parquet
2025-03-19 18:55:21,442 - WARNING - Empty DataFrame will be written.
2025-03-19 18:55:21,568 - INFO - Wrote original 0 rows to s3://thesis--ec331-s3/de-duped-volume-bids/PUBLIC_DVD_BIDPEROFFER1_202311010000.parquet/part.112.parquet
2025-03-19 18:55:21,571 - INFO - Wrote original 0 rows to s3://thesis--ec331-s3/de-duped-volume-bids/PUBLIC_DVD_BIDPEROFFER1_202311010000.parquet/part.113.parquet
2025-03-19 18:55:21,656 - INFO - Processing: s3://thesis--ec331-s3/FCAS_RAISE1SEC-Volume-Bids/PUBLIC_DVD_BIDPEROFFER1_202311010000.parquet/part.116.parquet
2025-03-19 18:55:21,737 - INFO - Processing: s3://thesis--ec331-s3/FCAS_RAISE1SEC-Volume-Bids/PUBLIC_DVD_BIDPEROFFER1_202311010000.parquet/part.117.parquet
2025-03-19 18:55:21,738 - INFO - Target: s3://thesis--ec331-s3/de-duped-volume-bids/PUBLIC_DVD_BIDPEROFFER1_202311010000.parquet/part.116.parquet
2025-03-19 18:55:21,739 - INFO - Target: s3://thesis--ec331-s3/de-duped-volume-bids/PUBLIC_DVD_BIDPEROFFER1_202311010000.parquet/part.117.parquet
2025-03-19 18:55:21,806 - INFO - Wrote original 0 rows to s3://thesis--ec331-s3/de-duped-volume-bids/PUBLIC_DVD_BIDPEROFFER1_202311010000.parquet/part.114.parquet
2025-03-19 18:55:21,889 - INFO - Processing: s3://thesis--ec331-s3/FCAS_RAISE1SEC-Volume-Bids/PUBLIC_DVD_BIDPEROFFER1_202311010000.parquet/part.118.parquet
2025-03-19 18:55:21,892 - INFO - Target: s3://thesis--ec331-s3/de-duped-volume-bids/PUBLIC_DVD_BIDPEROFFER1_202311010000.parquet/part.118.parquet
2025-03-19 18:55:21,926 - INFO - Read 0 rows from s3://thesis--ec331-s3/FCAS_RAISE1SEC-Volume-Bids/PUBLIC_DVD_BIDPEROFFER1_202311010000.parquet/part.115.parquet
2025-03-19 18:55:21,929 - INFO - No duplicates found in s3://thesis--ec331-s3/FCAS_RAISE1SEC-Volume-Bids/PUBLIC_DVD_BIDPEROFFER1_202311010000.parquet/part.115.parquet
2025-03-19 18:55:21,931 - WARNING - Empty DataFrame will be written.
2025-03-19 18:55:22,091 - INFO - Read 0 rows from s3://thesis--ec331-s3/FCAS_RAISE1SEC-Volume-Bids/PUBLIC_DVD_BIDPEROFFER1_202311010000.parquet/part.116.parquet
2025-03-19 18:55:22,093 - INFO - No duplicates found in s3://thesis--ec331-s3/FCAS_RAISE1SEC-Volume-Bids/PUBLIC_DVD_BIDPEROFFER1_202311010000.parquet/part.116.parquet
2025-03-19 18:55:22,094 - WARNING - Empty DataFrame will be written.
2025-03-19 18:55:22,122 - INFO - Read 0 rows from s3://thesis--ec331-s3/FCAS_RAISE1SEC-Volume-Bids/PUBLIC_DVD_BIDPEROFFER1_202311010000.parquet/part.117.parquet
2025-03-19 18:55:22,125 - INFO - No duplicates found in s3://thesis--ec331-s3/FCAS_RAISE1SEC-Volume-Bids/PUBLIC_DVD_BIDPEROFFER1_202311010000.parquet/part.117.parquet
2025-03-19 18:55:22,132 - WARNING - Empty DataFrame will be written.
2025-03-19 18:55:22,172 - INFO - Wrote original 0 rows to s3://thesis--ec331-s3/de-duped-volume-bids/PUBLIC_DVD_BIDPEROFFER1_202311010000.parquet/part.115.parquet
2025-03-19 18:55:22,264 - INFO - Processing: s3://thesis--ec331-s3/FCAS_RAISE1SEC-Volume-Bids/PUBLIC_DVD_BIDPEROFFER1_202311010000.parquet/part.119.parquet
2025-03-19 18:55:22,265 - INFO - Target: s3://thesis--ec331-s3/de-duped-volume-bids/PUBLIC_DVD_BIDPEROFFER1_202311010000.parquet/part.119.parquet
2025-03-19 18:55:22,291 - INFO - Read 0 rows from s3://thesis--ec331-s3/FCAS_RAISE1SEC-Volume-Bids/PUBLIC_DVD_BIDPEROFFER1_202311010000.parquet/part.118.parquet
2025-03-19 18:55:22,300 - INFO - No duplicates found in s3://thesis--ec331-s3/FCAS_RAISE1SEC-Volume-Bids/PUBLIC_DVD_BIDPEROFFER1_202311010000.parquet/part.118.parquet
2025-03-19 18:55:22,306 - WARNING - Empty DataFrame will be written.
2025-03-19 18:55:22,441 - INFO - Wrote original 0 rows to s3://thesis--ec331-s3/de-duped-volume-bids/PUBLIC_DVD_BIDPEROFFER1_202311010000.parquet/part.117.parquet
2025-03-19 18:55:22,536 - INFO - Processing: s3://thesis--ec331-s3/FCAS_RAISE1SEC-Volume-Bids/PUBLIC_DVD_BIDPEROFFER1_202311010000.parquet/part.12.parquet
2025-03-19 18:55:22,540 - INFO - Wrote original 0 rows to s3://thesis--ec331-s3/de-duped-volume-bids/PUBLIC_DVD_BIDPEROFFER1_202311010000.parquet/part.116.parquet
2025-03-19 18:55:22,547 - INFO - Target: s3://thesis--ec331-s3/de-duped-volume-bids/PUBLIC_DVD_BIDPEROFFER1_202311010000.parquet/part.12.parquet
2025-03-19 18:55:22,637 - INFO - Processing: s3://thesis--ec331-s3/FCAS_RAISE1SEC-Volume-Bids/PUBLIC_DVD_BIDPEROFFER1_202311010000.parquet/part.120.parquet
2025-03-19 18:55:22,653 - INFO - Target: s3://thesis--ec331-s3/de-duped-volume-bids/PUBLIC_DVD_BIDPEROFFER1_202311010000.parquet/part.120.parquet
2025-03-19 18:55:22,675 - INFO - Read 0 rows from s3://thesis--ec331-s3/FCAS_RAISE1SEC-Volume-Bids/PUBLIC_DVD_BIDPEROFFER1_202311010000.parquet/part.119.parquet
2025-03-19 18:55:22,678 - INFO - No duplicates found in s3://thesis--ec331-s3/FCAS_RAISE1SEC-Volume-Bids/PUBLIC_DVD_BIDPEROFFER1_202311010000.parquet/part.119.parquet
2025-03-19 18:55:22,679 - WARNING - Empty DataFrame will be written.
2025-03-19 18:55:22,703 - INFO - Wrote original 0 rows to s3://thesis--ec331-s3/de-duped-volume-bids/PUBLIC_DVD_BIDPEROFFER1_202311010000.parquet/part.118.parquet
2025-03-19 18:55:22,799 - INFO - Processing: s3://thesis--ec331-s3/FCAS_RAISE1SEC-Volume-Bids/PUBLIC_DVD_BIDPEROFFER1_202311010000.parquet/part.121.parquet
2025-03-19 18:55:22,800 - INFO - Target: s3://thesis--ec331-s3/de-duped-volume-bids/PUBLIC_DVD_BIDPEROFFER1_202311010000.parquet/part.121.parquet
2025-03-19 18:55:23,000 - INFO - Wrote original 0 rows to s3://thesis--ec331-s3/de-duped-volume-bids/PUBLIC_DVD_BIDPEROFFER1_202311010000.parquet/part.119.parquet
2025-03-19 18:55:23,092 - INFO - Processing: s3://thesis--ec331-s3/FCAS_RAISE1SEC-Volume-Bids/PUBLIC_DVD_BIDPEROFFER1_202311010000.parquet/part.122.parquet
2025-03-19 18:55:23,100 - INFO - Target: s3://thesis--ec331-s3/de-duped-volume-bids/PUBLIC_DVD_BIDPEROFFER1_202311010000.parquet/part.122.parquet
2025-03-19 18:55:23,130 - INFO - Read 0 rows from s3://thesis--ec331-s3/FCAS_RAISE1SEC-Volume-Bids/PUBLIC_DVD_BIDPEROFFER1_202311010000.parquet/part.120.parquet
2025-03-19 18:55:23,132 - INFO - Read 0 rows from s3://thesis--ec331-s3/FCAS_RAISE1SEC-Volume-Bids/PUBLIC_DVD_BIDPEROFFER1_202311010000.parquet/part.12.parquet
2025-03-19 18:55:23,136 - INFO - No duplicates found in s3://thesis--ec331-s3/FCAS_RAISE1SEC-Volume-Bids/PUBLIC_DVD_BIDPEROFFER1_202311010000.parquet/part.120.parquet
2025-03-19 18:55:23,140 - INFO - No duplicates found in s3://thesis--ec331-s3/FCAS_RAISE1SEC-Volume-Bids/PUBLIC_DVD_BIDPEROFFER1_202311010000.parquet/part.12.parquet
2025-03-19 18:55:23,142 - WARNING - Empty DataFrame will be written.
2025-03-19 18:55:23,144 - WARNING - Empty DataFrame will be written.
2025-03-19 18:55:23,186 - INFO - Read 0 rows from s3://thesis--ec331-s3/FCAS_RAISE1SEC-Volume-Bids/PUBLIC_DVD_BIDPEROFFER1_202311010000.parquet/part.121.parquet
2025-03-19 18:55:23,191 - INFO - No duplicates found in s3://thesis--ec331-s3/FCAS_RAISE1SEC-Volume-Bids/PUBLIC_DVD_BIDPEROFFER1_202311010000.parquet/part.121.parquet
2025-03-19 18:55:23,198 - WARNING - Empty DataFrame will be written.
2025-03-19 18:55:23,403 - INFO - Read 0 rows from s3://thesis--ec331-s3/FCAS_RAISE1SEC-Volume-Bids/PUBLIC_DVD_BIDPEROFFER1_202311010000.parquet/part.122.parquet
2025-03-19 18:55:23,406 - INFO - No duplicates found in s3://thesis--ec331-s3/FCAS_RAISE1SEC-Volume-Bids/PUBLIC_DVD_BIDPEROFFER1_202311010000.parquet/part.122.parquet
2025-03-19 18:55:23,408 - WARNING - Empty DataFrame will be written.
2025-03-19 18:55:23,460 - INFO - Wrote original 0 rows to s3://thesis--ec331-s3/de-duped-volume-bids/PUBLIC_DVD_BIDPEROFFER1_202311010000.parquet/part.120.parquet
2025-03-19 18:55:23,464 - INFO - Wrote original 0 rows to s3://thesis--ec331-s3/de-duped-volume-bids/PUBLIC_DVD_BIDPEROFFER1_202311010000.parquet/part.12.parquet
2025-03-19 18:55:23,558 - INFO - Processing: s3://thesis--ec331-s3/FCAS_RAISE1SEC-Volume-Bids/PUBLIC_DVD_BIDPEROFFER1_202311010000.parquet/part.123.parquet
2025-03-19 18:55:23,647 - INFO - Processing: s3://thesis--ec331-s3/FCAS_RAISE1SEC-Volume-Bids/PUBLIC_DVD_BIDPEROFFER1_202311010000.parquet/part.124.parquet
2025-03-19 18:55:23,649 - INFO - Wrote original 0 rows to s3://thesis--ec331-s3/de-duped-volume-bids/PUBLIC_DVD_BIDPEROFFER1_202311010000.parquet/part.121.parquet
2025-03-19 18:55:23,650 - INFO - Target: s3://thesis--ec331-s3/de-duped-volume-bids/PUBLIC_DVD_BIDPEROFFER1_202311010000.parquet/part.123.parquet
2025-03-19 18:55:23,652 - INFO - Target: s3://thesis--ec331-s3/de-duped-volume-bids/PUBLIC_DVD_BIDPEROFFER1_202311010000.parquet/part.124.parquet
2025-03-19 18:55:23,734 - INFO - Processing: s3://thesis--ec331-s3/FCAS_RAISE1SEC-Volume-Bids/PUBLIC_DVD_BIDPEROFFER1_202311010000.parquet/part.125.parquet
2025-03-19 18:55:23,751 - INFO - Target: s3://thesis--ec331-s3/de-duped-volume-bids/PUBLIC_DVD_BIDPEROFFER1_202311010000.parquet/part.125.parquet
2025-03-19 18:55:23,910 - INFO - Wrote original 0 rows to s3://thesis--ec331-s3/de-duped-volume-bids/PUBLIC_DVD_BIDPEROFFER1_202311010000.parquet/part.122.parquet
2025-03-19 18:55:23,993 - INFO - Processing: s3://thesis--ec331-s3/FCAS_RAISE1SEC-Volume-Bids/PUBLIC_DVD_BIDPEROFFER1_202311010000.parquet/part.126.parquet
2025-03-19 18:55:23,995 - INFO - Target: s3://thesis--ec331-s3/de-duped-volume-bids/PUBLIC_DVD_BIDPEROFFER1_202311010000.parquet/part.126.parquet
2025-03-19 18:55:24,101 - INFO - Read 0 rows from s3://thesis--ec331-s3/FCAS_RAISE1SEC-Volume-Bids/PUBLIC_DVD_BIDPEROFFER1_202311010000.parquet/part.125.parquet
2025-03-19 18:55:24,105 - INFO - No duplicates found in s3://thesis--ec331-s3/FCAS_RAISE1SEC-Volume-Bids/PUBLIC_DVD_BIDPEROFFER1_202311010000.parquet/part.125.parquet
2025-03-19 18:55:24,107 - WARNING - Empty DataFrame will be written.
2025-03-19 18:55:24,134 - INFO - Read 0 rows from s3://thesis--ec331-s3/FCAS_RAISE1SEC-Volume-Bids/PUBLIC_DVD_BIDPEROFFER1_202311010000.parquet/part.124.parquet
2025-03-19 18:55:24,138 - INFO - No duplicates found in s3://thesis--ec331-s3/FCAS_RAISE1SEC-Volume-Bids/PUBLIC_DVD_BIDPEROFFER1_202311010000.parquet/part.124.parquet
2025-03-19 18:55:24,145 - WARNING - Empty DataFrame will be written.
2025-03-19 18:55:24,147 - INFO - Read 0 rows from s3://thesis--ec331-s3/FCAS_RAISE1SEC-Volume-Bids/PUBLIC_DVD_BIDPEROFFER1_202311010000.parquet/part.123.parquet
2025-03-19 18:55:24,164 - INFO - No duplicates found in s3://thesis--ec331-s3/FCAS_RAISE1SEC-Volume-Bids/PUBLIC_DVD_BIDPEROFFER1_202311010000.parquet/part.123.parquet
2025-03-19 18:55:24,165 - WARNING - Empty DataFrame will be written.
2025-03-19 18:55:24,243 - INFO - Read 0 rows from s3://thesis--ec331-s3/FCAS_RAISE1SEC-Volume-Bids/PUBLIC_DVD_BIDPEROFFER1_202311010000.parquet/part.126.parquet
2025-03-19 18:55:24,246 - INFO - No duplicates found in s3://thesis--ec331-s3/FCAS_RAISE1SEC-Volume-Bids/PUBLIC_DVD_BIDPEROFFER1_202311010000.parquet/part.126.parquet
2025-03-19 18:55:24,247 - WARNING - Empty DataFrame will be written.
2025-03-19 18:55:24,426 - INFO - Wrote original 0 rows to s3://thesis--ec331-s3/de-duped-volume-bids/PUBLIC_DVD_BIDPEROFFER1_202311010000.parquet/part.123.parquet
2025-03-19 18:55:24,517 - INFO - Processing: s3://thesis--ec331-s3/FCAS_RAISE1SEC-Volume-Bids/PUBLIC_DVD_BIDPEROFFER1_202311010000.parquet/part.127.parquet
2025-03-19 18:55:24,520 - INFO - Wrote original 0 rows to s3://thesis--ec331-s3/de-duped-volume-bids/PUBLIC_DVD_BIDPEROFFER1_202311010000.parquet/part.125.parquet
2025-03-19 18:55:24,524 - INFO - Wrote original 0 rows to s3://thesis--ec331-s3/de-duped-volume-bids/PUBLIC_DVD_BIDPEROFFER1_202311010000.parquet/part.124.parquet
2025-03-19 18:55:24,525 - INFO - Target: s3://thesis--ec331-s3/de-duped-volume-bids/PUBLIC_DVD_BIDPEROFFER1_202311010000.parquet/part.127.parquet
2025-03-19 18:55:24,612 - INFO - Processing: s3://thesis--ec331-s3/FCAS_RAISE1SEC-Volume-Bids/PUBLIC_DVD_BIDPEROFFER1_202311010000.parquet/part.128.parquet
2025-03-19 18:55:24,694 - INFO - Processing: s3://thesis--ec331-s3/FCAS_RAISE1SEC-Volume-Bids/PUBLIC_DVD_BIDPEROFFER1_202311010000.parquet/part.129.parquet
2025-03-19 18:55:24,701 - INFO - Wrote original 0 rows to s3://thesis--ec331-s3/de-duped-volume-bids/PUBLIC_DVD_BIDPEROFFER1_202311010000.parquet/part.126.parquet
2025-03-19 18:55:24,708 - INFO - Target: s3://thesis--ec331-s3/de-duped-volume-bids/PUBLIC_DVD_BIDPEROFFER1_202311010000.parquet/part.128.parquet
2025-03-19 18:55:24,709 - INFO - Target: s3://thesis--ec331-s3/de-duped-volume-bids/PUBLIC_DVD_BIDPEROFFER1_202311010000.parquet/part.129.parquet
2025-03-19 18:55:24,791 - INFO - Processing: s3://thesis--ec331-s3/FCAS_RAISE1SEC-Volume-Bids/PUBLIC_DVD_BIDPEROFFER1_202311010000.parquet/part.13.parquet
2025-03-19 18:55:24,813 - INFO - Target: s3://thesis--ec331-s3/de-duped-volume-bids/PUBLIC_DVD_BIDPEROFFER1_202311010000.parquet/part.13.parquet
2025-03-19 18:55:25,055 - INFO - Read 1,229 rows from s3://thesis--ec331-s3/FCAS_RAISE1SEC-Volume-Bids/PUBLIC_DVD_BIDPEROFFER1_202311010000.parquet/part.127.parquet
2025-03-19 18:55:25,066 - INFO - Found 1,229 rows (100.00%) with duplicate keys
2025-03-19 18:55:25,069 - INFO - Removed 1,141 duplicate rows
2025-03-19 18:55:25,093 - INFO - Read 0 rows from s3://thesis--ec331-s3/FCAS_RAISE1SEC-Volume-Bids/PUBLIC_DVD_BIDPEROFFER1_202311010000.parquet/part.13.parquet
2025-03-19 18:55:25,097 - INFO - No duplicates found in s3://thesis--ec331-s3/FCAS_RAISE1SEC-Volume-Bids/PUBLIC_DVD_BIDPEROFFER1_202311010000.parquet/part.13.parquet
2025-03-19 18:55:25,100 - WARNING - Empty DataFrame will be written.
2025-03-19 18:55:25,351 - INFO - Wrote original 0 rows to s3://thesis--ec331-s3/de-duped-volume-bids/PUBLIC_DVD_BIDPEROFFER1_202311010000.parquet/part.13.parquet
2025-03-19 18:55:25,360 - INFO - Wrote 88 rows to s3://thesis--ec331-s3/de-duped-volume-bids/PUBLIC_DVD_BIDPEROFFER1_202311010000.parquet/part.127.parquet
2025-03-19 18:55:25,451 - INFO - Processing: s3://thesis--ec331-s3/FCAS_RAISE1SEC-Volume-Bids/PUBLIC_DVD_BIDPEROFFER1_202311010000.parquet/part.130.parquet
2025-03-19 18:55:25,644 - INFO - Processing: s3://thesis--ec331-s3/FCAS_RAISE1SEC-Volume-Bids/PUBLIC_DVD_BIDPEROFFER1_202311010000.parquet/part.131.parquet
2025-03-19 18:55:25,658 - INFO - Target: s3://thesis--ec331-s3/de-duped-volume-bids/PUBLIC_DVD_BIDPEROFFER1_202311010000.parquet/part.130.parquet
2025-03-19 18:55:25,742 - INFO - Target: s3://thesis--ec331-s3/de-duped-volume-bids/PUBLIC_DVD_BIDPEROFFER1_202311010000.parquet/part.131.parquet
2025-03-19 18:55:26,548 - INFO - Read 509,853 rows from s3://thesis--ec331-s3/FCAS_RAISE1SEC-Volume-Bids/PUBLIC_DVD_BIDPEROFFER1_202311010000.parquet/part.129.parquet
2025-03-19 18:55:26,650 - INFO - Read 508,956 rows from s3://thesis--ec331-s3/FCAS_RAISE1SEC-Volume-Bids/PUBLIC_DVD_BIDPEROFFER1_202311010000.parquet/part.128.parquet
2025-03-19 18:55:27,561 - INFO - Found 509,853 rows (100.00%) with duplicate keys
2025-03-19 18:55:27,837 - INFO - Found 508,956 rows (100.00%) with duplicate keys
2025-03-19 18:55:27,966 - INFO - Removed 508,413 duplicate rows
2025-03-19 18:55:28,035 - INFO - Read 509,859 rows from s3://thesis--ec331-s3/FCAS_RAISE1SEC-Volume-Bids/PUBLIC_DVD_BIDPEROFFER1_202311010000.parquet/part.130.parquet
2025-03-19 18:55:28,056 - INFO - Removed 507,804 duplicate rows
2025-03-19 18:55:28,140 - INFO - Read 509,867 rows from s3://thesis--ec331-s3/FCAS_RAISE1SEC-Volume-Bids/PUBLIC_DVD_BIDPEROFFER1_202311010000.parquet/part.131.parquet
2025-03-19 18:55:28,481 - INFO - Found 509,859 rows (100.00%) with duplicate keys
2025-03-19 18:55:28,483 - INFO - Wrote 1,440 rows to s3://thesis--ec331-s3/de-duped-volume-bids/PUBLIC_DVD_BIDPEROFFER1_202311010000.parquet/part.129.parquet
2025-03-19 18:55:28,750 - INFO - Processing: s3://thesis--ec331-s3/FCAS_RAISE1SEC-Volume-Bids/PUBLIC_DVD_BIDPEROFFER1_202311010000.parquet/part.132.parquet
2025-03-19 18:55:28,751 - INFO - Target: s3://thesis--ec331-s3/de-duped-volume-bids/PUBLIC_DVD_BIDPEROFFER1_202311010000.parquet/part.132.parquet
2025-03-19 18:55:28,803 - INFO - Found 509,867 rows (100.00%) with duplicate keys
2025-03-19 18:55:28,875 - INFO - Removed 508,419 duplicate rows
2025-03-19 18:55:28,919 - INFO - Removed 508,715 duplicate rows
2025-03-19 18:55:28,938 - INFO - Wrote 1,152 rows to s3://thesis--ec331-s3/de-duped-volume-bids/PUBLIC_DVD_BIDPEROFFER1_202311010000.parquet/part.128.parquet
2025-03-19 18:55:29,162 - INFO - Processing: s3://thesis--ec331-s3/FCAS_RAISE1SEC-Volume-Bids/PUBLIC_DVD_BIDPEROFFER1_202311010000.parquet/part.133.parquet
2025-03-19 18:55:29,165 - INFO - Target: s3://thesis--ec331-s3/de-duped-volume-bids/PUBLIC_DVD_BIDPEROFFER1_202311010000.parquet/part.133.parquet
2025-03-19 18:55:29,287 - INFO - Read 24,620 rows from s3://thesis--ec331-s3/FCAS_RAISE1SEC-Volume-Bids/PUBLIC_DVD_BIDPEROFFER1_202311010000.parquet/part.132.parquet
2025-03-19 18:55:29,302 - INFO - Found 24,620 rows (100.00%) with duplicate keys
2025-03-19 18:55:29,309 - INFO - Removed 24,332 duplicate rows
2025-03-19 18:55:29,312 - INFO - Wrote 1,440 rows to s3://thesis--ec331-s3/de-duped-volume-bids/PUBLIC_DVD_BIDPEROFFER1_202311010000.parquet/part.130.parquet
2025-03-19 18:55:29,547 - INFO - Processing: s3://thesis--ec331-s3/FCAS_RAISE1SEC-Volume-Bids/PUBLIC_DVD_BIDPEROFFER1_202311010000.parquet/part.134.parquet
2025-03-19 18:55:29,550 - INFO - Target: s3://thesis--ec331-s3/de-duped-volume-bids/PUBLIC_DVD_BIDPEROFFER1_202311010000.parquet/part.134.parquet
2025-03-19 18:55:29,603 - INFO - Wrote 1,152 rows to s3://thesis--ec331-s3/de-duped-volume-bids/PUBLIC_DVD_BIDPEROFFER1_202311010000.parquet/part.131.parquet
2025-03-19 18:55:29,827 - INFO - Processing: s3://thesis--ec331-s3/FCAS_RAISE1SEC-Volume-Bids/PUBLIC_DVD_BIDPEROFFER1_202311010000.parquet/part.135.parquet
2025-03-19 18:55:29,829 - INFO - Target: s3://thesis--ec331-s3/de-duped-volume-bids/PUBLIC_DVD_BIDPEROFFER1_202311010000.parquet/part.135.parquet
2025-03-19 18:55:29,863 - INFO - Read 0 rows from s3://thesis--ec331-s3/FCAS_RAISE1SEC-Volume-Bids/PUBLIC_DVD_BIDPEROFFER1_202311010000.parquet/part.133.parquet
2025-03-19 18:55:29,866 - INFO - No duplicates found in s3://thesis--ec331-s3/FCAS_RAISE1SEC-Volume-Bids/PUBLIC_DVD_BIDPEROFFER1_202311010000.parquet/part.133.parquet
2025-03-19 18:55:29,867 - WARNING - Empty DataFrame will be written.
2025-03-19 18:55:30,005 - INFO - Wrote 288 rows to s3://thesis--ec331-s3/de-duped-volume-bids/PUBLIC_DVD_BIDPEROFFER1_202311010000.parquet/part.132.parquet
2025-03-19 18:55:30,179 - INFO - Processing: s3://thesis--ec331-s3/FCAS_RAISE1SEC-Volume-Bids/PUBLIC_DVD_BIDPEROFFER1_202311010000.parquet/part.136.parquet
2025-03-19 18:55:30,184 - INFO - Target: s3://thesis--ec331-s3/de-duped-volume-bids/PUBLIC_DVD_BIDPEROFFER1_202311010000.parquet/part.136.parquet
2025-03-19 18:55:30,212 - INFO - Read 0 rows from s3://thesis--ec331-s3/FCAS_RAISE1SEC-Volume-Bids/PUBLIC_DVD_BIDPEROFFER1_202311010000.parquet/part.134.parquet
2025-03-19 18:55:30,214 - INFO - No duplicates found in s3://thesis--ec331-s3/FCAS_RAISE1SEC-Volume-Bids/PUBLIC_DVD_BIDPEROFFER1_202311010000.parquet/part.134.parquet
2025-03-19 18:55:30,216 - WARNING - Empty DataFrame will be written.
2025-03-19 18:55:30,247 - INFO - Wrote original 0 rows to s3://thesis--ec331-s3/de-duped-volume-bids/PUBLIC_DVD_BIDPEROFFER1_202311010000.parquet/part.133.parquet
2025-03-19 18:55:30,335 - INFO - Processing: s3://thesis--ec331-s3/FCAS_RAISE1SEC-Volume-Bids/PUBLIC_DVD_BIDPEROFFER1_202311010000.parquet/part.137.parquet
2025-03-19 18:55:30,339 - INFO - Target: s3://thesis--ec331-s3/de-duped-volume-bids/PUBLIC_DVD_BIDPEROFFER1_202311010000.parquet/part.137.parquet
2025-03-19 18:55:30,373 - INFO - Read 0 rows from s3://thesis--ec331-s3/FCAS_RAISE1SEC-Volume-Bids/PUBLIC_DVD_BIDPEROFFER1_202311010000.parquet/part.135.parquet
2025-03-19 18:55:30,376 - INFO - No duplicates found in s3://thesis--ec331-s3/FCAS_RAISE1SEC-Volume-Bids/PUBLIC_DVD_BIDPEROFFER1_202311010000.parquet/part.135.parquet
2025-03-19 18:55:30,377 - WARNING - Empty DataFrame will be written.
2025-03-19 18:55:30,509 - INFO - Wrote original 0 rows to s3://thesis--ec331-s3/de-duped-volume-bids/PUBLIC_DVD_BIDPEROFFER1_202311010000.parquet/part.134.parquet
2025-03-19 18:55:30,595 - INFO - Processing: s3://thesis--ec331-s3/FCAS_RAISE1SEC-Volume-Bids/PUBLIC_DVD_BIDPEROFFER1_202311010000.parquet/part.138.parquet
2025-03-19 18:55:30,598 - INFO - Target: s3://thesis--ec331-s3/de-duped-volume-bids/PUBLIC_DVD_BIDPEROFFER1_202311010000.parquet/part.138.parquet
2025-03-19 18:55:30,620 - INFO - Read 0 rows from s3://thesis--ec331-s3/FCAS_RAISE1SEC-Volume-Bids/PUBLIC_DVD_BIDPEROFFER1_202311010000.parquet/part.136.parquet
2025-03-19 18:55:30,622 - INFO - No duplicates found in s3://thesis--ec331-s3/FCAS_RAISE1SEC-Volume-Bids/PUBLIC_DVD_BIDPEROFFER1_202311010000.parquet/part.136.parquet
2025-03-19 18:55:30,623 - WARNING - Empty DataFrame will be written.
2025-03-19 18:55:30,667 - INFO - Wrote original 0 rows to s3://thesis--ec331-s3/de-duped-volume-bids/PUBLIC_DVD_BIDPEROFFER1_202311010000.parquet/part.135.parquet
2025-03-19 18:55:30,752 - INFO - Processing: s3://thesis--ec331-s3/FCAS_RAISE1SEC-Volume-Bids/PUBLIC_DVD_BIDPEROFFER1_202311010000.parquet/part.139.parquet
2025-03-19 18:55:30,756 - INFO - Target: s3://thesis--ec331-s3/de-duped-volume-bids/PUBLIC_DVD_BIDPEROFFER1_202311010000.parquet/part.139.parquet
2025-03-19 18:55:30,791 - INFO - Read 0 rows from s3://thesis--ec331-s3/FCAS_RAISE1SEC-Volume-Bids/PUBLIC_DVD_BIDPEROFFER1_202311010000.parquet/part.137.parquet
2025-03-19 18:55:30,793 - INFO - No duplicates found in s3://thesis--ec331-s3/FCAS_RAISE1SEC-Volume-Bids/PUBLIC_DVD_BIDPEROFFER1_202311010000.parquet/part.137.parquet
2025-03-19 18:55:30,794 - WARNING - Empty DataFrame will be written.
2025-03-19 18:55:30,915 - INFO - Wrote original 0 rows to s3://thesis--ec331-s3/de-duped-volume-bids/PUBLIC_DVD_BIDPEROFFER1_202311010000.parquet/part.136.parquet
2025-03-19 18:55:30,998 - INFO - Processing: s3://thesis--ec331-s3/FCAS_RAISE1SEC-Volume-Bids/PUBLIC_DVD_BIDPEROFFER1_202311010000.parquet/part.14.parquet
2025-03-19 18:55:31,004 - INFO - Target: s3://thesis--ec331-s3/de-duped-volume-bids/PUBLIC_DVD_BIDPEROFFER1_202311010000.parquet/part.14.parquet
2025-03-19 18:55:31,030 - INFO - Read 0 rows from s3://thesis--ec331-s3/FCAS_RAISE1SEC-Volume-Bids/PUBLIC_DVD_BIDPEROFFER1_202311010000.parquet/part.138.parquet
2025-03-19 18:55:31,033 - INFO - No duplicates found in s3://thesis--ec331-s3/FCAS_RAISE1SEC-Volume-Bids/PUBLIC_DVD_BIDPEROFFER1_202311010000.parquet/part.138.parquet
2025-03-19 18:55:31,040 - WARNING - Empty DataFrame will be written.
2025-03-19 18:55:31,097 - INFO - Read 0 rows from s3://thesis--ec331-s3/FCAS_RAISE1SEC-Volume-Bids/PUBLIC_DVD_BIDPEROFFER1_202311010000.parquet/part.139.parquet
2025-03-19 18:55:31,099 - INFO - No duplicates found in s3://thesis--ec331-s3/FCAS_RAISE1SEC-Volume-Bids/PUBLIC_DVD_BIDPEROFFER1_202311010000.parquet/part.139.parquet
2025-03-19 18:55:31,100 - WARNING - Empty DataFrame will be written.
2025-03-19 18:55:31,160 - INFO - Wrote original 0 rows to s3://thesis--ec331-s3/de-duped-volume-bids/PUBLIC_DVD_BIDPEROFFER1_202311010000.parquet/part.137.parquet
2025-03-19 18:55:31,248 - INFO - Processing: s3://thesis--ec331-s3/FCAS_RAISE1SEC-Volume-Bids/PUBLIC_DVD_BIDPEROFFER1_202311010000.parquet/part.140.parquet
2025-03-19 18:55:31,250 - INFO - Target: s3://thesis--ec331-s3/de-duped-volume-bids/PUBLIC_DVD_BIDPEROFFER1_202311010000.parquet/part.140.parquet
2025-03-19 18:55:31,317 - INFO - Wrote original 0 rows to s3://thesis--ec331-s3/de-duped-volume-bids/PUBLIC_DVD_BIDPEROFFER1_202311010000.parquet/part.138.parquet
2025-03-19 18:55:31,409 - INFO - Processing: s3://thesis--ec331-s3/FCAS_RAISE1SEC-Volume-Bids/PUBLIC_DVD_BIDPEROFFER1_202311010000.parquet/part.141.parquet
2025-03-19 18:55:31,410 - INFO - Target: s3://thesis--ec331-s3/de-duped-volume-bids/PUBLIC_DVD_BIDPEROFFER1_202311010000.parquet/part.141.parquet
2025-03-19 18:55:31,437 - INFO - Read 0 rows from s3://thesis--ec331-s3/FCAS_RAISE1SEC-Volume-Bids/PUBLIC_DVD_BIDPEROFFER1_202311010000.parquet/part.14.parquet
2025-03-19 18:55:31,440 - INFO - No duplicates found in s3://thesis--ec331-s3/FCAS_RAISE1SEC-Volume-Bids/PUBLIC_DVD_BIDPEROFFER1_202311010000.parquet/part.14.parquet
2025-03-19 18:55:31,441 - WARNING - Empty DataFrame will be written.
2025-03-19 18:55:31,477 - INFO - Wrote original 0 rows to s3://thesis--ec331-s3/de-duped-volume-bids/PUBLIC_DVD_BIDPEROFFER1_202311010000.parquet/part.139.parquet
2025-03-19 18:55:31,572 - INFO - Processing: s3://thesis--ec331-s3/FCAS_RAISE1SEC-Volume-Bids/PUBLIC_DVD_BIDPEROFFER1_202311010000.parquet/part.142.parquet
2025-03-19 18:55:31,574 - INFO - Target: s3://thesis--ec331-s3/de-duped-volume-bids/PUBLIC_DVD_BIDPEROFFER1_202311010000.parquet/part.142.parquet
2025-03-19 18:55:31,692 - INFO - Read 0 rows from s3://thesis--ec331-s3/FCAS_RAISE1SEC-Volume-Bids/PUBLIC_DVD_BIDPEROFFER1_202311010000.parquet/part.140.parquet
2025-03-19 18:55:31,695 - INFO - No duplicates found in s3://thesis--ec331-s3/FCAS_RAISE1SEC-Volume-Bids/PUBLIC_DVD_BIDPEROFFER1_202311010000.parquet/part.140.parquet
2025-03-19 18:55:31,696 - WARNING - Empty DataFrame will be written.
2025-03-19 18:55:31,738 - INFO - Wrote original 0 rows to s3://thesis--ec331-s3/de-duped-volume-bids/PUBLIC_DVD_BIDPEROFFER1_202311010000.parquet/part.14.parquet
2025-03-19 18:55:31,835 - INFO - Processing: s3://thesis--ec331-s3/FCAS_RAISE1SEC-Volume-Bids/PUBLIC_DVD_BIDPEROFFER1_202311010000.parquet/part.143.parquet
2025-03-19 18:55:31,837 - INFO - Target: s3://thesis--ec331-s3/de-duped-volume-bids/PUBLIC_DVD_BIDPEROFFER1_202311010000.parquet/part.143.parquet
2025-03-19 18:55:31,860 - INFO - Read 0 rows from s3://thesis--ec331-s3/FCAS_RAISE1SEC-Volume-Bids/PUBLIC_DVD_BIDPEROFFER1_202311010000.parquet/part.141.parquet
2025-03-19 18:55:31,863 - INFO - No duplicates found in s3://thesis--ec331-s3/FCAS_RAISE1SEC-Volume-Bids/PUBLIC_DVD_BIDPEROFFER1_202311010000.parquet/part.141.parquet
2025-03-19 18:55:31,865 - WARNING - Empty DataFrame will be written.
2025-03-19 18:55:31,927 - INFO - Read 0 rows from s3://thesis--ec331-s3/FCAS_RAISE1SEC-Volume-Bids/PUBLIC_DVD_BIDPEROFFER1_202311010000.parquet/part.142.parquet
2025-03-19 18:55:31,934 - INFO - No duplicates found in s3://thesis--ec331-s3/FCAS_RAISE1SEC-Volume-Bids/PUBLIC_DVD_BIDPEROFFER1_202311010000.parquet/part.142.parquet
2025-03-19 18:55:31,937 - WARNING - Empty DataFrame will be written.
2025-03-19 18:55:32,005 - INFO - Wrote original 0 rows to s3://thesis--ec331-s3/de-duped-volume-bids/PUBLIC_DVD_BIDPEROFFER1_202311010000.parquet/part.140.parquet
2025-03-19 18:55:32,100 - INFO - Processing: s3://thesis--ec331-s3/FCAS_RAISE1SEC-Volume-Bids/PUBLIC_DVD_BIDPEROFFER1_202311010000.parquet/part.144.parquet
2025-03-19 18:55:32,102 - INFO - Target: s3://thesis--ec331-s3/de-duped-volume-bids/PUBLIC_DVD_BIDPEROFFER1_202311010000.parquet/part.144.parquet
2025-03-19 18:55:32,163 - INFO - Wrote original 0 rows to s3://thesis--ec331-s3/de-duped-volume-bids/PUBLIC_DVD_BIDPEROFFER1_202311010000.parquet/part.141.parquet
2025-03-19 18:55:32,263 - INFO - Processing: s3://thesis--ec331-s3/FCAS_RAISE1SEC-Volume-Bids/PUBLIC_DVD_BIDPEROFFER1_202311010000.parquet/part.145.parquet
2025-03-19 18:55:32,266 - INFO - Target: s3://thesis--ec331-s3/de-duped-volume-bids/PUBLIC_DVD_BIDPEROFFER1_202311010000.parquet/part.145.parquet
2025-03-19 18:55:32,294 - INFO - Read 0 rows from s3://thesis--ec331-s3/FCAS_RAISE1SEC-Volume-Bids/PUBLIC_DVD_BIDPEROFFER1_202311010000.parquet/part.143.parquet
2025-03-19 18:55:32,297 - INFO - No duplicates found in s3://thesis--ec331-s3/FCAS_RAISE1SEC-Volume-Bids/PUBLIC_DVD_BIDPEROFFER1_202311010000.parquet/part.143.parquet
2025-03-19 18:55:32,298 - WARNING - Empty DataFrame will be written.
2025-03-19 18:55:32,333 - INFO - Wrote original 0 rows to s3://thesis--ec331-s3/de-duped-volume-bids/PUBLIC_DVD_BIDPEROFFER1_202311010000.parquet/part.142.parquet
2025-03-19 18:55:32,425 - INFO - Processing: s3://thesis--ec331-s3/FCAS_RAISE1SEC-Volume-Bids/PUBLIC_DVD_BIDPEROFFER1_202311010000.parquet/part.146.parquet
2025-03-19 18:55:32,427 - INFO - Target: s3://thesis--ec331-s3/de-duped-volume-bids/PUBLIC_DVD_BIDPEROFFER1_202311010000.parquet/part.146.parquet
2025-03-19 18:55:32,555 - INFO - Read 0 rows from s3://thesis--ec331-s3/FCAS_RAISE1SEC-Volume-Bids/PUBLIC_DVD_BIDPEROFFER1_202311010000.parquet/part.144.parquet
2025-03-19 18:55:32,558 - INFO - No duplicates found in s3://thesis--ec331-s3/FCAS_RAISE1SEC-Volume-Bids/PUBLIC_DVD_BIDPEROFFER1_202311010000.parquet/part.144.parquet
2025-03-19 18:55:32,565 - WARNING - Empty DataFrame will be written.
2025-03-19 18:55:32,626 - INFO - Read 0 rows from s3://thesis--ec331-s3/FCAS_RAISE1SEC-Volume-Bids/PUBLIC_DVD_BIDPEROFFER1_202311010000.parquet/part.145.parquet
2025-03-19 18:55:32,630 - INFO - Wrote original 0 rows to s3://thesis--ec331-s3/de-duped-volume-bids/PUBLIC_DVD_BIDPEROFFER1_202311010000.parquet/part.143.parquet
2025-03-19 18:55:32,632 - INFO - No duplicates found in s3://thesis--ec331-s3/FCAS_RAISE1SEC-Volume-Bids/PUBLIC_DVD_BIDPEROFFER1_202311010000.parquet/part.145.parquet
2025-03-19 18:55:32,721 - INFO - Processing: s3://thesis--ec331-s3/FCAS_RAISE1SEC-Volume-Bids/PUBLIC_DVD_BIDPEROFFER1_202311010000.parquet/part.147.parquet
2025-03-19 18:55:32,723 - WARNING - Empty DataFrame will be written.
2025-03-19 18:55:32,724 - INFO - Target: s3://thesis--ec331-s3/de-duped-volume-bids/PUBLIC_DVD_BIDPEROFFER1_202311010000.parquet/part.147.parquet
2025-03-19 18:55:32,767 - INFO - Read 0 rows from s3://thesis--ec331-s3/FCAS_RAISE1SEC-Volume-Bids/PUBLIC_DVD_BIDPEROFFER1_202311010000.parquet/part.146.parquet
2025-03-19 18:55:32,771 - INFO - No duplicates found in s3://thesis--ec331-s3/FCAS_RAISE1SEC-Volume-Bids/PUBLIC_DVD_BIDPEROFFER1_202311010000.parquet/part.146.parquet
2025-03-19 18:55:32,772 - WARNING - Empty DataFrame will be written.
2025-03-19 18:55:32,890 - INFO - Wrote original 0 rows to s3://thesis--ec331-s3/de-duped-volume-bids/PUBLIC_DVD_BIDPEROFFER1_202311010000.parquet/part.144.parquet
2025-03-19 18:55:32,974 - INFO - Processing: s3://thesis--ec331-s3/FCAS_RAISE1SEC-Volume-Bids/PUBLIC_DVD_BIDPEROFFER1_202311010000.parquet/part.148.parquet
2025-03-19 18:55:32,976 - INFO - Target: s3://thesis--ec331-s3/de-duped-volume-bids/PUBLIC_DVD_BIDPEROFFER1_202311010000.parquet/part.148.parquet
2025-03-19 18:55:33,030 - INFO - Wrote original 0 rows to s3://thesis--ec331-s3/de-duped-volume-bids/PUBLIC_DVD_BIDPEROFFER1_202311010000.parquet/part.145.parquet
2025-03-19 18:55:33,113 - INFO - Processing: s3://thesis--ec331-s3/FCAS_RAISE1SEC-Volume-Bids/PUBLIC_DVD_BIDPEROFFER1_202311010000.parquet/part.149.parquet
2025-03-19 18:55:33,118 - INFO - Target: s3://thesis--ec331-s3/de-duped-volume-bids/PUBLIC_DVD_BIDPEROFFER1_202311010000.parquet/part.149.parquet
2025-03-19 18:55:33,125 - INFO - Wrote original 0 rows to s3://thesis--ec331-s3/de-duped-volume-bids/PUBLIC_DVD_BIDPEROFFER1_202311010000.parquet/part.146.parquet
2025-03-19 18:55:33,213 - INFO - Processing: s3://thesis--ec331-s3/FCAS_RAISE1SEC-Volume-Bids/PUBLIC_DVD_BIDPEROFFER1_202311010000.parquet/part.15.parquet
2025-03-19 18:55:33,214 - INFO - Target: s3://thesis--ec331-s3/de-duped-volume-bids/PUBLIC_DVD_BIDPEROFFER1_202311010000.parquet/part.15.parquet
2025-03-19 18:55:33,242 - INFO - Read 0 rows from s3://thesis--ec331-s3/FCAS_RAISE1SEC-Volume-Bids/PUBLIC_DVD_BIDPEROFFER1_202311010000.parquet/part.147.parquet
2025-03-19 18:55:33,244 - INFO - No duplicates found in s3://thesis--ec331-s3/FCAS_RAISE1SEC-Volume-Bids/PUBLIC_DVD_BIDPEROFFER1_202311010000.parquet/part.147.parquet
2025-03-19 18:55:33,245 - WARNING - Empty DataFrame will be written.
2025-03-19 18:55:33,401 - INFO - Read 0 rows from s3://thesis--ec331-s3/FCAS_RAISE1SEC-Volume-Bids/PUBLIC_DVD_BIDPEROFFER1_202311010000.parquet/part.148.parquet
2025-03-19 18:55:33,404 - INFO - No duplicates found in s3://thesis--ec331-s3/FCAS_RAISE1SEC-Volume-Bids/PUBLIC_DVD_BIDPEROFFER1_202311010000.parquet/part.148.parquet
2025-03-19 18:55:33,405 - WARNING - Empty DataFrame will be written.
2025-03-19 18:55:33,472 - INFO - Read 0 rows from s3://thesis--ec331-s3/FCAS_RAISE1SEC-Volume-Bids/PUBLIC_DVD_BIDPEROFFER1_202311010000.parquet/part.15.parquet
2025-03-19 18:55:33,476 - INFO - No duplicates found in s3://thesis--ec331-s3/FCAS_RAISE1SEC-Volume-Bids/PUBLIC_DVD_BIDPEROFFER1_202311010000.parquet/part.15.parquet
2025-03-19 18:55:33,478 - WARNING - Empty DataFrame will be written.
2025-03-19 18:55:33,501 - INFO - Read 0 rows from s3://thesis--ec331-s3/FCAS_RAISE1SEC-Volume-Bids/PUBLIC_DVD_BIDPEROFFER1_202311010000.parquet/part.149.parquet
2025-03-19 18:55:33,503 - INFO - No duplicates found in s3://thesis--ec331-s3/FCAS_RAISE1SEC-Volume-Bids/PUBLIC_DVD_BIDPEROFFER1_202311010000.parquet/part.149.parquet
2025-03-19 18:55:33,505 - WARNING - Empty DataFrame will be written.
2025-03-19 18:55:33,522 - INFO - Wrote original 0 rows to s3://thesis--ec331-s3/de-duped-volume-bids/PUBLIC_DVD_BIDPEROFFER1_202311010000.parquet/part.147.parquet
2025-03-19 18:55:33,617 - INFO - Processing: s3://thesis--ec331-s3/FCAS_RAISE1SEC-Volume-Bids/PUBLIC_DVD_BIDPEROFFER1_202311010000.parquet/part.150.parquet
2025-03-19 18:55:33,620 - INFO - Target: s3://thesis--ec331-s3/de-duped-volume-bids/PUBLIC_DVD_BIDPEROFFER1_202311010000.parquet/part.150.parquet
2025-03-19 18:55:33,762 - INFO - Wrote original 0 rows to s3://thesis--ec331-s3/de-duped-volume-bids/PUBLIC_DVD_BIDPEROFFER1_202311010000.parquet/part.148.parquet
2025-03-19 18:55:33,846 - INFO - Processing: s3://thesis--ec331-s3/FCAS_RAISE1SEC-Volume-Bids/PUBLIC_DVD_BIDPEROFFER1_202311010000.parquet/part.151.parquet
2025-03-19 18:55:33,848 - INFO - Target: s3://thesis--ec331-s3/de-duped-volume-bids/PUBLIC_DVD_BIDPEROFFER1_202311010000.parquet/part.151.parquet
2025-03-19 18:55:33,916 - INFO - Wrote original 0 rows to s3://thesis--ec331-s3/de-duped-volume-bids/PUBLIC_DVD_BIDPEROFFER1_202311010000.parquet/part.149.parquet
2025-03-19 18:55:34,004 - INFO - Processing: s3://thesis--ec331-s3/FCAS_RAISE1SEC-Volume-Bids/PUBLIC_DVD_BIDPEROFFER1_202311010000.parquet/part.152.parquet
2025-03-19 18:55:34,011 - INFO - Wrote original 0 rows to s3://thesis--ec331-s3/de-duped-volume-bids/PUBLIC_DVD_BIDPEROFFER1_202311010000.parquet/part.15.parquet
2025-03-19 18:55:34,011 - INFO - Target: s3://thesis--ec331-s3/de-duped-volume-bids/PUBLIC_DVD_BIDPEROFFER1_202311010000.parquet/part.152.parquet
2025-03-19 18:55:34,093 - INFO - Processing: s3://thesis--ec331-s3/FCAS_RAISE1SEC-Volume-Bids/PUBLIC_DVD_BIDPEROFFER1_202311010000.parquet/part.153.parquet
2025-03-19 18:55:34,100 - INFO - Target: s3://thesis--ec331-s3/de-duped-volume-bids/PUBLIC_DVD_BIDPEROFFER1_202311010000.parquet/part.153.parquet
2025-03-19 18:55:34,128 - INFO - Read 0 rows from s3://thesis--ec331-s3/FCAS_RAISE1SEC-Volume-Bids/PUBLIC_DVD_BIDPEROFFER1_202311010000.parquet/part.150.parquet
2025-03-19 18:55:34,131 - INFO - No duplicates found in s3://thesis--ec331-s3/FCAS_RAISE1SEC-Volume-Bids/PUBLIC_DVD_BIDPEROFFER1_202311010000.parquet/part.150.parquet
2025-03-19 18:55:34,132 - WARNING - Empty DataFrame will be written.
2025-03-19 18:55:34,217 - INFO - Read 0 rows from s3://thesis--ec331-s3/FCAS_RAISE1SEC-Volume-Bids/PUBLIC_DVD_BIDPEROFFER1_202311010000.parquet/part.151.parquet
2025-03-19 18:55:34,225 - INFO - No duplicates found in s3://thesis--ec331-s3/FCAS_RAISE1SEC-Volume-Bids/PUBLIC_DVD_BIDPEROFFER1_202311010000.parquet/part.151.parquet
2025-03-19 18:55:34,226 - WARNING - Empty DataFrame will be written.
2025-03-19 18:55:34,351 - INFO - Read 0 rows from s3://thesis--ec331-s3/FCAS_RAISE1SEC-Volume-Bids/PUBLIC_DVD_BIDPEROFFER1_202311010000.parquet/part.152.parquet
2025-03-19 18:55:34,359 - INFO - No duplicates found in s3://thesis--ec331-s3/FCAS_RAISE1SEC-Volume-Bids/PUBLIC_DVD_BIDPEROFFER1_202311010000.parquet/part.152.parquet
2025-03-19 18:55:34,360 - WARNING - Empty DataFrame will be written.
2025-03-19 18:55:34,391 - INFO - Read 0 rows from s3://thesis--ec331-s3/FCAS_RAISE1SEC-Volume-Bids/PUBLIC_DVD_BIDPEROFFER1_202311010000.parquet/part.153.parquet
2025-03-19 18:55:34,394 - INFO - No duplicates found in s3://thesis--ec331-s3/FCAS_RAISE1SEC-Volume-Bids/PUBLIC_DVD_BIDPEROFFER1_202311010000.parquet/part.153.parquet
2025-03-19 18:55:34,395 - WARNING - Empty DataFrame will be written.
2025-03-19 18:55:34,403 - INFO - Wrote original 0 rows to s3://thesis--ec331-s3/de-duped-volume-bids/PUBLIC_DVD_BIDPEROFFER1_202311010000.parquet/part.150.parquet
2025-03-19 18:55:34,500 - INFO - Processing: s3://thesis--ec331-s3/FCAS_RAISE1SEC-Volume-Bids/PUBLIC_DVD_BIDPEROFFER1_202311010000.parquet/part.154.parquet
2025-03-19 18:55:34,502 - INFO - Target: s3://thesis--ec331-s3/de-duped-volume-bids/PUBLIC_DVD_BIDPEROFFER1_202311010000.parquet/part.154.parquet
2025-03-19 18:55:34,554 - INFO - Wrote original 0 rows to s3://thesis--ec331-s3/de-duped-volume-bids/PUBLIC_DVD_BIDPEROFFER1_202311010000.parquet/part.151.parquet
2025-03-19 18:55:34,640 - INFO - Processing: s3://thesis--ec331-s3/FCAS_RAISE1SEC-Volume-Bids/PUBLIC_DVD_BIDPEROFFER1_202311010000.parquet/part.155.parquet
2025-03-19 18:55:34,642 - INFO - Target: s3://thesis--ec331-s3/de-duped-volume-bids/PUBLIC_DVD_BIDPEROFFER1_202311010000.parquet/part.155.parquet
2025-03-19 18:55:34,712 - INFO - Wrote original 0 rows to s3://thesis--ec331-s3/de-duped-volume-bids/PUBLIC_DVD_BIDPEROFFER1_202311010000.parquet/part.152.parquet
2025-03-19 18:55:34,794 - INFO - Processing: s3://thesis--ec331-s3/FCAS_RAISE1SEC-Volume-Bids/PUBLIC_DVD_BIDPEROFFER1_202311010000.parquet/part.156.parquet
2025-03-19 18:55:34,795 - INFO - Target: s3://thesis--ec331-s3/de-duped-volume-bids/PUBLIC_DVD_BIDPEROFFER1_202311010000.parquet/part.156.parquet
2025-03-19 18:55:34,836 - INFO - Wrote original 0 rows to s3://thesis--ec331-s3/de-duped-volume-bids/PUBLIC_DVD_BIDPEROFFER1_202311010000.parquet/part.153.parquet
2025-03-19 18:55:34,918 - INFO - Processing: s3://thesis--ec331-s3/FCAS_RAISE1SEC-Volume-Bids/PUBLIC_DVD_BIDPEROFFER1_202311010000.parquet/part.157.parquet
2025-03-19 18:55:34,921 - INFO - Target: s3://thesis--ec331-s3/de-duped-volume-bids/PUBLIC_DVD_BIDPEROFFER1_202311010000.parquet/part.157.parquet
2025-03-19 18:55:34,983 - INFO - Read 0 rows from s3://thesis--ec331-s3/FCAS_RAISE1SEC-Volume-Bids/PUBLIC_DVD_BIDPEROFFER1_202311010000.parquet/part.154.parquet
2025-03-19 18:55:34,985 - INFO - No duplicates found in s3://thesis--ec331-s3/FCAS_RAISE1SEC-Volume-Bids/PUBLIC_DVD_BIDPEROFFER1_202311010000.parquet/part.154.parquet
2025-03-19 18:55:34,986 - WARNING - Empty DataFrame will be written.
2025-03-19 18:55:35,092 - INFO - Read 0 rows from s3://thesis--ec331-s3/FCAS_RAISE1SEC-Volume-Bids/PUBLIC_DVD_BIDPEROFFER1_202311010000.parquet/part.156.parquet
2025-03-19 18:55:35,095 - INFO - No duplicates found in s3://thesis--ec331-s3/FCAS_RAISE1SEC-Volume-Bids/PUBLIC_DVD_BIDPEROFFER1_202311010000.parquet/part.156.parquet
2025-03-19 18:55:35,097 - WARNING - Empty DataFrame will be written.
2025-03-19 18:55:35,131 - INFO - Read 0 rows from s3://thesis--ec331-s3/FCAS_RAISE1SEC-Volume-Bids/PUBLIC_DVD_BIDPEROFFER1_202311010000.parquet/part.155.parquet
2025-03-19 18:55:35,134 - INFO - No duplicates found in s3://thesis--ec331-s3/FCAS_RAISE1SEC-Volume-Bids/PUBLIC_DVD_BIDPEROFFER1_202311010000.parquet/part.155.parquet
2025-03-19 18:55:35,135 - WARNING - Empty DataFrame will be written.
2025-03-19 18:55:35,163 - INFO - Read 0 rows from s3://thesis--ec331-s3/FCAS_RAISE1SEC-Volume-Bids/PUBLIC_DVD_BIDPEROFFER1_202311010000.parquet/part.157.parquet
2025-03-19 18:55:35,168 - INFO - No duplicates found in s3://thesis--ec331-s3/FCAS_RAISE1SEC-Volume-Bids/PUBLIC_DVD_BIDPEROFFER1_202311010000.parquet/part.157.parquet
2025-03-19 18:55:35,172 - WARNING - Empty DataFrame will be written.
2025-03-19 18:55:35,216 - INFO - Wrote original 0 rows to s3://thesis--ec331-s3/de-duped-volume-bids/PUBLIC_DVD_BIDPEROFFER1_202311010000.parquet/part.154.parquet
2025-03-19 18:55:35,306 - INFO - Processing: s3://thesis--ec331-s3/FCAS_RAISE1SEC-Volume-Bids/PUBLIC_DVD_BIDPEROFFER1_202311010000.parquet/part.158.parquet
2025-03-19 18:55:35,308 - INFO - Target: s3://thesis--ec331-s3/de-duped-volume-bids/PUBLIC_DVD_BIDPEROFFER1_202311010000.parquet/part.158.parquet
2025-03-19 18:55:35,473 - INFO - Wrote original 0 rows to s3://thesis--ec331-s3/de-duped-volume-bids/PUBLIC_DVD_BIDPEROFFER1_202311010000.parquet/part.157.parquet
2025-03-19 18:55:35,557 - INFO - Processing: s3://thesis--ec331-s3/FCAS_RAISE1SEC-Volume-Bids/PUBLIC_DVD_BIDPEROFFER1_202311010000.parquet/part.159.parquet
2025-03-19 18:55:35,560 - INFO - Wrote original 0 rows to s3://thesis--ec331-s3/de-duped-volume-bids/PUBLIC_DVD_BIDPEROFFER1_202311010000.parquet/part.155.parquet
2025-03-19 18:55:35,561 - INFO - Target: s3://thesis--ec331-s3/de-duped-volume-bids/PUBLIC_DVD_BIDPEROFFER1_202311010000.parquet/part.159.parquet
2025-03-19 18:55:35,644 - INFO - Processing: s3://thesis--ec331-s3/FCAS_RAISE1SEC-Volume-Bids/PUBLIC_DVD_BIDPEROFFER1_202311010000.parquet/part.16.parquet
2025-03-19 18:55:35,652 - INFO - Wrote original 0 rows to s3://thesis--ec331-s3/de-duped-volume-bids/PUBLIC_DVD_BIDPEROFFER1_202311010000.parquet/part.156.parquet
2025-03-19 18:55:35,663 - INFO - Target: s3://thesis--ec331-s3/de-duped-volume-bids/PUBLIC_DVD_BIDPEROFFER1_202311010000.parquet/part.16.parquet
2025-03-19 18:55:35,749 - INFO - Processing: s3://thesis--ec331-s3/FCAS_RAISE1SEC-Volume-Bids/PUBLIC_DVD_BIDPEROFFER1_202311010000.parquet/part.160.parquet
2025-03-19 18:55:35,763 - INFO - Target: s3://thesis--ec331-s3/de-duped-volume-bids/PUBLIC_DVD_BIDPEROFFER1_202311010000.parquet/part.160.parquet
2025-03-19 18:55:35,785 - INFO - Read 0 rows from s3://thesis--ec331-s3/FCAS_RAISE1SEC-Volume-Bids/PUBLIC_DVD_BIDPEROFFER1_202311010000.parquet/part.158.parquet
2025-03-19 18:55:35,789 - INFO - No duplicates found in s3://thesis--ec331-s3/FCAS_RAISE1SEC-Volume-Bids/PUBLIC_DVD_BIDPEROFFER1_202311010000.parquet/part.158.parquet
2025-03-19 18:55:35,790 - WARNING - Empty DataFrame will be written.
2025-03-19 18:55:36,003 - INFO - Read 0 rows from s3://thesis--ec331-s3/FCAS_RAISE1SEC-Volume-Bids/PUBLIC_DVD_BIDPEROFFER1_202311010000.parquet/part.159.parquet
2025-03-19 18:55:36,006 - INFO - No duplicates found in s3://thesis--ec331-s3/FCAS_RAISE1SEC-Volume-Bids/PUBLIC_DVD_BIDPEROFFER1_202311010000.parquet/part.159.parquet
2025-03-19 18:55:36,008 - WARNING - Empty DataFrame will be written.
2025-03-19 18:55:36,039 - INFO - Read 0 rows from s3://thesis--ec331-s3/FCAS_RAISE1SEC-Volume-Bids/PUBLIC_DVD_BIDPEROFFER1_202311010000.parquet/part.16.parquet
2025-03-19 18:55:36,042 - INFO - No duplicates found in s3://thesis--ec331-s3/FCAS_RAISE1SEC-Volume-Bids/PUBLIC_DVD_BIDPEROFFER1_202311010000.parquet/part.16.parquet
2025-03-19 18:55:36,043 - WARNING - Empty DataFrame will be written.
2025-03-19 18:55:36,046 - INFO - Wrote original 0 rows to s3://thesis--ec331-s3/de-duped-volume-bids/PUBLIC_DVD_BIDPEROFFER1_202311010000.parquet/part.158.parquet
2025-03-19 18:55:36,144 - INFO - Processing: s3://thesis--ec331-s3/FCAS_RAISE1SEC-Volume-Bids/PUBLIC_DVD_BIDPEROFFER1_202311010000.parquet/part.161.parquet
2025-03-19 18:55:36,148 - INFO - Target: s3://thesis--ec331-s3/de-duped-volume-bids/PUBLIC_DVD_BIDPEROFFER1_202311010000.parquet/part.161.parquet
2025-03-19 18:55:36,442 - INFO - Wrote original 0 rows to s3://thesis--ec331-s3/de-duped-volume-bids/PUBLIC_DVD_BIDPEROFFER1_202311010000.parquet/part.159.parquet
2025-03-19 18:55:36,566 - INFO - Wrote original 0 rows to s3://thesis--ec331-s3/de-duped-volume-bids/PUBLIC_DVD_BIDPEROFFER1_202311010000.parquet/part.16.parquet
2025-03-19 18:55:36,566 - INFO - Processing: s3://thesis--ec331-s3/FCAS_RAISE1SEC-Volume-Bids/PUBLIC_DVD_BIDPEROFFER1_202311010000.parquet/part.162.parquet
2025-03-19 18:55:36,653 - INFO - Processing: s3://thesis--ec331-s3/FCAS_RAISE1SEC-Volume-Bids/PUBLIC_DVD_BIDPEROFFER1_202311010000.parquet/part.163.parquet
2025-03-19 18:55:36,655 - INFO - Target: s3://thesis--ec331-s3/de-duped-volume-bids/PUBLIC_DVD_BIDPEROFFER1_202311010000.parquet/part.162.parquet
2025-03-19 18:55:36,659 - INFO - Target: s3://thesis--ec331-s3/de-duped-volume-bids/PUBLIC_DVD_BIDPEROFFER1_202311010000.parquet/part.163.parquet
2025-03-19 18:55:36,722 - INFO - Read 261,665 rows from s3://thesis--ec331-s3/FCAS_RAISE1SEC-Volume-Bids/PUBLIC_DVD_BIDPEROFFER1_202311010000.parquet/part.160.parquet
2025-03-19 18:55:36,878 - INFO - Found 261,655 rows (100.00%) with duplicate keys
2025-03-19 18:55:37,123 - INFO - Removed 261,017 duplicate rows
2025-03-19 18:55:37,451 - INFO - Read 509,851 rows from s3://thesis--ec331-s3/FCAS_RAISE1SEC-Volume-Bids/PUBLIC_DVD_BIDPEROFFER1_202311010000.parquet/part.161.parquet
2025-03-19 18:55:37,621 - INFO - Wrote 648 rows to s3://thesis--ec331-s3/de-duped-volume-bids/PUBLIC_DVD_BIDPEROFFER1_202311010000.parquet/part.160.parquet
2025-03-19 18:55:37,845 - INFO - Processing: s3://thesis--ec331-s3/FCAS_RAISE1SEC-Volume-Bids/PUBLIC_DVD_BIDPEROFFER1_202311010000.parquet/part.164.parquet
2025-03-19 18:55:37,935 - INFO - Target: s3://thesis--ec331-s3/de-duped-volume-bids/PUBLIC_DVD_BIDPEROFFER1_202311010000.parquet/part.164.parquet
2025-03-19 18:55:38,687 - INFO - Found 509,851 rows (100.00%) with duplicate keys
2025-03-19 18:55:38,826 - INFO - Read 509,862 rows from s3://thesis--ec331-s3/FCAS_RAISE1SEC-Volume-Bids/PUBLIC_DVD_BIDPEROFFER1_202311010000.parquet/part.162.parquet
2025-03-19 18:55:38,860 - INFO - Read 509,852 rows from s3://thesis--ec331-s3/FCAS_RAISE1SEC-Volume-Bids/PUBLIC_DVD_BIDPEROFFER1_202311010000.parquet/part.163.parquet
2025-03-19 18:55:38,917 - INFO - Removed 508,421 duplicate rows
2025-03-19 18:55:39,449 - INFO - Found 509,862 rows (100.00%) with duplicate keys
2025-03-19 18:55:39,498 - INFO - Found 509,818 rows (99.99%) with duplicate keys
2025-03-19 18:55:39,617 - INFO - Removed 508,422 duplicate rows
2025-03-19 18:55:39,634 - INFO - Read 277,186 rows from s3://thesis--ec331-s3/FCAS_RAISE1SEC-Volume-Bids/PUBLIC_DVD_BIDPEROFFER1_202311010000.parquet/part.164.parquet
2025-03-19 18:55:39,706 - INFO - Removed 508,578 duplicate rows
2025-03-19 18:55:39,832 - INFO - Found 277,148 rows (99.99%) with duplicate keys
2025-03-19 18:55:39,863 - INFO - Wrote 1,430 rows to s3://thesis--ec331-s3/de-duped-volume-bids/PUBLIC_DVD_BIDPEROFFER1_202311010000.parquet/part.161.parquet
2025-03-19 18:55:40,100 - INFO - Processing: s3://thesis--ec331-s3/FCAS_RAISE1SEC-Volume-Bids/PUBLIC_DVD_BIDPEROFFER1_202311010000.parquet/part.165.parquet
2025-03-19 18:55:40,102 - INFO - Target: s3://thesis--ec331-s3/de-duped-volume-bids/PUBLIC_DVD_BIDPEROFFER1_202311010000.parquet/part.165.parquet
2025-03-19 18:55:40,129 - INFO - Removed 276,493 duplicate rows
2025-03-19 18:55:40,168 - INFO - Wrote 1,440 rows to s3://thesis--ec331-s3/de-duped-volume-bids/PUBLIC_DVD_BIDPEROFFER1_202311010000.parquet/part.162.parquet
2025-03-19 18:55:40,406 - INFO - Processing: s3://thesis--ec331-s3/FCAS_RAISE1SEC-Volume-Bids/PUBLIC_DVD_BIDPEROFFER1_202311010000.parquet/part.166.parquet
2025-03-19 18:55:40,408 - INFO - Target: s3://thesis--ec331-s3/de-duped-volume-bids/PUBLIC_DVD_BIDPEROFFER1_202311010000.parquet/part.166.parquet
2025-03-19 18:55:40,500 - INFO - Wrote 1,274 rows to s3://thesis--ec331-s3/de-duped-volume-bids/PUBLIC_DVD_BIDPEROFFER1_202311010000.parquet/part.163.parquet
2025-03-19 18:55:40,752 - INFO - Processing: s3://thesis--ec331-s3/FCAS_RAISE1SEC-Volume-Bids/PUBLIC_DVD_BIDPEROFFER1_202311010000.parquet/part.167.parquet
2025-03-19 18:55:40,753 - INFO - Target: s3://thesis--ec331-s3/de-duped-volume-bids/PUBLIC_DVD_BIDPEROFFER1_202311010000.parquet/part.167.parquet
2025-03-19 18:55:40,833 - INFO - Wrote 693 rows to s3://thesis--ec331-s3/de-duped-volume-bids/PUBLIC_DVD_BIDPEROFFER1_202311010000.parquet/part.164.parquet
2025-03-19 18:55:41,026 - INFO - Processing: s3://thesis--ec331-s3/FCAS_RAISE1SEC-Volume-Bids/PUBLIC_DVD_BIDPEROFFER1_202311010000.parquet/part.168.parquet
2025-03-19 18:55:41,028 - INFO - Target: s3://thesis--ec331-s3/de-duped-volume-bids/PUBLIC_DVD_BIDPEROFFER1_202311010000.parquet/part.168.parquet
2025-03-19 18:55:41,050 - INFO - Read 0 rows from s3://thesis--ec331-s3/FCAS_RAISE1SEC-Volume-Bids/PUBLIC_DVD_BIDPEROFFER1_202311010000.parquet/part.165.parquet
2025-03-19 18:55:41,053 - INFO - No duplicates found in s3://thesis--ec331-s3/FCAS_RAISE1SEC-Volume-Bids/PUBLIC_DVD_BIDPEROFFER1_202311010000.parquet/part.165.parquet
2025-03-19 18:55:41,055 - WARNING - Empty DataFrame will be written.
2025-03-19 18:55:41,143 - INFO - Read 0 rows from s3://thesis--ec331-s3/FCAS_RAISE1SEC-Volume-Bids/PUBLIC_DVD_BIDPEROFFER1_202311010000.parquet/part.167.parquet
2025-03-19 18:55:41,145 - INFO - Read 0 rows from s3://thesis--ec331-s3/FCAS_RAISE1SEC-Volume-Bids/PUBLIC_DVD_BIDPEROFFER1_202311010000.parquet/part.166.parquet
2025-03-19 18:55:41,148 - INFO - No duplicates found in s3://thesis--ec331-s3/FCAS_RAISE1SEC-Volume-Bids/PUBLIC_DVD_BIDPEROFFER1_202311010000.parquet/part.167.parquet
2025-03-19 18:55:41,150 - INFO - No duplicates found in s3://thesis--ec331-s3/FCAS_RAISE1SEC-Volume-Bids/PUBLIC_DVD_BIDPEROFFER1_202311010000.parquet/part.166.parquet
2025-03-19 18:55:41,152 - WARNING - Empty DataFrame will be written.
2025-03-19 18:55:41,153 - WARNING - Empty DataFrame will be written.
2025-03-19 18:55:41,302 - INFO - Read 0 rows from s3://thesis--ec331-s3/FCAS_RAISE1SEC-Volume-Bids/PUBLIC_DVD_BIDPEROFFER1_202311010000.parquet/part.168.parquet
2025-03-19 18:55:41,304 - INFO - No duplicates found in s3://thesis--ec331-s3/FCAS_RAISE1SEC-Volume-Bids/PUBLIC_DVD_BIDPEROFFER1_202311010000.parquet/part.168.parquet
2025-03-19 18:55:41,305 - WARNING - Empty DataFrame will be written.
2025-03-19 18:55:41,320 - INFO - Wrote original 0 rows to s3://thesis--ec331-s3/de-duped-volume-bids/PUBLIC_DVD_BIDPEROFFER1_202311010000.parquet/part.165.parquet
2025-03-19 18:55:41,409 - INFO - Processing: s3://thesis--ec331-s3/FCAS_RAISE1SEC-Volume-Bids/PUBLIC_DVD_BIDPEROFFER1_202311010000.parquet/part.169.parquet
2025-03-19 18:55:41,411 - INFO - Target: s3://thesis--ec331-s3/de-duped-volume-bids/PUBLIC_DVD_BIDPEROFFER1_202311010000.parquet/part.169.parquet
2025-03-19 18:55:41,468 - INFO - Wrote original 0 rows to s3://thesis--ec331-s3/de-duped-volume-bids/PUBLIC_DVD_BIDPEROFFER1_202311010000.parquet/part.167.parquet
2025-03-19 18:55:41,554 - INFO - Processing: s3://thesis--ec331-s3/FCAS_RAISE1SEC-Volume-Bids/PUBLIC_DVD_BIDPEROFFER1_202311010000.parquet/part.17.parquet
2025-03-19 18:55:41,558 - INFO - Wrote original 0 rows to s3://thesis--ec331-s3/de-duped-volume-bids/PUBLIC_DVD_BIDPEROFFER1_202311010000.parquet/part.166.parquet
2025-03-19 18:55:41,559 - INFO - Target: s3://thesis--ec331-s3/de-duped-volume-bids/PUBLIC_DVD_BIDPEROFFER1_202311010000.parquet/part.17.parquet
2025-03-19 18:55:41,640 - INFO - Processing: s3://thesis--ec331-s3/FCAS_RAISE1SEC-Volume-Bids/PUBLIC_DVD_BIDPEROFFER1_202311010000.parquet/part.170.parquet
2025-03-19 18:55:41,662 - INFO - Target: s3://thesis--ec331-s3/de-duped-volume-bids/PUBLIC_DVD_BIDPEROFFER1_202311010000.parquet/part.170.parquet
2025-03-19 18:55:41,843 - INFO - Read 0 rows from s3://thesis--ec331-s3/FCAS_RAISE1SEC-Volume-Bids/PUBLIC_DVD_BIDPEROFFER1_202311010000.parquet/part.169.parquet
2025-03-19 18:55:41,852 - INFO - No duplicates found in s3://thesis--ec331-s3/FCAS_RAISE1SEC-Volume-Bids/PUBLIC_DVD_BIDPEROFFER1_202311010000.parquet/part.169.parquet
2025-03-19 18:55:41,855 - INFO - Wrote original 0 rows to s3://thesis--ec331-s3/de-duped-volume-bids/PUBLIC_DVD_BIDPEROFFER1_202311010000.parquet/part.168.parquet
2025-03-19 18:55:41,856 - WARNING - Empty DataFrame will be written.
2025-03-19 18:55:41,943 - INFO - Processing: s3://thesis--ec331-s3/FCAS_RAISE1SEC-Volume-Bids/PUBLIC_DVD_BIDPEROFFER1_202311010000.parquet/part.171.parquet
2025-03-19 18:55:41,957 - INFO - Target: s3://thesis--ec331-s3/de-duped-volume-bids/PUBLIC_DVD_BIDPEROFFER1_202311010000.parquet/part.171.parquet
2025-03-19 18:55:41,996 - INFO - Read 0 rows from s3://thesis--ec331-s3/FCAS_RAISE1SEC-Volume-Bids/PUBLIC_DVD_BIDPEROFFER1_202311010000.parquet/part.17.parquet
2025-03-19 18:55:41,999 - INFO - No duplicates found in s3://thesis--ec331-s3/FCAS_RAISE1SEC-Volume-Bids/PUBLIC_DVD_BIDPEROFFER1_202311010000.parquet/part.17.parquet
2025-03-19 18:55:42,000 - WARNING - Empty DataFrame will be written.
2025-03-19 18:55:42,012 - INFO - Read 0 rows from s3://thesis--ec331-s3/FCAS_RAISE1SEC-Volume-Bids/PUBLIC_DVD_BIDPEROFFER1_202311010000.parquet/part.170.parquet
2025-03-19 18:55:42,024 - INFO - No duplicates found in s3://thesis--ec331-s3/FCAS_RAISE1SEC-Volume-Bids/PUBLIC_DVD_BIDPEROFFER1_202311010000.parquet/part.170.parquet
2025-03-19 18:55:42,026 - WARNING - Empty DataFrame will be written.
2025-03-19 18:55:42,236 - INFO - Read 0 rows from s3://thesis--ec331-s3/FCAS_RAISE1SEC-Volume-Bids/PUBLIC_DVD_BIDPEROFFER1_202311010000.parquet/part.171.parquet
2025-03-19 18:55:42,239 - INFO - No duplicates found in s3://thesis--ec331-s3/FCAS_RAISE1SEC-Volume-Bids/PUBLIC_DVD_BIDPEROFFER1_202311010000.parquet/part.171.parquet
2025-03-19 18:55:42,240 - WARNING - Empty DataFrame will be written.
2025-03-19 18:55:42,292 - INFO - Wrote original 0 rows to s3://thesis--ec331-s3/de-duped-volume-bids/PUBLIC_DVD_BIDPEROFFER1_202311010000.parquet/part.170.parquet
2025-03-19 18:55:42,378 - INFO - Processing: s3://thesis--ec331-s3/FCAS_RAISE1SEC-Volume-Bids/PUBLIC_DVD_BIDPEROFFER1_202311010000.parquet/part.172.parquet
2025-03-19 18:55:42,381 - INFO - Target: s3://thesis--ec331-s3/de-duped-volume-bids/PUBLIC_DVD_BIDPEROFFER1_202311010000.parquet/part.172.parquet
2025-03-19 18:55:42,383 - INFO - Wrote original 0 rows to s3://thesis--ec331-s3/de-duped-volume-bids/PUBLIC_DVD_BIDPEROFFER1_202311010000.parquet/part.169.parquet
2025-03-19 18:55:42,477 - INFO - Processing: s3://thesis--ec331-s3/FCAS_RAISE1SEC-Volume-Bids/PUBLIC_DVD_BIDPEROFFER1_202311010000.parquet/part.173.parquet
2025-03-19 18:55:42,483 - INFO - Wrote original 0 rows to s3://thesis--ec331-s3/de-duped-volume-bids/PUBLIC_DVD_BIDPEROFFER1_202311010000.parquet/part.17.parquet
2025-03-19 18:55:42,483 - INFO - Target: s3://thesis--ec331-s3/de-duped-volume-bids/PUBLIC_DVD_BIDPEROFFER1_202311010000.parquet/part.173.parquet
2025-03-19 18:55:42,571 - INFO - Processing: s3://thesis--ec331-s3/FCAS_RAISE1SEC-Volume-Bids/PUBLIC_DVD_BIDPEROFFER1_202311010000.parquet/part.174.parquet
2025-03-19 18:55:42,582 - INFO - Target: s3://thesis--ec331-s3/de-duped-volume-bids/PUBLIC_DVD_BIDPEROFFER1_202311010000.parquet/part.174.parquet
2025-03-19 18:55:42,689 - INFO - Wrote original 0 rows to s3://thesis--ec331-s3/de-duped-volume-bids/PUBLIC_DVD_BIDPEROFFER1_202311010000.parquet/part.171.parquet
2025-03-19 18:55:42,773 - INFO - Processing: s3://thesis--ec331-s3/FCAS_RAISE1SEC-Volume-Bids/PUBLIC_DVD_BIDPEROFFER1_202311010000.parquet/part.175.parquet
2025-03-19 18:55:42,780 - INFO - Target: s3://thesis--ec331-s3/de-duped-volume-bids/PUBLIC_DVD_BIDPEROFFER1_202311010000.parquet/part.175.parquet
2025-03-19 18:55:42,880 - INFO - Read 0 rows from s3://thesis--ec331-s3/FCAS_RAISE1SEC-Volume-Bids/PUBLIC_DVD_BIDPEROFFER1_202311010000.parquet/part.172.parquet
2025-03-19 18:55:42,882 - INFO - No duplicates found in s3://thesis--ec331-s3/FCAS_RAISE1SEC-Volume-Bids/PUBLIC_DVD_BIDPEROFFER1_202311010000.parquet/part.172.parquet
2025-03-19 18:55:42,889 - WARNING - Empty DataFrame will be written.
2025-03-19 18:55:42,947 - INFO - Read 0 rows from s3://thesis--ec331-s3/FCAS_RAISE1SEC-Volume-Bids/PUBLIC_DVD_BIDPEROFFER1_202311010000.parquet/part.173.parquet
2025-03-19 18:55:42,952 - INFO - No duplicates found in s3://thesis--ec331-s3/FCAS_RAISE1SEC-Volume-Bids/PUBLIC_DVD_BIDPEROFFER1_202311010000.parquet/part.173.parquet
2025-03-19 18:55:42,953 - WARNING - Empty DataFrame will be written.
2025-03-19 18:55:42,984 - INFO - Read 0 rows from s3://thesis--ec331-s3/FCAS_RAISE1SEC-Volume-Bids/PUBLIC_DVD_BIDPEROFFER1_202311010000.parquet/part.174.parquet
2025-03-19 18:55:42,987 - INFO - No duplicates found in s3://thesis--ec331-s3/FCAS_RAISE1SEC-Volume-Bids/PUBLIC_DVD_BIDPEROFFER1_202311010000.parquet/part.174.parquet
2025-03-19 18:55:42,988 - WARNING - Empty DataFrame will be written.
2025-03-19 18:55:43,034 - INFO - Read 0 rows from s3://thesis--ec331-s3/FCAS_RAISE1SEC-Volume-Bids/PUBLIC_DVD_BIDPEROFFER1_202311010000.parquet/part.175.parquet
2025-03-19 18:55:43,036 - INFO - No duplicates found in s3://thesis--ec331-s3/FCAS_RAISE1SEC-Volume-Bids/PUBLIC_DVD_BIDPEROFFER1_202311010000.parquet/part.175.parquet
2025-03-19 18:55:43,037 - WARNING - Empty DataFrame will be written.
2025-03-19 18:55:43,157 - INFO - Wrote original 0 rows to s3://thesis--ec331-s3/de-duped-volume-bids/PUBLIC_DVD_BIDPEROFFER1_202311010000.parquet/part.172.parquet
2025-03-19 18:55:43,247 - INFO - Processing: s3://thesis--ec331-s3/FCAS_RAISE1SEC-Volume-Bids/PUBLIC_DVD_BIDPEROFFER1_202311010000.parquet/part.176.parquet
2025-03-19 18:55:43,249 - INFO - Target: s3://thesis--ec331-s3/de-duped-volume-bids/PUBLIC_DVD_BIDPEROFFER1_202311010000.parquet/part.176.parquet
2025-03-19 18:55:43,308 - INFO - Wrote original 0 rows to s3://thesis--ec331-s3/de-duped-volume-bids/PUBLIC_DVD_BIDPEROFFER1_202311010000.parquet/part.174.parquet
2025-03-19 18:55:43,312 - INFO - Wrote original 0 rows to s3://thesis--ec331-s3/de-duped-volume-bids/PUBLIC_DVD_BIDPEROFFER1_202311010000.parquet/part.175.parquet
2025-03-19 18:55:43,395 - INFO - Processing: s3://thesis--ec331-s3/FCAS_RAISE1SEC-Volume-Bids/PUBLIC_DVD_BIDPEROFFER1_202311010000.parquet/part.177.parquet
2025-03-19 18:55:43,399 - INFO - Wrote original 0 rows to s3://thesis--ec331-s3/de-duped-volume-bids/PUBLIC_DVD_BIDPEROFFER1_202311010000.parquet/part.173.parquet
2025-03-19 18:55:43,477 - INFO - Processing: s3://thesis--ec331-s3/FCAS_RAISE1SEC-Volume-Bids/PUBLIC_DVD_BIDPEROFFER1_202311010000.parquet/part.178.parquet
2025-03-19 18:55:43,478 - INFO - Target: s3://thesis--ec331-s3/de-duped-volume-bids/PUBLIC_DVD_BIDPEROFFER1_202311010000.parquet/part.177.parquet
2025-03-19 18:55:43,558 - INFO - Processing: s3://thesis--ec331-s3/FCAS_RAISE1SEC-Volume-Bids/PUBLIC_DVD_BIDPEROFFER1_202311010000.parquet/part.179.parquet
2025-03-19 18:55:43,560 - INFO - Target: s3://thesis--ec331-s3/de-duped-volume-bids/PUBLIC_DVD_BIDPEROFFER1_202311010000.parquet/part.178.parquet
2025-03-19 18:55:43,564 - INFO - Target: s3://thesis--ec331-s3/de-duped-volume-bids/PUBLIC_DVD_BIDPEROFFER1_202311010000.parquet/part.179.parquet
2025-03-19 18:55:43,758 - INFO - Read 0 rows from s3://thesis--ec331-s3/FCAS_RAISE1SEC-Volume-Bids/PUBLIC_DVD_BIDPEROFFER1_202311010000.parquet/part.176.parquet
2025-03-19 18:55:43,761 - INFO - No duplicates found in s3://thesis--ec331-s3/FCAS_RAISE1SEC-Volume-Bids/PUBLIC_DVD_BIDPEROFFER1_202311010000.parquet/part.176.parquet
2025-03-19 18:55:43,761 - WARNING - Empty DataFrame will be written.
2025-03-19 18:55:43,837 - INFO - Read 0 rows from s3://thesis--ec331-s3/FCAS_RAISE1SEC-Volume-Bids/PUBLIC_DVD_BIDPEROFFER1_202311010000.parquet/part.177.parquet
2025-03-19 18:55:43,849 - INFO - No duplicates found in s3://thesis--ec331-s3/FCAS_RAISE1SEC-Volume-Bids/PUBLIC_DVD_BIDPEROFFER1_202311010000.parquet/part.177.parquet
2025-03-19 18:55:43,850 - WARNING - Empty DataFrame will be written.
2025-03-19 18:55:43,888 - INFO - Read 0 rows from s3://thesis--ec331-s3/FCAS_RAISE1SEC-Volume-Bids/PUBLIC_DVD_BIDPEROFFER1_202311010000.parquet/part.178.parquet
2025-03-19 18:55:43,890 - INFO - No duplicates found in s3://thesis--ec331-s3/FCAS_RAISE1SEC-Volume-Bids/PUBLIC_DVD_BIDPEROFFER1_202311010000.parquet/part.178.parquet
2025-03-19 18:55:43,891 - WARNING - Empty DataFrame will be written.
2025-03-19 18:55:43,926 - INFO - Read 0 rows from s3://thesis--ec331-s3/FCAS_RAISE1SEC-Volume-Bids/PUBLIC_DVD_BIDPEROFFER1_202311010000.parquet/part.179.parquet
2025-03-19 18:55:43,928 - INFO - No duplicates found in s3://thesis--ec331-s3/FCAS_RAISE1SEC-Volume-Bids/PUBLIC_DVD_BIDPEROFFER1_202311010000.parquet/part.179.parquet
2025-03-19 18:55:43,929 - WARNING - Empty DataFrame will be written.
2025-03-19 18:55:44,002 - INFO - Wrote original 0 rows to s3://thesis--ec331-s3/de-duped-volume-bids/PUBLIC_DVD_BIDPEROFFER1_202311010000.parquet/part.176.parquet
2025-03-19 18:55:44,091 - INFO - Processing: s3://thesis--ec331-s3/FCAS_RAISE1SEC-Volume-Bids/PUBLIC_DVD_BIDPEROFFER1_202311010000.parquet/part.18.parquet
2025-03-19 18:55:44,093 - INFO - Target: s3://thesis--ec331-s3/de-duped-volume-bids/PUBLIC_DVD_BIDPEROFFER1_202311010000.parquet/part.18.parquet
2025-03-19 18:55:44,159 - INFO - Wrote original 0 rows to s3://thesis--ec331-s3/de-duped-volume-bids/PUBLIC_DVD_BIDPEROFFER1_202311010000.parquet/part.177.parquet
2025-03-19 18:55:44,241 - INFO - Processing: s3://thesis--ec331-s3/FCAS_RAISE1SEC-Volume-Bids/PUBLIC_DVD_BIDPEROFFER1_202311010000.parquet/part.180.parquet
2025-03-19 18:55:44,245 - INFO - Wrote original 0 rows to s3://thesis--ec331-s3/de-duped-volume-bids/PUBLIC_DVD_BIDPEROFFER1_202311010000.parquet/part.178.parquet
2025-03-19 18:55:44,246 - INFO - Target: s3://thesis--ec331-s3/de-duped-volume-bids/PUBLIC_DVD_BIDPEROFFER1_202311010000.parquet/part.180.parquet
2025-03-19 18:55:44,327 - INFO - Processing: s3://thesis--ec331-s3/FCAS_RAISE1SEC-Volume-Bids/PUBLIC_DVD_BIDPEROFFER1_202311010000.parquet/part.181.parquet
2025-03-19 18:55:44,338 - INFO - Target: s3://thesis--ec331-s3/de-duped-volume-bids/PUBLIC_DVD_BIDPEROFFER1_202311010000.parquet/part.181.parquet
2025-03-19 18:55:44,391 - INFO - Wrote original 0 rows to s3://thesis--ec331-s3/de-duped-volume-bids/PUBLIC_DVD_BIDPEROFFER1_202311010000.parquet/part.179.parquet
2025-03-19 18:55:44,473 - INFO - Processing: s3://thesis--ec331-s3/FCAS_RAISE1SEC-Volume-Bids/PUBLIC_DVD_BIDPEROFFER1_202311010000.parquet/part.182.parquet
2025-03-19 18:55:44,475 - INFO - Target: s3://thesis--ec331-s3/de-duped-volume-bids/PUBLIC_DVD_BIDPEROFFER1_202311010000.parquet/part.182.parquet
2025-03-19 18:55:44,584 - INFO - Read 0 rows from s3://thesis--ec331-s3/FCAS_RAISE1SEC-Volume-Bids/PUBLIC_DVD_BIDPEROFFER1_202311010000.parquet/part.18.parquet
2025-03-19 18:55:44,587 - INFO - No duplicates found in s3://thesis--ec331-s3/FCAS_RAISE1SEC-Volume-Bids/PUBLIC_DVD_BIDPEROFFER1_202311010000.parquet/part.18.parquet
2025-03-19 18:55:44,588 - WARNING - Empty DataFrame will be written.
2025-03-19 18:55:44,661 - INFO - Read 0 rows from s3://thesis--ec331-s3/FCAS_RAISE1SEC-Volume-Bids/PUBLIC_DVD_BIDPEROFFER1_202311010000.parquet/part.180.parquet
2025-03-19 18:55:44,669 - INFO - No duplicates found in s3://thesis--ec331-s3/FCAS_RAISE1SEC-Volume-Bids/PUBLIC_DVD_BIDPEROFFER1_202311010000.parquet/part.180.parquet
2025-03-19 18:55:44,670 - WARNING - Empty DataFrame will be written.
2025-03-19 18:55:44,695 - INFO - Read 0 rows from s3://thesis--ec331-s3/FCAS_RAISE1SEC-Volume-Bids/PUBLIC_DVD_BIDPEROFFER1_202311010000.parquet/part.181.parquet
2025-03-19 18:55:44,698 - INFO - No duplicates found in s3://thesis--ec331-s3/FCAS_RAISE1SEC-Volume-Bids/PUBLIC_DVD_BIDPEROFFER1_202311010000.parquet/part.181.parquet
2025-03-19 18:55:44,700 - WARNING - Empty DataFrame will be written.
2025-03-19 18:55:44,737 - INFO - Read 0 rows from s3://thesis--ec331-s3/FCAS_RAISE1SEC-Volume-Bids/PUBLIC_DVD_BIDPEROFFER1_202311010000.parquet/part.182.parquet
2025-03-19 18:55:44,740 - INFO - No duplicates found in s3://thesis--ec331-s3/FCAS_RAISE1SEC-Volume-Bids/PUBLIC_DVD_BIDPEROFFER1_202311010000.parquet/part.182.parquet
2025-03-19 18:55:44,741 - WARNING - Empty DataFrame will be written.
2025-03-19 18:55:44,859 - INFO - Wrote original 0 rows to s3://thesis--ec331-s3/de-duped-volume-bids/PUBLIC_DVD_BIDPEROFFER1_202311010000.parquet/part.18.parquet
2025-03-19 18:55:44,949 - INFO - Processing: s3://thesis--ec331-s3/FCAS_RAISE1SEC-Volume-Bids/PUBLIC_DVD_BIDPEROFFER1_202311010000.parquet/part.183.parquet
2025-03-19 18:55:44,951 - INFO - Target: s3://thesis--ec331-s3/de-duped-volume-bids/PUBLIC_DVD_BIDPEROFFER1_202311010000.parquet/part.183.parquet
2025-03-19 18:55:44,997 - INFO - Wrote original 0 rows to s3://thesis--ec331-s3/de-duped-volume-bids/PUBLIC_DVD_BIDPEROFFER1_202311010000.parquet/part.181.parquet
2025-03-19 18:55:45,083 - INFO - Processing: s3://thesis--ec331-s3/FCAS_RAISE1SEC-Volume-Bids/PUBLIC_DVD_BIDPEROFFER1_202311010000.parquet/part.184.parquet
2025-03-19 18:55:45,086 - INFO - Wrote original 0 rows to s3://thesis--ec331-s3/de-duped-volume-bids/PUBLIC_DVD_BIDPEROFFER1_202311010000.parquet/part.180.parquet
2025-03-19 18:55:45,087 - INFO - Target: s3://thesis--ec331-s3/de-duped-volume-bids/PUBLIC_DVD_BIDPEROFFER1_202311010000.parquet/part.184.parquet
2025-03-19 18:55:45,169 - INFO - Processing: s3://thesis--ec331-s3/FCAS_RAISE1SEC-Volume-Bids/PUBLIC_DVD_BIDPEROFFER1_202311010000.parquet/part.185.parquet
2025-03-19 18:55:45,186 - INFO - Target: s3://thesis--ec331-s3/de-duped-volume-bids/PUBLIC_DVD_BIDPEROFFER1_202311010000.parquet/part.185.parquet
2025-03-19 18:55:45,233 - INFO - Wrote original 0 rows to s3://thesis--ec331-s3/de-duped-volume-bids/PUBLIC_DVD_BIDPEROFFER1_202311010000.parquet/part.182.parquet
2025-03-19 18:55:45,318 - INFO - Processing: s3://thesis--ec331-s3/FCAS_RAISE1SEC-Volume-Bids/PUBLIC_DVD_BIDPEROFFER1_202311010000.parquet/part.186.parquet
2025-03-19 18:55:45,319 - INFO - Target: s3://thesis--ec331-s3/de-duped-volume-bids/PUBLIC_DVD_BIDPEROFFER1_202311010000.parquet/part.186.parquet
2025-03-19 18:55:45,432 - INFO - Read 0 rows from s3://thesis--ec331-s3/FCAS_RAISE1SEC-Volume-Bids/PUBLIC_DVD_BIDPEROFFER1_202311010000.parquet/part.183.parquet
2025-03-19 18:55:45,435 - INFO - No duplicates found in s3://thesis--ec331-s3/FCAS_RAISE1SEC-Volume-Bids/PUBLIC_DVD_BIDPEROFFER1_202311010000.parquet/part.183.parquet
2025-03-19 18:55:45,436 - WARNING - Empty DataFrame will be written.
2025-03-19 18:55:45,503 - INFO - Read 0 rows from s3://thesis--ec331-s3/FCAS_RAISE1SEC-Volume-Bids/PUBLIC_DVD_BIDPEROFFER1_202311010000.parquet/part.184.parquet
2025-03-19 18:55:45,508 - INFO - No duplicates found in s3://thesis--ec331-s3/FCAS_RAISE1SEC-Volume-Bids/PUBLIC_DVD_BIDPEROFFER1_202311010000.parquet/part.184.parquet
2025-03-19 18:55:45,510 - WARNING - Empty DataFrame will be written.
2025-03-19 18:55:45,547 - INFO - Read 0 rows from s3://thesis--ec331-s3/FCAS_RAISE1SEC-Volume-Bids/PUBLIC_DVD_BIDPEROFFER1_202311010000.parquet/part.185.parquet
2025-03-19 18:55:45,550 - INFO - No duplicates found in s3://thesis--ec331-s3/FCAS_RAISE1SEC-Volume-Bids/PUBLIC_DVD_BIDPEROFFER1_202311010000.parquet/part.185.parquet
2025-03-19 18:55:45,556 - WARNING - Empty DataFrame will be written.
2025-03-19 18:55:45,585 - INFO - Read 0 rows from s3://thesis--ec331-s3/FCAS_RAISE1SEC-Volume-Bids/PUBLIC_DVD_BIDPEROFFER1_202311010000.parquet/part.186.parquet
2025-03-19 18:55:45,588 - INFO - No duplicates found in s3://thesis--ec331-s3/FCAS_RAISE1SEC-Volume-Bids/PUBLIC_DVD_BIDPEROFFER1_202311010000.parquet/part.186.parquet
2025-03-19 18:55:45,593 - WARNING - Empty DataFrame will be written.
2025-03-19 18:55:45,679 - INFO - Wrote original 0 rows to s3://thesis--ec331-s3/de-duped-volume-bids/PUBLIC_DVD_BIDPEROFFER1_202311010000.parquet/part.183.parquet
2025-03-19 18:55:45,767 - INFO - Processing: s3://thesis--ec331-s3/FCAS_RAISE1SEC-Volume-Bids/PUBLIC_DVD_BIDPEROFFER1_202311010000.parquet/part.187.parquet
2025-03-19 18:55:45,770 - INFO - Target: s3://thesis--ec331-s3/de-duped-volume-bids/PUBLIC_DVD_BIDPEROFFER1_202311010000.parquet/part.187.parquet
2025-03-19 18:55:45,921 - INFO - Wrote original 0 rows to s3://thesis--ec331-s3/de-duped-volume-bids/PUBLIC_DVD_BIDPEROFFER1_202311010000.parquet/part.185.parquet
2025-03-19 18:55:46,004 - INFO - Processing: s3://thesis--ec331-s3/FCAS_RAISE1SEC-Volume-Bids/PUBLIC_DVD_BIDPEROFFER1_202311010000.parquet/part.188.parquet
2025-03-19 18:55:46,007 - INFO - Target: s3://thesis--ec331-s3/de-duped-volume-bids/PUBLIC_DVD_BIDPEROFFER1_202311010000.parquet/part.188.parquet
2025-03-19 18:55:46,008 - INFO - Wrote original 0 rows to s3://thesis--ec331-s3/de-duped-volume-bids/PUBLIC_DVD_BIDPEROFFER1_202311010000.parquet/part.184.parquet
2025-03-19 18:55:46,105 - INFO - Processing: s3://thesis--ec331-s3/FCAS_RAISE1SEC-Volume-Bids/PUBLIC_DVD_BIDPEROFFER1_202311010000.parquet/part.189.parquet
2025-03-19 18:55:46,107 - INFO - Wrote original 0 rows to s3://thesis--ec331-s3/de-duped-volume-bids/PUBLIC_DVD_BIDPEROFFER1_202311010000.parquet/part.186.parquet
2025-03-19 18:55:46,113 - INFO - Target: s3://thesis--ec331-s3/de-duped-volume-bids/PUBLIC_DVD_BIDPEROFFER1_202311010000.parquet/part.189.parquet
2025-03-19 18:55:46,195 - INFO - Processing: s3://thesis--ec331-s3/FCAS_RAISE1SEC-Volume-Bids/PUBLIC_DVD_BIDPEROFFER1_202311010000.parquet/part.19.parquet
2025-03-19 18:55:46,212 - INFO - Target: s3://thesis--ec331-s3/de-duped-volume-bids/PUBLIC_DVD_BIDPEROFFER1_202311010000.parquet/part.19.parquet
2025-03-19 18:55:46,257 - INFO - Read 0 rows from s3://thesis--ec331-s3/FCAS_RAISE1SEC-Volume-Bids/PUBLIC_DVD_BIDPEROFFER1_202311010000.parquet/part.187.parquet
2025-03-19 18:55:46,260 - INFO - No duplicates found in s3://thesis--ec331-s3/FCAS_RAISE1SEC-Volume-Bids/PUBLIC_DVD_BIDPEROFFER1_202311010000.parquet/part.187.parquet
2025-03-19 18:55:46,261 - WARNING - Empty DataFrame will be written.
2025-03-19 18:55:46,398 - INFO - Read 0 rows from s3://thesis--ec331-s3/FCAS_RAISE1SEC-Volume-Bids/PUBLIC_DVD_BIDPEROFFER1_202311010000.parquet/part.188.parquet
2025-03-19 18:55:46,401 - INFO - No duplicates found in s3://thesis--ec331-s3/FCAS_RAISE1SEC-Volume-Bids/PUBLIC_DVD_BIDPEROFFER1_202311010000.parquet/part.188.parquet
2025-03-19 18:55:46,402 - WARNING - Empty DataFrame will be written.
2025-03-19 18:55:46,460 - INFO - Wrote original 0 rows to s3://thesis--ec331-s3/de-duped-volume-bids/PUBLIC_DVD_BIDPEROFFER1_202311010000.parquet/part.187.parquet
2025-03-19 18:55:46,547 - INFO - Processing: s3://thesis--ec331-s3/FCAS_RAISE1SEC-Volume-Bids/PUBLIC_DVD_BIDPEROFFER1_202311010000.parquet/part.190.parquet
2025-03-19 18:55:46,550 - INFO - Target: s3://thesis--ec331-s3/de-duped-volume-bids/PUBLIC_DVD_BIDPEROFFER1_202311010000.parquet/part.190.parquet
2025-03-19 18:55:46,584 - INFO - Read 0 rows from s3://thesis--ec331-s3/FCAS_RAISE1SEC-Volume-Bids/PUBLIC_DVD_BIDPEROFFER1_202311010000.parquet/part.189.parquet
2025-03-19 18:55:46,590 - INFO - Read 0 rows from s3://thesis--ec331-s3/FCAS_RAISE1SEC-Volume-Bids/PUBLIC_DVD_BIDPEROFFER1_202311010000.parquet/part.19.parquet
2025-03-19 18:55:46,593 - INFO - No duplicates found in s3://thesis--ec331-s3/FCAS_RAISE1SEC-Volume-Bids/PUBLIC_DVD_BIDPEROFFER1_202311010000.parquet/part.189.parquet
2025-03-19 18:55:46,595 - INFO - No duplicates found in s3://thesis--ec331-s3/FCAS_RAISE1SEC-Volume-Bids/PUBLIC_DVD_BIDPEROFFER1_202311010000.parquet/part.19.parquet
2025-03-19 18:55:46,596 - WARNING - Empty DataFrame will be written.
2025-03-19 18:55:46,597 - WARNING - Empty DataFrame will be written.
2025-03-19 18:55:46,689 - INFO - Wrote original 0 rows to s3://thesis--ec331-s3/de-duped-volume-bids/PUBLIC_DVD_BIDPEROFFER1_202311010000.parquet/part.188.parquet
2025-03-19 18:55:46,776 - INFO - Processing: s3://thesis--ec331-s3/FCAS_RAISE1SEC-Volume-Bids/PUBLIC_DVD_BIDPEROFFER1_202311010000.parquet/part.191.parquet
2025-03-19 18:55:46,777 - INFO - Target: s3://thesis--ec331-s3/de-duped-volume-bids/PUBLIC_DVD_BIDPEROFFER1_202311010000.parquet/part.191.parquet
2025-03-19 18:55:46,915 - INFO - Read 0 rows from s3://thesis--ec331-s3/FCAS_RAISE1SEC-Volume-Bids/PUBLIC_DVD_BIDPEROFFER1_202311010000.parquet/part.190.parquet
2025-03-19 18:55:46,918 - INFO - Wrote original 0 rows to s3://thesis--ec331-s3/de-duped-volume-bids/PUBLIC_DVD_BIDPEROFFER1_202311010000.parquet/part.189.parquet
2025-03-19 18:55:46,922 - INFO - No duplicates found in s3://thesis--ec331-s3/FCAS_RAISE1SEC-Volume-Bids/PUBLIC_DVD_BIDPEROFFER1_202311010000.parquet/part.190.parquet
2025-03-19 18:55:46,924 - INFO - Wrote original 0 rows to s3://thesis--ec331-s3/de-duped-volume-bids/PUBLIC_DVD_BIDPEROFFER1_202311010000.parquet/part.19.parquet
2025-03-19 18:55:47,006 - INFO - Processing: s3://thesis--ec331-s3/FCAS_RAISE1SEC-Volume-Bids/PUBLIC_DVD_BIDPEROFFER1_202311010000.parquet/part.192.parquet
2025-03-19 18:55:47,007 - WARNING - Empty DataFrame will be written.
2025-03-19 18:55:47,086 - INFO - Processing: s3://thesis--ec331-s3/FCAS_RAISE1SEC-Volume-Bids/PUBLIC_DVD_BIDPEROFFER1_202311010000.parquet/part.193.parquet
2025-03-19 18:55:47,087 - INFO - Target: s3://thesis--ec331-s3/de-duped-volume-bids/PUBLIC_DVD_BIDPEROFFER1_202311010000.parquet/part.192.parquet
2025-03-19 18:55:47,101 - INFO - Target: s3://thesis--ec331-s3/de-duped-volume-bids/PUBLIC_DVD_BIDPEROFFER1_202311010000.parquet/part.193.parquet
2025-03-19 18:55:47,210 - INFO - Read 0 rows from s3://thesis--ec331-s3/FCAS_RAISE1SEC-Volume-Bids/PUBLIC_DVD_BIDPEROFFER1_202311010000.parquet/part.191.parquet
2025-03-19 18:55:47,213 - INFO - No duplicates found in s3://thesis--ec331-s3/FCAS_RAISE1SEC-Volume-Bids/PUBLIC_DVD_BIDPEROFFER1_202311010000.parquet/part.191.parquet
2025-03-19 18:55:47,215 - WARNING - Empty DataFrame will be written.
2025-03-19 18:55:47,388 - INFO - Wrote original 0 rows to s3://thesis--ec331-s3/de-duped-volume-bids/PUBLIC_DVD_BIDPEROFFER1_202311010000.parquet/part.190.parquet
2025-03-19 18:55:47,476 - INFO - Processing: s3://thesis--ec331-s3/FCAS_RAISE1SEC-Volume-Bids/PUBLIC_DVD_BIDPEROFFER1_202311010000.parquet/part.194.parquet
2025-03-19 18:55:47,478 - INFO - Target: s3://thesis--ec331-s3/de-duped-volume-bids/PUBLIC_DVD_BIDPEROFFER1_202311010000.parquet/part.194.parquet
2025-03-19 18:55:47,496 - INFO - Read 23,521 rows from s3://thesis--ec331-s3/FCAS_RAISE1SEC-Volume-Bids/PUBLIC_DVD_BIDPEROFFER1_202311010000.parquet/part.192.parquet
2025-03-19 18:55:47,516 - INFO - Found 23,521 rows (100.00%) with duplicate keys
2025-03-19 18:55:47,523 - INFO - Removed 23,233 duplicate rows
2025-03-19 18:55:47,539 - INFO - Wrote original 0 rows to s3://thesis--ec331-s3/de-duped-volume-bids/PUBLIC_DVD_BIDPEROFFER1_202311010000.parquet/part.191.parquet
2025-03-19 18:55:47,629 - INFO - Processing: s3://thesis--ec331-s3/FCAS_RAISE1SEC-Volume-Bids/PUBLIC_DVD_BIDPEROFFER1_202311010000.parquet/part.195.parquet
2025-03-19 18:55:47,631 - INFO - Target: s3://thesis--ec331-s3/de-duped-volume-bids/PUBLIC_DVD_BIDPEROFFER1_202311010000.parquet/part.195.parquet
2025-03-19 18:55:48,069 - INFO - Wrote 288 rows to s3://thesis--ec331-s3/de-duped-volume-bids/PUBLIC_DVD_BIDPEROFFER1_202311010000.parquet/part.192.parquet
2025-03-19 18:55:48,287 - INFO - Processing: s3://thesis--ec331-s3/FCAS_RAISE1SEC-Volume-Bids/PUBLIC_DVD_BIDPEROFFER1_202311010000.parquet/part.196.parquet
2025-03-19 18:55:48,304 - INFO - Target: s3://thesis--ec331-s3/de-duped-volume-bids/PUBLIC_DVD_BIDPEROFFER1_202311010000.parquet/part.196.parquet
2025-03-19 18:55:48,413 - INFO - Read 509,859 rows from s3://thesis--ec331-s3/FCAS_RAISE1SEC-Volume-Bids/PUBLIC_DVD_BIDPEROFFER1_202311010000.parquet/part.193.parquet
2025-03-19 18:55:49,247 - INFO - Found 509,859 rows (100.00%) with duplicate keys
2025-03-19 18:55:49,946 - INFO - Removed 508,707 duplicate rows
2025-03-19 18:55:50,062 - INFO - Read 509,861 rows from s3://thesis--ec331-s3/FCAS_RAISE1SEC-Volume-Bids/PUBLIC_DVD_BIDPEROFFER1_202311010000.parquet/part.194.parquet
2025-03-19 18:55:50,097 - INFO - Read 509,876 rows from s3://thesis--ec331-s3/FCAS_RAISE1SEC-Volume-Bids/PUBLIC_DVD_BIDPEROFFER1_202311010000.parquet/part.195.parquet
2025-03-19 18:55:50,449 - INFO - Read 508,675 rows from s3://thesis--ec331-s3/FCAS_RAISE1SEC-Volume-Bids/PUBLIC_DVD_BIDPEROFFER1_202311010000.parquet/part.196.parquet
2025-03-19 18:55:50,615 - INFO - Found 509,861 rows (100.00%) with duplicate keys
2025-03-19 18:55:50,615 - INFO - Found 509,876 rows (100.00%) with duplicate keys
2025-03-19 18:55:50,788 - INFO - Wrote 1,152 rows to s3://thesis--ec331-s3/de-duped-volume-bids/PUBLIC_DVD_BIDPEROFFER1_202311010000.parquet/part.193.parquet
2025-03-19 18:55:51,040 - INFO - Processing: s3://thesis--ec331-s3/FCAS_RAISE1SEC-Volume-Bids/PUBLIC_DVD_BIDPEROFFER1_202311010000.parquet/part.197.parquet
2025-03-19 18:55:51,060 - INFO - Target: s3://thesis--ec331-s3/de-duped-volume-bids/PUBLIC_DVD_BIDPEROFFER1_202311010000.parquet/part.197.parquet
2025-03-19 18:55:51,090 - INFO - Removed 508,421 duplicate rows
2025-03-19 18:55:51,108 - INFO - Removed 508,436 duplicate rows
2025-03-19 18:55:51,153 - INFO - Found 508,675 rows (100.00%) with duplicate keys
2025-03-19 18:55:51,251 - INFO - Removed 507,523 duplicate rows
2025-03-19 18:55:51,343 - INFO - Read 0 rows from s3://thesis--ec331-s3/FCAS_RAISE1SEC-Volume-Bids/PUBLIC_DVD_BIDPEROFFER1_202311010000.parquet/part.197.parquet
2025-03-19 18:55:51,347 - INFO - No duplicates found in s3://thesis--ec331-s3/FCAS_RAISE1SEC-Volume-Bids/PUBLIC_DVD_BIDPEROFFER1_202311010000.parquet/part.197.parquet
2025-03-19 18:55:51,349 - WARNING - Empty DataFrame will be written.
2025-03-19 18:55:51,365 - INFO - Wrote 1,440 rows to s3://thesis--ec331-s3/de-duped-volume-bids/PUBLIC_DVD_BIDPEROFFER1_202311010000.parquet/part.195.parquet
2025-03-19 18:55:51,368 - INFO - Wrote 1,440 rows to s3://thesis--ec331-s3/de-duped-volume-bids/PUBLIC_DVD_BIDPEROFFER1_202311010000.parquet/part.194.parquet
2025-03-19 18:55:51,598 - INFO - Processing: s3://thesis--ec331-s3/FCAS_RAISE1SEC-Volume-Bids/PUBLIC_DVD_BIDPEROFFER1_202311010000.parquet/part.198.parquet
2025-03-19 18:55:51,824 - INFO - Processing: s3://thesis--ec331-s3/FCAS_RAISE1SEC-Volume-Bids/PUBLIC_DVD_BIDPEROFFER1_202311010000.parquet/part.199.parquet
2025-03-19 18:55:51,825 - INFO - Target: s3://thesis--ec331-s3/de-duped-volume-bids/PUBLIC_DVD_BIDPEROFFER1_202311010000.parquet/part.198.parquet
2025-03-19 18:55:51,826 - INFO - Target: s3://thesis--ec331-s3/de-duped-volume-bids/PUBLIC_DVD_BIDPEROFFER1_202311010000.parquet/part.199.parquet
2025-03-19 18:55:51,882 - INFO - Wrote 1,152 rows to s3://thesis--ec331-s3/de-duped-volume-bids/PUBLIC_DVD_BIDPEROFFER1_202311010000.parquet/part.196.parquet
2025-03-19 18:55:52,114 - INFO - Processing: s3://thesis--ec331-s3/FCAS_RAISE1SEC-Volume-Bids/PUBLIC_DVD_BIDPEROFFER1_202311010000.parquet/part.2.parquet
2025-03-19 18:55:52,115 - INFO - Target: s3://thesis--ec331-s3/de-duped-volume-bids/PUBLIC_DVD_BIDPEROFFER1_202311010000.parquet/part.2.parquet
2025-03-19 18:55:52,285 - INFO - Wrote original 0 rows to s3://thesis--ec331-s3/de-duped-volume-bids/PUBLIC_DVD_BIDPEROFFER1_202311010000.parquet/part.197.parquet
2025-03-19 18:55:52,377 - INFO - Processing: s3://thesis--ec331-s3/FCAS_RAISE1SEC-Volume-Bids/PUBLIC_DVD_BIDPEROFFER1_202311010000.parquet/part.20.parquet
2025-03-19 18:55:52,387 - INFO - Target: s3://thesis--ec331-s3/de-duped-volume-bids/PUBLIC_DVD_BIDPEROFFER1_202311010000.parquet/part.20.parquet
2025-03-19 18:55:52,411 - INFO - Read 0 rows from s3://thesis--ec331-s3/FCAS_RAISE1SEC-Volume-Bids/PUBLIC_DVD_BIDPEROFFER1_202311010000.parquet/part.199.parquet
2025-03-19 18:55:52,420 - INFO - Read 0 rows from s3://thesis--ec331-s3/FCAS_RAISE1SEC-Volume-Bids/PUBLIC_DVD_BIDPEROFFER1_202311010000.parquet/part.198.parquet
2025-03-19 18:55:52,423 - INFO - No duplicates found in s3://thesis--ec331-s3/FCAS_RAISE1SEC-Volume-Bids/PUBLIC_DVD_BIDPEROFFER1_202311010000.parquet/part.199.parquet
2025-03-19 18:55:52,425 - INFO - No duplicates found in s3://thesis--ec331-s3/FCAS_RAISE1SEC-Volume-Bids/PUBLIC_DVD_BIDPEROFFER1_202311010000.parquet/part.198.parquet
2025-03-19 18:55:52,426 - WARNING - Empty DataFrame will be written.
2025-03-19 18:55:52,427 - WARNING - Empty DataFrame will be written.
2025-03-19 18:55:52,509 - INFO - Read 0 rows from s3://thesis--ec331-s3/FCAS_RAISE1SEC-Volume-Bids/PUBLIC_DVD_BIDPEROFFER1_202311010000.parquet/part.2.parquet
2025-03-19 18:55:52,512 - INFO - No duplicates found in s3://thesis--ec331-s3/FCAS_RAISE1SEC-Volume-Bids/PUBLIC_DVD_BIDPEROFFER1_202311010000.parquet/part.2.parquet
2025-03-19 18:55:52,513 - WARNING - Empty DataFrame will be written.
2025-03-19 18:55:52,654 - INFO - Read 0 rows from s3://thesis--ec331-s3/FCAS_RAISE1SEC-Volume-Bids/PUBLIC_DVD_BIDPEROFFER1_202311010000.parquet/part.20.parquet
2025-03-19 18:55:52,657 - INFO - No duplicates found in s3://thesis--ec331-s3/FCAS_RAISE1SEC-Volume-Bids/PUBLIC_DVD_BIDPEROFFER1_202311010000.parquet/part.20.parquet
2025-03-19 18:55:52,658 - WARNING - Empty DataFrame will be written.
2025-03-19 18:55:52,684 - INFO - Wrote original 0 rows to s3://thesis--ec331-s3/de-duped-volume-bids/PUBLIC_DVD_BIDPEROFFER1_202311010000.parquet/part.198.parquet
2025-03-19 18:55:52,780 - INFO - Processing: s3://thesis--ec331-s3/FCAS_RAISE1SEC-Volume-Bids/PUBLIC_DVD_BIDPEROFFER1_202311010000.parquet/part.200.parquet
2025-03-19 18:55:52,782 - INFO - Wrote original 0 rows to s3://thesis--ec331-s3/de-duped-volume-bids/PUBLIC_DVD_BIDPEROFFER1_202311010000.parquet/part.199.parquet
2025-03-19 18:55:52,784 - INFO - Target: s3://thesis--ec331-s3/de-duped-volume-bids/PUBLIC_DVD_BIDPEROFFER1_202311010000.parquet/part.200.parquet
2025-03-19 18:55:52,874 - INFO - Processing: s3://thesis--ec331-s3/FCAS_RAISE1SEC-Volume-Bids/PUBLIC_DVD_BIDPEROFFER1_202311010000.parquet/part.201.parquet
2025-03-19 18:55:52,881 - INFO - Wrote original 0 rows to s3://thesis--ec331-s3/de-duped-volume-bids/PUBLIC_DVD_BIDPEROFFER1_202311010000.parquet/part.2.parquet
2025-03-19 18:55:52,889 - INFO - Target: s3://thesis--ec331-s3/de-duped-volume-bids/PUBLIC_DVD_BIDPEROFFER1_202311010000.parquet/part.201.parquet
2025-03-19 18:55:52,984 - INFO - Processing: s3://thesis--ec331-s3/FCAS_RAISE1SEC-Volume-Bids/PUBLIC_DVD_BIDPEROFFER1_202311010000.parquet/part.202.parquet
2025-03-19 18:55:53,003 - INFO - Target: s3://thesis--ec331-s3/de-duped-volume-bids/PUBLIC_DVD_BIDPEROFFER1_202311010000.parquet/part.202.parquet
2025-03-19 18:55:53,154 - INFO - Wrote original 0 rows to s3://thesis--ec331-s3/de-duped-volume-bids/PUBLIC_DVD_BIDPEROFFER1_202311010000.parquet/part.20.parquet
2025-03-19 18:55:53,246 - INFO - Processing: s3://thesis--ec331-s3/FCAS_RAISE1SEC-Volume-Bids/PUBLIC_DVD_BIDPEROFFER1_202311010000.parquet/part.203.parquet
2025-03-19 18:55:53,248 - INFO - Target: s3://thesis--ec331-s3/de-duped-volume-bids/PUBLIC_DVD_BIDPEROFFER1_202311010000.parquet/part.203.parquet
2025-03-19 18:55:53,344 - INFO - Read 0 rows from s3://thesis--ec331-s3/FCAS_RAISE1SEC-Volume-Bids/PUBLIC_DVD_BIDPEROFFER1_202311010000.parquet/part.201.parquet
2025-03-19 18:55:53,348 - INFO - No duplicates found in s3://thesis--ec331-s3/FCAS_RAISE1SEC-Volume-Bids/PUBLIC_DVD_BIDPEROFFER1_202311010000.parquet/part.201.parquet
2025-03-19 18:55:53,357 - INFO - Read 0 rows from s3://thesis--ec331-s3/FCAS_RAISE1SEC-Volume-Bids/PUBLIC_DVD_BIDPEROFFER1_202311010000.parquet/part.200.parquet
2025-03-19 18:55:53,358 - WARNING - Empty DataFrame will be written.
2025-03-19 18:55:53,361 - INFO - No duplicates found in s3://thesis--ec331-s3/FCAS_RAISE1SEC-Volume-Bids/PUBLIC_DVD_BIDPEROFFER1_202311010000.parquet/part.200.parquet
2025-03-19 18:55:53,373 - WARNING - Empty DataFrame will be written.
2025-03-19 18:55:53,406 - INFO - Read 0 rows from s3://thesis--ec331-s3/FCAS_RAISE1SEC-Volume-Bids/PUBLIC_DVD_BIDPEROFFER1_202311010000.parquet/part.202.parquet
2025-03-19 18:55:53,409 - INFO - No duplicates found in s3://thesis--ec331-s3/FCAS_RAISE1SEC-Volume-Bids/PUBLIC_DVD_BIDPEROFFER1_202311010000.parquet/part.202.parquet
2025-03-19 18:55:53,410 - WARNING - Empty DataFrame will be written.
2025-03-19 18:55:53,536 - INFO - Read 0 rows from s3://thesis--ec331-s3/FCAS_RAISE1SEC-Volume-Bids/PUBLIC_DVD_BIDPEROFFER1_202311010000.parquet/part.203.parquet
2025-03-19 18:55:53,540 - INFO - No duplicates found in s3://thesis--ec331-s3/FCAS_RAISE1SEC-Volume-Bids/PUBLIC_DVD_BIDPEROFFER1_202311010000.parquet/part.203.parquet
2025-03-19 18:55:53,540 - WARNING - Empty DataFrame will be written.
2025-03-19 18:55:53,630 - INFO - Wrote original 0 rows to s3://thesis--ec331-s3/de-duped-volume-bids/PUBLIC_DVD_BIDPEROFFER1_202311010000.parquet/part.201.parquet
2025-03-19 18:55:53,730 - INFO - Processing: s3://thesis--ec331-s3/FCAS_RAISE1SEC-Volume-Bids/PUBLIC_DVD_BIDPEROFFER1_202311010000.parquet/part.204.parquet
2025-03-19 18:55:53,733 - INFO - Target: s3://thesis--ec331-s3/de-duped-volume-bids/PUBLIC_DVD_BIDPEROFFER1_202311010000.parquet/part.204.parquet
2025-03-19 18:55:53,756 - INFO - Wrote original 0 rows to s3://thesis--ec331-s3/de-duped-volume-bids/PUBLIC_DVD_BIDPEROFFER1_202311010000.parquet/part.202.parquet
2025-03-19 18:55:53,850 - INFO - Processing: s3://thesis--ec331-s3/FCAS_RAISE1SEC-Volume-Bids/PUBLIC_DVD_BIDPEROFFER1_202311010000.parquet/part.205.parquet
2025-03-19 18:55:53,854 - INFO - Wrote original 0 rows to s3://thesis--ec331-s3/de-duped-volume-bids/PUBLIC_DVD_BIDPEROFFER1_202311010000.parquet/part.200.parquet
2025-03-19 18:55:53,855 - INFO - Target: s3://thesis--ec331-s3/de-duped-volume-bids/PUBLIC_DVD_BIDPEROFFER1_202311010000.parquet/part.205.parquet
2025-03-19 18:55:53,945 - INFO - Processing: s3://thesis--ec331-s3/FCAS_RAISE1SEC-Volume-Bids/PUBLIC_DVD_BIDPEROFFER1_202311010000.parquet/part.206.parquet
2025-03-19 18:55:53,965 - INFO - Target: s3://thesis--ec331-s3/de-duped-volume-bids/PUBLIC_DVD_BIDPEROFFER1_202311010000.parquet/part.206.parquet
2025-03-19 18:55:54,007 - INFO - Wrote original 0 rows to s3://thesis--ec331-s3/de-duped-volume-bids/PUBLIC_DVD_BIDPEROFFER1_202311010000.parquet/part.203.parquet
2025-03-19 18:55:54,099 - INFO - Processing: s3://thesis--ec331-s3/FCAS_RAISE1SEC-Volume-Bids/PUBLIC_DVD_BIDPEROFFER1_202311010000.parquet/part.207.parquet
2025-03-19 18:55:54,100 - INFO - Target: s3://thesis--ec331-s3/de-duped-volume-bids/PUBLIC_DVD_BIDPEROFFER1_202311010000.parquet/part.207.parquet
2025-03-19 18:55:54,198 - INFO - Read 0 rows from s3://thesis--ec331-s3/FCAS_RAISE1SEC-Volume-Bids/PUBLIC_DVD_BIDPEROFFER1_202311010000.parquet/part.204.parquet
2025-03-19 18:55:54,202 - INFO - No duplicates found in s3://thesis--ec331-s3/FCAS_RAISE1SEC-Volume-Bids/PUBLIC_DVD_BIDPEROFFER1_202311010000.parquet/part.204.parquet
2025-03-19 18:55:54,204 - WARNING - Empty DataFrame will be written.
2025-03-19 18:55:54,314 - INFO - Read 0 rows from s3://thesis--ec331-s3/FCAS_RAISE1SEC-Volume-Bids/PUBLIC_DVD_BIDPEROFFER1_202311010000.parquet/part.205.parquet
2025-03-19 18:55:54,321 - INFO - Read 0 rows from s3://thesis--ec331-s3/FCAS_RAISE1SEC-Volume-Bids/PUBLIC_DVD_BIDPEROFFER1_202311010000.parquet/part.206.parquet
2025-03-19 18:55:54,323 - INFO - No duplicates found in s3://thesis--ec331-s3/FCAS_RAISE1SEC-Volume-Bids/PUBLIC_DVD_BIDPEROFFER1_202311010000.parquet/part.205.parquet
2025-03-19 18:55:54,326 - INFO - No duplicates found in s3://thesis--ec331-s3/FCAS_RAISE1SEC-Volume-Bids/PUBLIC_DVD_BIDPEROFFER1_202311010000.parquet/part.206.parquet
2025-03-19 18:55:54,327 - WARNING - Empty DataFrame will be written.
2025-03-19 18:55:54,333 - WARNING - Empty DataFrame will be written.
2025-03-19 18:55:54,397 - INFO - Read 0 rows from s3://thesis--ec331-s3/FCAS_RAISE1SEC-Volume-Bids/PUBLIC_DVD_BIDPEROFFER1_202311010000.parquet/part.207.parquet
2025-03-19 18:55:54,400 - INFO - No duplicates found in s3://thesis--ec331-s3/FCAS_RAISE1SEC-Volume-Bids/PUBLIC_DVD_BIDPEROFFER1_202311010000.parquet/part.207.parquet
2025-03-19 18:55:54,401 - WARNING - Empty DataFrame will be written.
2025-03-19 18:55:54,430 - INFO - Wrote original 0 rows to s3://thesis--ec331-s3/de-duped-volume-bids/PUBLIC_DVD_BIDPEROFFER1_202311010000.parquet/part.204.parquet
2025-03-19 18:55:54,526 - INFO - Processing: s3://thesis--ec331-s3/FCAS_RAISE1SEC-Volume-Bids/PUBLIC_DVD_BIDPEROFFER1_202311010000.parquet/part.208.parquet
2025-03-19 18:55:54,527 - INFO - Target: s3://thesis--ec331-s3/de-duped-volume-bids/PUBLIC_DVD_BIDPEROFFER1_202311010000.parquet/part.208.parquet
2025-03-19 18:55:54,677 - INFO - Wrote original 0 rows to s3://thesis--ec331-s3/de-duped-volume-bids/PUBLIC_DVD_BIDPEROFFER1_202311010000.parquet/part.206.parquet
2025-03-19 18:55:54,764 - INFO - Processing: s3://thesis--ec331-s3/FCAS_RAISE1SEC-Volume-Bids/PUBLIC_DVD_BIDPEROFFER1_202311010000.parquet/part.209.parquet
2025-03-19 18:55:54,766 - INFO - Wrote original 0 rows to s3://thesis--ec331-s3/de-duped-volume-bids/PUBLIC_DVD_BIDPEROFFER1_202311010000.parquet/part.207.parquet
2025-03-19 18:55:54,768 - INFO - Target: s3://thesis--ec331-s3/de-duped-volume-bids/PUBLIC_DVD_BIDPEROFFER1_202311010000.parquet/part.209.parquet
2025-03-19 18:55:54,857 - INFO - Processing: s3://thesis--ec331-s3/FCAS_RAISE1SEC-Volume-Bids/PUBLIC_DVD_BIDPEROFFER1_202311010000.parquet/part.21.parquet
2025-03-19 18:55:54,861 - INFO - Wrote original 0 rows to s3://thesis--ec331-s3/de-duped-volume-bids/PUBLIC_DVD_BIDPEROFFER1_202311010000.parquet/part.205.parquet
2025-03-19 18:55:54,871 - INFO - Target: s3://thesis--ec331-s3/de-duped-volume-bids/PUBLIC_DVD_BIDPEROFFER1_202311010000.parquet/part.21.parquet
2025-03-19 18:55:54,953 - INFO - Processing: s3://thesis--ec331-s3/FCAS_RAISE1SEC-Volume-Bids/PUBLIC_DVD_BIDPEROFFER1_202311010000.parquet/part.210.parquet
2025-03-19 18:55:54,969 - INFO - Target: s3://thesis--ec331-s3/de-duped-volume-bids/PUBLIC_DVD_BIDPEROFFER1_202311010000.parquet/part.210.parquet
2025-03-19 18:55:55,017 - INFO - Read 0 rows from s3://thesis--ec331-s3/FCAS_RAISE1SEC-Volume-Bids/PUBLIC_DVD_BIDPEROFFER1_202311010000.parquet/part.208.parquet
2025-03-19 18:55:55,020 - INFO - No duplicates found in s3://thesis--ec331-s3/FCAS_RAISE1SEC-Volume-Bids/PUBLIC_DVD_BIDPEROFFER1_202311010000.parquet/part.208.parquet
2025-03-19 18:55:55,021 - WARNING - Empty DataFrame will be written.
2025-03-19 18:55:55,233 - INFO - Read 0 rows from s3://thesis--ec331-s3/FCAS_RAISE1SEC-Volume-Bids/PUBLIC_DVD_BIDPEROFFER1_202311010000.parquet/part.21.parquet
2025-03-19 18:55:55,236 - INFO - Wrote original 0 rows to s3://thesis--ec331-s3/de-duped-volume-bids/PUBLIC_DVD_BIDPEROFFER1_202311010000.parquet/part.208.parquet
2025-03-19 18:55:55,241 - INFO - No duplicates found in s3://thesis--ec331-s3/FCAS_RAISE1SEC-Volume-Bids/PUBLIC_DVD_BIDPEROFFER1_202311010000.parquet/part.21.parquet
2025-03-19 18:55:55,327 - INFO - Processing: s3://thesis--ec331-s3/FCAS_RAISE1SEC-Volume-Bids/PUBLIC_DVD_BIDPEROFFER1_202311010000.parquet/part.211.parquet
2025-03-19 18:55:55,330 - WARNING - Empty DataFrame will be written.
2025-03-19 18:55:55,331 - INFO - Target: s3://thesis--ec331-s3/de-duped-volume-bids/PUBLIC_DVD_BIDPEROFFER1_202311010000.parquet/part.211.parquet
2025-03-19 18:55:55,371 - INFO - Read 0 rows from s3://thesis--ec331-s3/FCAS_RAISE1SEC-Volume-Bids/PUBLIC_DVD_BIDPEROFFER1_202311010000.parquet/part.209.parquet
2025-03-19 18:55:55,374 - INFO - No duplicates found in s3://thesis--ec331-s3/FCAS_RAISE1SEC-Volume-Bids/PUBLIC_DVD_BIDPEROFFER1_202311010000.parquet/part.209.parquet
2025-03-19 18:55:55,381 - INFO - Read 0 rows from s3://thesis--ec331-s3/FCAS_RAISE1SEC-Volume-Bids/PUBLIC_DVD_BIDPEROFFER1_202311010000.parquet/part.210.parquet
2025-03-19 18:55:55,382 - WARNING - Empty DataFrame will be written.
2025-03-19 18:55:55,385 - INFO - No duplicates found in s3://thesis--ec331-s3/FCAS_RAISE1SEC-Volume-Bids/PUBLIC_DVD_BIDPEROFFER1_202311010000.parquet/part.210.parquet
2025-03-19 18:55:55,391 - WARNING - Empty DataFrame will be written.
2025-03-19 18:55:55,632 - INFO - Read 0 rows from s3://thesis--ec331-s3/FCAS_RAISE1SEC-Volume-Bids/PUBLIC_DVD_BIDPEROFFER1_202311010000.parquet/part.211.parquet
2025-03-19 18:55:55,635 - INFO - No duplicates found in s3://thesis--ec331-s3/FCAS_RAISE1SEC-Volume-Bids/PUBLIC_DVD_BIDPEROFFER1_202311010000.parquet/part.211.parquet
2025-03-19 18:55:55,636 - WARNING - Empty DataFrame will be written.
2025-03-19 18:55:55,650 - INFO - Wrote original 0 rows to s3://thesis--ec331-s3/de-duped-volume-bids/PUBLIC_DVD_BIDPEROFFER1_202311010000.parquet/part.21.parquet
2025-03-19 18:55:55,741 - INFO - Processing: s3://thesis--ec331-s3/FCAS_RAISE1SEC-Volume-Bids/PUBLIC_DVD_BIDPEROFFER1_202311010000.parquet/part.212.parquet
2025-03-19 18:55:55,743 - INFO - Target: s3://thesis--ec331-s3/de-duped-volume-bids/PUBLIC_DVD_BIDPEROFFER1_202311010000.parquet/part.212.parquet
2025-03-19 18:55:55,757 - INFO - Wrote original 0 rows to s3://thesis--ec331-s3/de-duped-volume-bids/PUBLIC_DVD_BIDPEROFFER1_202311010000.parquet/part.210.parquet
2025-03-19 18:55:55,841 - INFO - Processing: s3://thesis--ec331-s3/FCAS_RAISE1SEC-Volume-Bids/PUBLIC_DVD_BIDPEROFFER1_202311010000.parquet/part.213.parquet
2025-03-19 18:55:55,845 - INFO - Wrote original 0 rows to s3://thesis--ec331-s3/de-duped-volume-bids/PUBLIC_DVD_BIDPEROFFER1_202311010000.parquet/part.209.parquet
2025-03-19 18:55:55,846 - INFO - Target: s3://thesis--ec331-s3/de-duped-volume-bids/PUBLIC_DVD_BIDPEROFFER1_202311010000.parquet/part.213.parquet
2025-03-19 18:55:55,933 - INFO - Processing: s3://thesis--ec331-s3/FCAS_RAISE1SEC-Volume-Bids/PUBLIC_DVD_BIDPEROFFER1_202311010000.parquet/part.214.parquet
2025-03-19 18:55:55,946 - INFO - Target: s3://thesis--ec331-s3/de-duped-volume-bids/PUBLIC_DVD_BIDPEROFFER1_202311010000.parquet/part.214.parquet
2025-03-19 18:55:56,157 - INFO - Read 0 rows from s3://thesis--ec331-s3/FCAS_RAISE1SEC-Volume-Bids/PUBLIC_DVD_BIDPEROFFER1_202311010000.parquet/part.212.parquet
2025-03-19 18:55:56,160 - INFO - No duplicates found in s3://thesis--ec331-s3/FCAS_RAISE1SEC-Volume-Bids/PUBLIC_DVD_BIDPEROFFER1_202311010000.parquet/part.212.parquet
2025-03-19 18:55:56,165 - WARNING - Empty DataFrame will be written.
2025-03-19 18:55:56,209 - INFO - Read 0 rows from s3://thesis--ec331-s3/FCAS_RAISE1SEC-Volume-Bids/PUBLIC_DVD_BIDPEROFFER1_202311010000.parquet/part.213.parquet
2025-03-19 18:55:56,212 - INFO - Wrote original 0 rows to s3://thesis--ec331-s3/de-duped-volume-bids/PUBLIC_DVD_BIDPEROFFER1_202311010000.parquet/part.211.parquet
2025-03-19 18:55:56,215 - INFO - No duplicates found in s3://thesis--ec331-s3/FCAS_RAISE1SEC-Volume-Bids/PUBLIC_DVD_BIDPEROFFER1_202311010000.parquet/part.213.parquet
2025-03-19 18:55:56,305 - INFO - Processing: s3://thesis--ec331-s3/FCAS_RAISE1SEC-Volume-Bids/PUBLIC_DVD_BIDPEROFFER1_202311010000.parquet/part.215.parquet
2025-03-19 18:55:56,307 - WARNING - Empty DataFrame will be written.
2025-03-19 18:55:56,309 - INFO - Target: s3://thesis--ec331-s3/de-duped-volume-bids/PUBLIC_DVD_BIDPEROFFER1_202311010000.parquet/part.215.parquet
2025-03-19 18:55:56,350 - INFO - Read 0 rows from s3://thesis--ec331-s3/FCAS_RAISE1SEC-Volume-Bids/PUBLIC_DVD_BIDPEROFFER1_202311010000.parquet/part.214.parquet
2025-03-19 18:55:56,354 - INFO - No duplicates found in s3://thesis--ec331-s3/FCAS_RAISE1SEC-Volume-Bids/PUBLIC_DVD_BIDPEROFFER1_202311010000.parquet/part.214.parquet
2025-03-19 18:55:56,355 - WARNING - Empty DataFrame will be written.
2025-03-19 18:55:56,498 - INFO - Wrote original 0 rows to s3://thesis--ec331-s3/de-duped-volume-bids/PUBLIC_DVD_BIDPEROFFER1_202311010000.parquet/part.212.parquet
2025-03-19 18:55:56,586 - INFO - Processing: s3://thesis--ec331-s3/FCAS_RAISE1SEC-Volume-Bids/PUBLIC_DVD_BIDPEROFFER1_202311010000.parquet/part.216.parquet
2025-03-19 18:55:56,591 - INFO - Target: s3://thesis--ec331-s3/de-duped-volume-bids/PUBLIC_DVD_BIDPEROFFER1_202311010000.parquet/part.216.parquet
2025-03-19 18:55:56,646 - INFO - Read 0 rows from s3://thesis--ec331-s3/FCAS_RAISE1SEC-Volume-Bids/PUBLIC_DVD_BIDPEROFFER1_202311010000.parquet/part.215.parquet
2025-03-19 18:55:56,649 - INFO - No duplicates found in s3://thesis--ec331-s3/FCAS_RAISE1SEC-Volume-Bids/PUBLIC_DVD_BIDPEROFFER1_202311010000.parquet/part.215.parquet
2025-03-19 18:55:56,649 - WARNING - Empty DataFrame will be written.
2025-03-19 18:55:56,664 - INFO - Wrote original 0 rows to s3://thesis--ec331-s3/de-duped-volume-bids/PUBLIC_DVD_BIDPEROFFER1_202311010000.parquet/part.214.parquet
2025-03-19 18:55:56,668 - INFO - Wrote original 0 rows to s3://thesis--ec331-s3/de-duped-volume-bids/PUBLIC_DVD_BIDPEROFFER1_202311010000.parquet/part.213.parquet
2025-03-19 18:55:56,754 - INFO - Processing: s3://thesis--ec331-s3/FCAS_RAISE1SEC-Volume-Bids/PUBLIC_DVD_BIDPEROFFER1_202311010000.parquet/part.217.parquet
2025-03-19 18:55:56,841 - INFO - Processing: s3://thesis--ec331-s3/FCAS_RAISE1SEC-Volume-Bids/PUBLIC_DVD_BIDPEROFFER1_202311010000.parquet/part.218.parquet
2025-03-19 18:55:56,843 - INFO - Target: s3://thesis--ec331-s3/de-duped-volume-bids/PUBLIC_DVD_BIDPEROFFER1_202311010000.parquet/part.217.parquet
2025-03-19 18:55:56,851 - INFO - Target: s3://thesis--ec331-s3/de-duped-volume-bids/PUBLIC_DVD_BIDPEROFFER1_202311010000.parquet/part.218.parquet
2025-03-19 18:55:57,036 - INFO - Read 0 rows from s3://thesis--ec331-s3/FCAS_RAISE1SEC-Volume-Bids/PUBLIC_DVD_BIDPEROFFER1_202311010000.parquet/part.216.parquet
2025-03-19 18:55:57,038 - INFO - No duplicates found in s3://thesis--ec331-s3/FCAS_RAISE1SEC-Volume-Bids/PUBLIC_DVD_BIDPEROFFER1_202311010000.parquet/part.216.parquet
2025-03-19 18:55:57,039 - WARNING - Empty DataFrame will be written.
2025-03-19 18:55:57,120 - INFO - Wrote original 0 rows to s3://thesis--ec331-s3/de-duped-volume-bids/PUBLIC_DVD_BIDPEROFFER1_202311010000.parquet/part.215.parquet
2025-03-19 18:55:57,214 - INFO - Processing: s3://thesis--ec331-s3/FCAS_RAISE1SEC-Volume-Bids/PUBLIC_DVD_BIDPEROFFER1_202311010000.parquet/part.219.parquet
2025-03-19 18:55:57,219 - INFO - Target: s3://thesis--ec331-s3/de-duped-volume-bids/PUBLIC_DVD_BIDPEROFFER1_202311010000.parquet/part.219.parquet
2025-03-19 18:55:57,254 - INFO - Read 0 rows from s3://thesis--ec331-s3/FCAS_RAISE1SEC-Volume-Bids/PUBLIC_DVD_BIDPEROFFER1_202311010000.parquet/part.218.parquet
2025-03-19 18:55:57,256 - INFO - Read 0 rows from s3://thesis--ec331-s3/FCAS_RAISE1SEC-Volume-Bids/PUBLIC_DVD_BIDPEROFFER1_202311010000.parquet/part.217.parquet
2025-03-19 18:55:57,260 - INFO - No duplicates found in s3://thesis--ec331-s3/FCAS_RAISE1SEC-Volume-Bids/PUBLIC_DVD_BIDPEROFFER1_202311010000.parquet/part.218.parquet
2025-03-19 18:55:57,262 - INFO - No duplicates found in s3://thesis--ec331-s3/FCAS_RAISE1SEC-Volume-Bids/PUBLIC_DVD_BIDPEROFFER1_202311010000.parquet/part.217.parquet
2025-03-19 18:55:57,263 - WARNING - Empty DataFrame will be written.
2025-03-19 18:55:57,264 - WARNING - Empty DataFrame will be written.
2025-03-19 18:55:57,385 - INFO - Wrote original 0 rows to s3://thesis--ec331-s3/de-duped-volume-bids/PUBLIC_DVD_BIDPEROFFER1_202311010000.parquet/part.216.parquet
2025-03-19 18:55:57,482 - INFO - Processing: s3://thesis--ec331-s3/FCAS_RAISE1SEC-Volume-Bids/PUBLIC_DVD_BIDPEROFFER1_202311010000.parquet/part.22.parquet
2025-03-19 18:55:57,489 - INFO - Target: s3://thesis--ec331-s3/de-duped-volume-bids/PUBLIC_DVD_BIDPEROFFER1_202311010000.parquet/part.22.parquet
2025-03-19 18:55:57,588 - INFO - Read 0 rows from s3://thesis--ec331-s3/FCAS_RAISE1SEC-Volume-Bids/PUBLIC_DVD_BIDPEROFFER1_202311010000.parquet/part.219.parquet
2025-03-19 18:55:57,591 - INFO - Wrote original 0 rows to s3://thesis--ec331-s3/de-duped-volume-bids/PUBLIC_DVD_BIDPEROFFER1_202311010000.parquet/part.218.parquet
2025-03-19 18:55:57,594 - INFO - No duplicates found in s3://thesis--ec331-s3/FCAS_RAISE1SEC-Volume-Bids/PUBLIC_DVD_BIDPEROFFER1_202311010000.parquet/part.219.parquet
2025-03-19 18:55:57,688 - INFO - Processing: s3://thesis--ec331-s3/FCAS_RAISE1SEC-Volume-Bids/PUBLIC_DVD_BIDPEROFFER1_202311010000.parquet/part.220.parquet
2025-03-19 18:55:57,689 - WARNING - Empty DataFrame will be written.
2025-03-19 18:55:57,691 - INFO - Target: s3://thesis--ec331-s3/de-duped-volume-bids/PUBLIC_DVD_BIDPEROFFER1_202311010000.parquet/part.220.parquet
2025-03-19 18:55:57,720 - INFO - Wrote original 0 rows to s3://thesis--ec331-s3/de-duped-volume-bids/PUBLIC_DVD_BIDPEROFFER1_202311010000.parquet/part.217.parquet
2025-03-19 18:55:57,813 - INFO - Processing: s3://thesis--ec331-s3/FCAS_RAISE1SEC-Volume-Bids/PUBLIC_DVD_BIDPEROFFER1_202311010000.parquet/part.221.parquet
2025-03-19 18:55:57,820 - INFO - Target: s3://thesis--ec331-s3/de-duped-volume-bids/PUBLIC_DVD_BIDPEROFFER1_202311010000.parquet/part.221.parquet
2025-03-19 18:55:57,892 - INFO - Read 0 rows from s3://thesis--ec331-s3/FCAS_RAISE1SEC-Volume-Bids/PUBLIC_DVD_BIDPEROFFER1_202311010000.parquet/part.22.parquet
2025-03-19 18:55:57,896 - INFO - No duplicates found in s3://thesis--ec331-s3/FCAS_RAISE1SEC-Volume-Bids/PUBLIC_DVD_BIDPEROFFER1_202311010000.parquet/part.22.parquet
2025-03-19 18:55:57,897 - WARNING - Empty DataFrame will be written.
2025-03-19 18:55:58,023 - INFO - Read 0 rows from s3://thesis--ec331-s3/FCAS_RAISE1SEC-Volume-Bids/PUBLIC_DVD_BIDPEROFFER1_202311010000.parquet/part.220.parquet
2025-03-19 18:55:58,031 - INFO - No duplicates found in s3://thesis--ec331-s3/FCAS_RAISE1SEC-Volume-Bids/PUBLIC_DVD_BIDPEROFFER1_202311010000.parquet/part.220.parquet
2025-03-19 18:55:58,032 - WARNING - Empty DataFrame will be written.
2025-03-19 18:55:58,061 - INFO - Wrote original 0 rows to s3://thesis--ec331-s3/de-duped-volume-bids/PUBLIC_DVD_BIDPEROFFER1_202311010000.parquet/part.219.parquet
2025-03-19 18:55:58,157 - INFO - Processing: s3://thesis--ec331-s3/FCAS_RAISE1SEC-Volume-Bids/PUBLIC_DVD_BIDPEROFFER1_202311010000.parquet/part.222.parquet
2025-03-19 18:55:58,160 - INFO - Target: s3://thesis--ec331-s3/de-duped-volume-bids/PUBLIC_DVD_BIDPEROFFER1_202311010000.parquet/part.222.parquet
2025-03-19 18:55:58,183 - INFO - Read 0 rows from s3://thesis--ec331-s3/FCAS_RAISE1SEC-Volume-Bids/PUBLIC_DVD_BIDPEROFFER1_202311010000.parquet/part.221.parquet
2025-03-19 18:55:58,191 - INFO - No duplicates found in s3://thesis--ec331-s3/FCAS_RAISE1SEC-Volume-Bids/PUBLIC_DVD_BIDPEROFFER1_202311010000.parquet/part.221.parquet
2025-03-19 18:55:58,195 - INFO - Wrote original 0 rows to s3://thesis--ec331-s3/de-duped-volume-bids/PUBLIC_DVD_BIDPEROFFER1_202311010000.parquet/part.22.parquet
2025-03-19 18:55:58,196 - WARNING - Empty DataFrame will be written.
2025-03-19 18:55:58,284 - INFO - Processing: s3://thesis--ec331-s3/FCAS_RAISE1SEC-Volume-Bids/PUBLIC_DVD_BIDPEROFFER1_202311010000.parquet/part.223.parquet
2025-03-19 18:55:58,300 - INFO - Target: s3://thesis--ec331-s3/de-duped-volume-bids/PUBLIC_DVD_BIDPEROFFER1_202311010000.parquet/part.223.parquet
2025-03-19 18:55:58,355 - INFO - Wrote original 0 rows to s3://thesis--ec331-s3/de-duped-volume-bids/PUBLIC_DVD_BIDPEROFFER1_202311010000.parquet/part.220.parquet
2025-03-19 18:55:58,444 - INFO - Processing: s3://thesis--ec331-s3/FCAS_RAISE1SEC-Volume-Bids/PUBLIC_DVD_BIDPEROFFER1_202311010000.parquet/part.224.parquet
2025-03-19 18:55:58,446 - INFO - Target: s3://thesis--ec331-s3/de-duped-volume-bids/PUBLIC_DVD_BIDPEROFFER1_202311010000.parquet/part.224.parquet
2025-03-19 18:55:58,540 - INFO - Read 0 rows from s3://thesis--ec331-s3/FCAS_RAISE1SEC-Volume-Bids/PUBLIC_DVD_BIDPEROFFER1_202311010000.parquet/part.222.parquet
2025-03-19 18:55:58,543 - INFO - No duplicates found in s3://thesis--ec331-s3/FCAS_RAISE1SEC-Volume-Bids/PUBLIC_DVD_BIDPEROFFER1_202311010000.parquet/part.222.parquet
2025-03-19 18:55:58,544 - WARNING - Empty DataFrame will be written.
2025-03-19 18:55:58,612 - INFO - Wrote original 0 rows to s3://thesis--ec331-s3/de-duped-volume-bids/PUBLIC_DVD_BIDPEROFFER1_202311010000.parquet/part.221.parquet
2025-03-19 18:55:58,701 - INFO - Processing: s3://thesis--ec331-s3/FCAS_RAISE1SEC-Volume-Bids/PUBLIC_DVD_BIDPEROFFER1_202311010000.parquet/part.225.parquet
2025-03-19 18:55:58,713 - INFO - Target: s3://thesis--ec331-s3/de-duped-volume-bids/PUBLIC_DVD_BIDPEROFFER1_202311010000.parquet/part.225.parquet
2025-03-19 18:55:58,756 - INFO - Read 0 rows from s3://thesis--ec331-s3/FCAS_RAISE1SEC-Volume-Bids/PUBLIC_DVD_BIDPEROFFER1_202311010000.parquet/part.223.parquet
2025-03-19 18:55:58,758 - INFO - No duplicates found in s3://thesis--ec331-s3/FCAS_RAISE1SEC-Volume-Bids/PUBLIC_DVD_BIDPEROFFER1_202311010000.parquet/part.223.parquet
2025-03-19 18:55:58,759 - WARNING - Empty DataFrame will be written.
2025-03-19 18:55:58,836 - INFO - Read 40,896 rows from s3://thesis--ec331-s3/FCAS_RAISE1SEC-Volume-Bids/PUBLIC_DVD_BIDPEROFFER1_202311010000.parquet/part.224.parquet
2025-03-19 18:55:58,848 - INFO - Wrote original 0 rows to s3://thesis--ec331-s3/de-duped-volume-bids/PUBLIC_DVD_BIDPEROFFER1_202311010000.parquet/part.222.parquet
2025-03-19 18:55:58,936 - INFO - Processing: s3://thesis--ec331-s3/FCAS_RAISE1SEC-Volume-Bids/PUBLIC_DVD_BIDPEROFFER1_202311010000.parquet/part.226.parquet
2025-03-19 18:55:58,943 - INFO - Target: s3://thesis--ec331-s3/de-duped-volume-bids/PUBLIC_DVD_BIDPEROFFER1_202311010000.parquet/part.226.parquet
2025-03-19 18:55:58,974 - INFO - Found 40,896 rows (100.00%) with duplicate keys
2025-03-19 18:55:58,993 - INFO - Removed 36,576 duplicate rows
2025-03-19 18:55:59,031 - INFO - Read 0 rows from s3://thesis--ec331-s3/FCAS_RAISE1SEC-Volume-Bids/PUBLIC_DVD_BIDPEROFFER1_202311010000.parquet/part.225.parquet
2025-03-19 18:55:59,035 - INFO - No duplicates found in s3://thesis--ec331-s3/FCAS_RAISE1SEC-Volume-Bids/PUBLIC_DVD_BIDPEROFFER1_202311010000.parquet/part.225.parquet
2025-03-19 18:55:59,036 - WARNING - Empty DataFrame will be written.
2025-03-19 18:55:59,095 - INFO - Wrote original 0 rows to s3://thesis--ec331-s3/de-duped-volume-bids/PUBLIC_DVD_BIDPEROFFER1_202311010000.parquet/part.223.parquet
2025-03-19 18:55:59,186 - INFO - Processing: s3://thesis--ec331-s3/FCAS_RAISE1SEC-Volume-Bids/PUBLIC_DVD_BIDPEROFFER1_202311010000.parquet/part.227.parquet
2025-03-19 18:55:59,188 - INFO - Target: s3://thesis--ec331-s3/de-duped-volume-bids/PUBLIC_DVD_BIDPEROFFER1_202311010000.parquet/part.227.parquet
2025-03-19 18:55:59,314 - INFO - Read 0 rows from s3://thesis--ec331-s3/FCAS_RAISE1SEC-Volume-Bids/PUBLIC_DVD_BIDPEROFFER1_202311010000.parquet/part.226.parquet
2025-03-19 18:55:59,317 - INFO - No duplicates found in s3://thesis--ec331-s3/FCAS_RAISE1SEC-Volume-Bids/PUBLIC_DVD_BIDPEROFFER1_202311010000.parquet/part.226.parquet
2025-03-19 18:55:59,317 - WARNING - Empty DataFrame will be written.
2025-03-19 18:55:59,353 - INFO - Wrote 4,320 rows to s3://thesis--ec331-s3/de-duped-volume-bids/PUBLIC_DVD_BIDPEROFFER1_202311010000.parquet/part.224.parquet
2025-03-19 18:55:59,356 - INFO - Wrote original 0 rows to s3://thesis--ec331-s3/de-duped-volume-bids/PUBLIC_DVD_BIDPEROFFER1_202311010000.parquet/part.225.parquet
2025-03-19 18:55:59,528 - INFO - Processing: s3://thesis--ec331-s3/FCAS_RAISE1SEC-Volume-Bids/PUBLIC_DVD_BIDPEROFFER1_202311010000.parquet/part.228.parquet
2025-03-19 18:55:59,619 - INFO - Processing: s3://thesis--ec331-s3/FCAS_RAISE1SEC-Volume-Bids/PUBLIC_DVD_BIDPEROFFER1_202311010000.parquet/part.229.parquet
2025-03-19 18:55:59,620 - INFO - Target: s3://thesis--ec331-s3/de-duped-volume-bids/PUBLIC_DVD_BIDPEROFFER1_202311010000.parquet/part.228.parquet
2025-03-19 18:55:59,621 - INFO - Target: s3://thesis--ec331-s3/de-duped-volume-bids/PUBLIC_DVD_BIDPEROFFER1_202311010000.parquet/part.229.parquet
2025-03-19 18:55:59,691 - INFO - Read 0 rows from s3://thesis--ec331-s3/FCAS_RAISE1SEC-Volume-Bids/PUBLIC_DVD_BIDPEROFFER1_202311010000.parquet/part.227.parquet
2025-03-19 18:55:59,694 - INFO - No duplicates found in s3://thesis--ec331-s3/FCAS_RAISE1SEC-Volume-Bids/PUBLIC_DVD_BIDPEROFFER1_202311010000.parquet/part.227.parquet
2025-03-19 18:55:59,695 - WARNING - Empty DataFrame will be written.
2025-03-19 18:55:59,788 - INFO - Wrote original 0 rows to s3://thesis--ec331-s3/de-duped-volume-bids/PUBLIC_DVD_BIDPEROFFER1_202311010000.parquet/part.226.parquet
2025-03-19 18:55:59,876 - INFO - Processing: s3://thesis--ec331-s3/FCAS_RAISE1SEC-Volume-Bids/PUBLIC_DVD_BIDPEROFFER1_202311010000.parquet/part.23.parquet
2025-03-19 18:55:59,879 - INFO - Target: s3://thesis--ec331-s3/de-duped-volume-bids/PUBLIC_DVD_BIDPEROFFER1_202311010000.parquet/part.23.parquet
2025-03-19 18:55:59,980 - INFO - Read 0 rows from s3://thesis--ec331-s3/FCAS_RAISE1SEC-Volume-Bids/PUBLIC_DVD_BIDPEROFFER1_202311010000.parquet/part.229.parquet
2025-03-19 18:55:59,983 - INFO - No duplicates found in s3://thesis--ec331-s3/FCAS_RAISE1SEC-Volume-Bids/PUBLIC_DVD_BIDPEROFFER1_202311010000.parquet/part.229.parquet
2025-03-19 18:55:59,984 - WARNING - Empty DataFrame will be written.
2025-03-19 18:56:00,013 - INFO - Read 0 rows from s3://thesis--ec331-s3/FCAS_RAISE1SEC-Volume-Bids/PUBLIC_DVD_BIDPEROFFER1_202311010000.parquet/part.228.parquet
2025-03-19 18:56:00,016 - INFO - No duplicates found in s3://thesis--ec331-s3/FCAS_RAISE1SEC-Volume-Bids/PUBLIC_DVD_BIDPEROFFER1_202311010000.parquet/part.228.parquet
2025-03-19 18:56:00,017 - WARNING - Empty DataFrame will be written.
2025-03-19 18:56:00,048 - INFO - Wrote original 0 rows to s3://thesis--ec331-s3/de-duped-volume-bids/PUBLIC_DVD_BIDPEROFFER1_202311010000.parquet/part.227.parquet
2025-03-19 18:56:00,139 - INFO - Processing: s3://thesis--ec331-s3/FCAS_RAISE1SEC-Volume-Bids/PUBLIC_DVD_BIDPEROFFER1_202311010000.parquet/part.230.parquet
2025-03-19 18:56:00,147 - INFO - Target: s3://thesis--ec331-s3/de-duped-volume-bids/PUBLIC_DVD_BIDPEROFFER1_202311010000.parquet/part.230.parquet
2025-03-19 18:56:00,209 - INFO - Read 0 rows from s3://thesis--ec331-s3/FCAS_RAISE1SEC-Volume-Bids/PUBLIC_DVD_BIDPEROFFER1_202311010000.parquet/part.23.parquet
2025-03-19 18:56:00,212 - INFO - No duplicates found in s3://thesis--ec331-s3/FCAS_RAISE1SEC-Volume-Bids/PUBLIC_DVD_BIDPEROFFER1_202311010000.parquet/part.23.parquet
2025-03-19 18:56:00,213 - WARNING - Empty DataFrame will be written.
2025-03-19 18:56:00,275 - INFO - Wrote original 0 rows to s3://thesis--ec331-s3/de-duped-volume-bids/PUBLIC_DVD_BIDPEROFFER1_202311010000.parquet/part.229.parquet
2025-03-19 18:56:00,362 - INFO - Processing: s3://thesis--ec331-s3/FCAS_RAISE1SEC-Volume-Bids/PUBLIC_DVD_BIDPEROFFER1_202311010000.parquet/part.231.parquet
2025-03-19 18:56:00,363 - INFO - Target: s3://thesis--ec331-s3/de-duped-volume-bids/PUBLIC_DVD_BIDPEROFFER1_202311010000.parquet/part.231.parquet
2025-03-19 18:56:00,433 - INFO - Wrote original 0 rows to s3://thesis--ec331-s3/de-duped-volume-bids/PUBLIC_DVD_BIDPEROFFER1_202311010000.parquet/part.228.parquet
2025-03-19 18:56:00,521 - INFO - Processing: s3://thesis--ec331-s3/FCAS_RAISE1SEC-Volume-Bids/PUBLIC_DVD_BIDPEROFFER1_202311010000.parquet/part.232.parquet
2025-03-19 18:56:00,522 - INFO - Target: s3://thesis--ec331-s3/de-duped-volume-bids/PUBLIC_DVD_BIDPEROFFER1_202311010000.parquet/part.232.parquet
2025-03-19 18:56:00,544 - INFO - Read 0 rows from s3://thesis--ec331-s3/FCAS_RAISE1SEC-Volume-Bids/PUBLIC_DVD_BIDPEROFFER1_202311010000.parquet/part.230.parquet
2025-03-19 18:56:00,553 - INFO - No duplicates found in s3://thesis--ec331-s3/FCAS_RAISE1SEC-Volume-Bids/PUBLIC_DVD_BIDPEROFFER1_202311010000.parquet/part.230.parquet
2025-03-19 18:56:00,555 - WARNING - Empty DataFrame will be written.
2025-03-19 18:56:00,591 - INFO - Wrote original 0 rows to s3://thesis--ec331-s3/de-duped-volume-bids/PUBLIC_DVD_BIDPEROFFER1_202311010000.parquet/part.23.parquet
2025-03-19 18:56:00,682 - INFO - Processing: s3://thesis--ec331-s3/FCAS_RAISE1SEC-Volume-Bids/PUBLIC_DVD_BIDPEROFFER1_202311010000.parquet/part.233.parquet
2025-03-19 18:56:00,684 - INFO - Target: s3://thesis--ec331-s3/de-duped-volume-bids/PUBLIC_DVD_BIDPEROFFER1_202311010000.parquet/part.233.parquet
2025-03-19 18:56:00,792 - INFO - Read 0 rows from s3://thesis--ec331-s3/FCAS_RAISE1SEC-Volume-Bids/PUBLIC_DVD_BIDPEROFFER1_202311010000.parquet/part.231.parquet
2025-03-19 18:56:00,795 - INFO - No duplicates found in s3://thesis--ec331-s3/FCAS_RAISE1SEC-Volume-Bids/PUBLIC_DVD_BIDPEROFFER1_202311010000.parquet/part.231.parquet
2025-03-19 18:56:00,796 - WARNING - Empty DataFrame will be written.
2025-03-19 18:56:00,842 - INFO - Wrote original 0 rows to s3://thesis--ec331-s3/de-duped-volume-bids/PUBLIC_DVD_BIDPEROFFER1_202311010000.parquet/part.230.parquet
2025-03-19 18:56:00,938 - INFO - Processing: s3://thesis--ec331-s3/FCAS_RAISE1SEC-Volume-Bids/PUBLIC_DVD_BIDPEROFFER1_202311010000.parquet/part.234.parquet
2025-03-19 18:56:00,939 - INFO - Target: s3://thesis--ec331-s3/de-duped-volume-bids/PUBLIC_DVD_BIDPEROFFER1_202311010000.parquet/part.234.parquet
2025-03-19 18:56:00,971 - INFO - Read 0 rows from s3://thesis--ec331-s3/FCAS_RAISE1SEC-Volume-Bids/PUBLIC_DVD_BIDPEROFFER1_202311010000.parquet/part.232.parquet
2025-03-19 18:56:00,974 - INFO - No duplicates found in s3://thesis--ec331-s3/FCAS_RAISE1SEC-Volume-Bids/PUBLIC_DVD_BIDPEROFFER1_202311010000.parquet/part.232.parquet
2025-03-19 18:56:00,975 - WARNING - Empty DataFrame will be written.
2025-03-19 18:56:01,005 - INFO - Read 0 rows from s3://thesis--ec331-s3/FCAS_RAISE1SEC-Volume-Bids/PUBLIC_DVD_BIDPEROFFER1_202311010000.parquet/part.233.parquet
2025-03-19 18:56:01,007 - INFO - No duplicates found in s3://thesis--ec331-s3/FCAS_RAISE1SEC-Volume-Bids/PUBLIC_DVD_BIDPEROFFER1_202311010000.parquet/part.233.parquet
2025-03-19 18:56:01,008 - WARNING - Empty DataFrame will be written.
2025-03-19 18:56:01,092 - INFO - Wrote original 0 rows to s3://thesis--ec331-s3/de-duped-volume-bids/PUBLIC_DVD_BIDPEROFFER1_202311010000.parquet/part.231.parquet
2025-03-19 18:56:01,181 - INFO - Processing: s3://thesis--ec331-s3/FCAS_RAISE1SEC-Volume-Bids/PUBLIC_DVD_BIDPEROFFER1_202311010000.parquet/part.235.parquet
2025-03-19 18:56:01,183 - INFO - Target: s3://thesis--ec331-s3/de-duped-volume-bids/PUBLIC_DVD_BIDPEROFFER1_202311010000.parquet/part.235.parquet
2025-03-19 18:56:01,233 - INFO - Wrote original 0 rows to s3://thesis--ec331-s3/de-duped-volume-bids/PUBLIC_DVD_BIDPEROFFER1_202311010000.parquet/part.232.parquet
2025-03-19 18:56:01,322 - INFO - Processing: s3://thesis--ec331-s3/FCAS_RAISE1SEC-Volume-Bids/PUBLIC_DVD_BIDPEROFFER1_202311010000.parquet/part.236.parquet
2025-03-19 18:56:01,323 - INFO - Target: s3://thesis--ec331-s3/de-duped-volume-bids/PUBLIC_DVD_BIDPEROFFER1_202311010000.parquet/part.236.parquet
2025-03-19 18:56:01,350 - INFO - Read 0 rows from s3://thesis--ec331-s3/FCAS_RAISE1SEC-Volume-Bids/PUBLIC_DVD_BIDPEROFFER1_202311010000.parquet/part.234.parquet
2025-03-19 18:56:01,353 - INFO - No duplicates found in s3://thesis--ec331-s3/FCAS_RAISE1SEC-Volume-Bids/PUBLIC_DVD_BIDPEROFFER1_202311010000.parquet/part.234.parquet
2025-03-19 18:56:01,354 - WARNING - Empty DataFrame will be written.
2025-03-19 18:56:01,408 - INFO - Wrote original 0 rows to s3://thesis--ec331-s3/de-duped-volume-bids/PUBLIC_DVD_BIDPEROFFER1_202311010000.parquet/part.233.parquet
2025-03-19 18:56:01,496 - INFO - Processing: s3://thesis--ec331-s3/FCAS_RAISE1SEC-Volume-Bids/PUBLIC_DVD_BIDPEROFFER1_202311010000.parquet/part.237.parquet
2025-03-19 18:56:01,498 - INFO - Target: s3://thesis--ec331-s3/de-duped-volume-bids/PUBLIC_DVD_BIDPEROFFER1_202311010000.parquet/part.237.parquet
2025-03-19 18:56:01,627 - INFO - Read 0 rows from s3://thesis--ec331-s3/FCAS_RAISE1SEC-Volume-Bids/PUBLIC_DVD_BIDPEROFFER1_202311010000.parquet/part.235.parquet
2025-03-19 18:56:01,635 - INFO - No duplicates found in s3://thesis--ec331-s3/FCAS_RAISE1SEC-Volume-Bids/PUBLIC_DVD_BIDPEROFFER1_202311010000.parquet/part.235.parquet
2025-03-19 18:56:01,636 - WARNING - Empty DataFrame will be written.
2025-03-19 18:56:01,658 - INFO - Wrote original 0 rows to s3://thesis--ec331-s3/de-duped-volume-bids/PUBLIC_DVD_BIDPEROFFER1_202311010000.parquet/part.234.parquet
2025-03-19 18:56:01,745 - INFO - Processing: s3://thesis--ec331-s3/FCAS_RAISE1SEC-Volume-Bids/PUBLIC_DVD_BIDPEROFFER1_202311010000.parquet/part.238.parquet
2025-03-19 18:56:01,748 - INFO - Target: s3://thesis--ec331-s3/de-duped-volume-bids/PUBLIC_DVD_BIDPEROFFER1_202311010000.parquet/part.238.parquet
2025-03-19 18:56:01,772 - INFO - Read 0 rows from s3://thesis--ec331-s3/FCAS_RAISE1SEC-Volume-Bids/PUBLIC_DVD_BIDPEROFFER1_202311010000.parquet/part.236.parquet
2025-03-19 18:56:01,775 - INFO - No duplicates found in s3://thesis--ec331-s3/FCAS_RAISE1SEC-Volume-Bids/PUBLIC_DVD_BIDPEROFFER1_202311010000.parquet/part.236.parquet
2025-03-19 18:56:01,776 - WARNING - Empty DataFrame will be written.
2025-03-19 18:56:01,840 - INFO - Read 0 rows from s3://thesis--ec331-s3/FCAS_RAISE1SEC-Volume-Bids/PUBLIC_DVD_BIDPEROFFER1_202311010000.parquet/part.237.parquet
2025-03-19 18:56:01,843 - INFO - No duplicates found in s3://thesis--ec331-s3/FCAS_RAISE1SEC-Volume-Bids/PUBLIC_DVD_BIDPEROFFER1_202311010000.parquet/part.237.parquet
2025-03-19 18:56:01,844 - WARNING - Empty DataFrame will be written.
2025-03-19 18:56:01,937 - INFO - Wrote original 0 rows to s3://thesis--ec331-s3/de-duped-volume-bids/PUBLIC_DVD_BIDPEROFFER1_202311010000.parquet/part.235.parquet
2025-03-19 18:56:02,027 - INFO - Processing: s3://thesis--ec331-s3/FCAS_RAISE1SEC-Volume-Bids/PUBLIC_DVD_BIDPEROFFER1_202311010000.parquet/part.239.parquet
2025-03-19 18:56:02,029 - INFO - Target: s3://thesis--ec331-s3/de-duped-volume-bids/PUBLIC_DVD_BIDPEROFFER1_202311010000.parquet/part.239.parquet
2025-03-19 18:56:02,100 - INFO - Wrote original 0 rows to s3://thesis--ec331-s3/de-duped-volume-bids/PUBLIC_DVD_BIDPEROFFER1_202311010000.parquet/part.236.parquet
2025-03-19 18:56:02,186 - INFO - Processing: s3://thesis--ec331-s3/FCAS_RAISE1SEC-Volume-Bids/PUBLIC_DVD_BIDPEROFFER1_202311010000.parquet/part.24.parquet
2025-03-19 18:56:02,189 - INFO - Target: s3://thesis--ec331-s3/de-duped-volume-bids/PUBLIC_DVD_BIDPEROFFER1_202311010000.parquet/part.24.parquet
2025-03-19 18:56:02,215 - INFO - Read 0 rows from s3://thesis--ec331-s3/FCAS_RAISE1SEC-Volume-Bids/PUBLIC_DVD_BIDPEROFFER1_202311010000.parquet/part.238.parquet
2025-03-19 18:56:02,220 - INFO - No duplicates found in s3://thesis--ec331-s3/FCAS_RAISE1SEC-Volume-Bids/PUBLIC_DVD_BIDPEROFFER1_202311010000.parquet/part.238.parquet
2025-03-19 18:56:02,221 - WARNING - Empty DataFrame will be written.
2025-03-19 18:56:02,238 - INFO - Wrote original 0 rows to s3://thesis--ec331-s3/de-duped-volume-bids/PUBLIC_DVD_BIDPEROFFER1_202311010000.parquet/part.237.parquet
2025-03-19 18:56:02,325 - INFO - Processing: s3://thesis--ec331-s3/FCAS_RAISE1SEC-Volume-Bids/PUBLIC_DVD_BIDPEROFFER1_202311010000.parquet/part.240.parquet
2025-03-19 18:56:02,326 - INFO - Target: s3://thesis--ec331-s3/de-duped-volume-bids/PUBLIC_DVD_BIDPEROFFER1_202311010000.parquet/part.240.parquet
2025-03-19 18:56:02,440 - INFO - Read 0 rows from s3://thesis--ec331-s3/FCAS_RAISE1SEC-Volume-Bids/PUBLIC_DVD_BIDPEROFFER1_202311010000.parquet/part.239.parquet
2025-03-19 18:56:02,442 - INFO - No duplicates found in s3://thesis--ec331-s3/FCAS_RAISE1SEC-Volume-Bids/PUBLIC_DVD_BIDPEROFFER1_202311010000.parquet/part.239.parquet
2025-03-19 18:56:02,444 - WARNING - Empty DataFrame will be written.
2025-03-19 18:56:02,535 - INFO - Read 0 rows from s3://thesis--ec331-s3/FCAS_RAISE1SEC-Volume-Bids/PUBLIC_DVD_BIDPEROFFER1_202311010000.parquet/part.24.parquet
2025-03-19 18:56:02,543 - INFO - No duplicates found in s3://thesis--ec331-s3/FCAS_RAISE1SEC-Volume-Bids/PUBLIC_DVD_BIDPEROFFER1_202311010000.parquet/part.24.parquet
2025-03-19 18:56:02,544 - WARNING - Empty DataFrame will be written.
2025-03-19 18:56:02,565 - INFO - Wrote original 0 rows to s3://thesis--ec331-s3/de-duped-volume-bids/PUBLIC_DVD_BIDPEROFFER1_202311010000.parquet/part.238.parquet
2025-03-19 18:56:02,659 - INFO - Processing: s3://thesis--ec331-s3/FCAS_RAISE1SEC-Volume-Bids/PUBLIC_DVD_BIDPEROFFER1_202311010000.parquet/part.241.parquet
2025-03-19 18:56:02,660 - INFO - Target: s3://thesis--ec331-s3/de-duped-volume-bids/PUBLIC_DVD_BIDPEROFFER1_202311010000.parquet/part.241.parquet
2025-03-19 18:56:02,682 - INFO - Read 0 rows from s3://thesis--ec331-s3/FCAS_RAISE1SEC-Volume-Bids/PUBLIC_DVD_BIDPEROFFER1_202311010000.parquet/part.240.parquet
2025-03-19 18:56:02,686 - INFO - No duplicates found in s3://thesis--ec331-s3/FCAS_RAISE1SEC-Volume-Bids/PUBLIC_DVD_BIDPEROFFER1_202311010000.parquet/part.240.parquet
2025-03-19 18:56:02,692 - WARNING - Empty DataFrame will be written.
2025-03-19 18:56:02,729 - INFO - Wrote original 0 rows to s3://thesis--ec331-s3/de-duped-volume-bids/PUBLIC_DVD_BIDPEROFFER1_202311010000.parquet/part.239.parquet
2025-03-19 18:56:02,826 - INFO - Processing: s3://thesis--ec331-s3/FCAS_RAISE1SEC-Volume-Bids/PUBLIC_DVD_BIDPEROFFER1_202311010000.parquet/part.242.parquet
2025-03-19 18:56:02,827 - INFO - Target: s3://thesis--ec331-s3/de-duped-volume-bids/PUBLIC_DVD_BIDPEROFFER1_202311010000.parquet/part.242.parquet
2025-03-19 18:56:02,881 - INFO - Wrote original 0 rows to s3://thesis--ec331-s3/de-duped-volume-bids/PUBLIC_DVD_BIDPEROFFER1_202311010000.parquet/part.24.parquet
2025-03-19 18:56:02,974 - INFO - Processing: s3://thesis--ec331-s3/FCAS_RAISE1SEC-Volume-Bids/PUBLIC_DVD_BIDPEROFFER1_202311010000.parquet/part.243.parquet
2025-03-19 18:56:02,975 - INFO - Target: s3://thesis--ec331-s3/de-duped-volume-bids/PUBLIC_DVD_BIDPEROFFER1_202311010000.parquet/part.243.parquet
2025-03-19 18:56:03,040 - INFO - Wrote original 0 rows to s3://thesis--ec331-s3/de-duped-volume-bids/PUBLIC_DVD_BIDPEROFFER1_202311010000.parquet/part.240.parquet
2025-03-19 18:56:03,134 - INFO - Processing: s3://thesis--ec331-s3/FCAS_RAISE1SEC-Volume-Bids/PUBLIC_DVD_BIDPEROFFER1_202311010000.parquet/part.244.parquet
2025-03-19 18:56:03,138 - INFO - Target: s3://thesis--ec331-s3/de-duped-volume-bids/PUBLIC_DVD_BIDPEROFFER1_202311010000.parquet/part.244.parquet
2025-03-19 18:56:03,166 - INFO - Read 0 rows from s3://thesis--ec331-s3/FCAS_RAISE1SEC-Volume-Bids/PUBLIC_DVD_BIDPEROFFER1_202311010000.parquet/part.241.parquet
2025-03-19 18:56:03,170 - INFO - No duplicates found in s3://thesis--ec331-s3/FCAS_RAISE1SEC-Volume-Bids/PUBLIC_DVD_BIDPEROFFER1_202311010000.parquet/part.241.parquet
2025-03-19 18:56:03,176 - WARNING - Empty DataFrame will be written.
2025-03-19 18:56:03,237 - INFO - Read 0 rows from s3://thesis--ec331-s3/FCAS_RAISE1SEC-Volume-Bids/PUBLIC_DVD_BIDPEROFFER1_202311010000.parquet/part.242.parquet
2025-03-19 18:56:03,240 - INFO - No duplicates found in s3://thesis--ec331-s3/FCAS_RAISE1SEC-Volume-Bids/PUBLIC_DVD_BIDPEROFFER1_202311010000.parquet/part.242.parquet
2025-03-19 18:56:03,242 - WARNING - Empty DataFrame will be written.
2025-03-19 18:56:03,365 - INFO - Read 0 rows from s3://thesis--ec331-s3/FCAS_RAISE1SEC-Volume-Bids/PUBLIC_DVD_BIDPEROFFER1_202311010000.parquet/part.243.parquet
2025-03-19 18:56:03,372 - INFO - No duplicates found in s3://thesis--ec331-s3/FCAS_RAISE1SEC-Volume-Bids/PUBLIC_DVD_BIDPEROFFER1_202311010000.parquet/part.243.parquet
2025-03-19 18:56:03,373 - WARNING - Empty DataFrame will be written.
2025-03-19 18:56:03,408 - INFO - Read 0 rows from s3://thesis--ec331-s3/FCAS_RAISE1SEC-Volume-Bids/PUBLIC_DVD_BIDPEROFFER1_202311010000.parquet/part.244.parquet
2025-03-19 18:56:03,411 - INFO - No duplicates found in s3://thesis--ec331-s3/FCAS_RAISE1SEC-Volume-Bids/PUBLIC_DVD_BIDPEROFFER1_202311010000.parquet/part.244.parquet
2025-03-19 18:56:03,413 - WARNING - Empty DataFrame will be written.
2025-03-19 18:56:03,430 - INFO - Wrote original 0 rows to s3://thesis--ec331-s3/de-duped-volume-bids/PUBLIC_DVD_BIDPEROFFER1_202311010000.parquet/part.241.parquet
2025-03-19 18:56:03,531 - INFO - Processing: s3://thesis--ec331-s3/FCAS_RAISE1SEC-Volume-Bids/PUBLIC_DVD_BIDPEROFFER1_202311010000.parquet/part.245.parquet
2025-03-19 18:56:03,533 - INFO - Target: s3://thesis--ec331-s3/de-duped-volume-bids/PUBLIC_DVD_BIDPEROFFER1_202311010000.parquet/part.245.parquet
2025-03-19 18:56:03,560 - INFO - Wrote original 0 rows to s3://thesis--ec331-s3/de-duped-volume-bids/PUBLIC_DVD_BIDPEROFFER1_202311010000.parquet/part.242.parquet
2025-03-19 18:56:03,660 - INFO - Processing: s3://thesis--ec331-s3/FCAS_RAISE1SEC-Volume-Bids/PUBLIC_DVD_BIDPEROFFER1_202311010000.parquet/part.246.parquet
2025-03-19 18:56:03,662 - INFO - Target: s3://thesis--ec331-s3/de-duped-volume-bids/PUBLIC_DVD_BIDPEROFFER1_202311010000.parquet/part.246.parquet
2025-03-19 18:56:03,729 - INFO - Wrote original 0 rows to s3://thesis--ec331-s3/de-duped-volume-bids/PUBLIC_DVD_BIDPEROFFER1_202311010000.parquet/part.243.parquet
2025-03-19 18:56:03,824 - INFO - Processing: s3://thesis--ec331-s3/FCAS_RAISE1SEC-Volume-Bids/PUBLIC_DVD_BIDPEROFFER1_202311010000.parquet/part.247.parquet
2025-03-19 18:56:03,826 - INFO - Target: s3://thesis--ec331-s3/de-duped-volume-bids/PUBLIC_DVD_BIDPEROFFER1_202311010000.parquet/part.247.parquet
2025-03-19 18:56:03,894 - INFO - Read 0 rows from s3://thesis--ec331-s3/FCAS_RAISE1SEC-Volume-Bids/PUBLIC_DVD_BIDPEROFFER1_202311010000.parquet/part.245.parquet
2025-03-19 18:56:03,897 - INFO - No duplicates found in s3://thesis--ec331-s3/FCAS_RAISE1SEC-Volume-Bids/PUBLIC_DVD_BIDPEROFFER1_202311010000.parquet/part.245.parquet
2025-03-19 18:56:03,898 - WARNING - Empty DataFrame will be written.
2025-03-19 18:56:03,921 - INFO - Wrote original 0 rows to s3://thesis--ec331-s3/de-duped-volume-bids/PUBLIC_DVD_BIDPEROFFER1_202311010000.parquet/part.244.parquet
2025-03-19 18:56:04,014 - INFO - Processing: s3://thesis--ec331-s3/FCAS_RAISE1SEC-Volume-Bids/PUBLIC_DVD_BIDPEROFFER1_202311010000.parquet/part.248.parquet
2025-03-19 18:56:04,018 - INFO - Target: s3://thesis--ec331-s3/de-duped-volume-bids/PUBLIC_DVD_BIDPEROFFER1_202311010000.parquet/part.248.parquet
2025-03-19 18:56:04,098 - INFO - Read 0 rows from s3://thesis--ec331-s3/FCAS_RAISE1SEC-Volume-Bids/PUBLIC_DVD_BIDPEROFFER1_202311010000.parquet/part.246.parquet
2025-03-19 18:56:04,100 - INFO - No duplicates found in s3://thesis--ec331-s3/FCAS_RAISE1SEC-Volume-Bids/PUBLIC_DVD_BIDPEROFFER1_202311010000.parquet/part.246.parquet
2025-03-19 18:56:04,101 - WARNING - Empty DataFrame will be written.
2025-03-19 18:56:04,183 - INFO - Read 0 rows from s3://thesis--ec331-s3/FCAS_RAISE1SEC-Volume-Bids/PUBLIC_DVD_BIDPEROFFER1_202311010000.parquet/part.247.parquet
2025-03-19 18:56:04,186 - INFO - No duplicates found in s3://thesis--ec331-s3/FCAS_RAISE1SEC-Volume-Bids/PUBLIC_DVD_BIDPEROFFER1_202311010000.parquet/part.247.parquet
2025-03-19 18:56:04,187 - WARNING - Empty DataFrame will be written.
2025-03-19 18:56:04,273 - INFO - Wrote original 0 rows to s3://thesis--ec331-s3/de-duped-volume-bids/PUBLIC_DVD_BIDPEROFFER1_202311010000.parquet/part.245.parquet
2025-03-19 18:56:04,362 - INFO - Processing: s3://thesis--ec331-s3/FCAS_RAISE1SEC-Volume-Bids/PUBLIC_DVD_BIDPEROFFER1_202311010000.parquet/part.249.parquet
2025-03-19 18:56:04,371 - INFO - Target: s3://thesis--ec331-s3/de-duped-volume-bids/PUBLIC_DVD_BIDPEROFFER1_202311010000.parquet/part.249.parquet
2025-03-19 18:56:04,395 - INFO - Read 0 rows from s3://thesis--ec331-s3/FCAS_RAISE1SEC-Volume-Bids/PUBLIC_DVD_BIDPEROFFER1_202311010000.parquet/part.248.parquet
2025-03-19 18:56:04,397 - INFO - No duplicates found in s3://thesis--ec331-s3/FCAS_RAISE1SEC-Volume-Bids/PUBLIC_DVD_BIDPEROFFER1_202311010000.parquet/part.248.parquet
2025-03-19 18:56:04,398 - WARNING - Empty DataFrame will be written.
2025-03-19 18:56:04,433 - INFO - Wrote original 0 rows to s3://thesis--ec331-s3/de-duped-volume-bids/PUBLIC_DVD_BIDPEROFFER1_202311010000.parquet/part.246.parquet
2025-03-19 18:56:04,526 - INFO - Processing: s3://thesis--ec331-s3/FCAS_RAISE1SEC-Volume-Bids/PUBLIC_DVD_BIDPEROFFER1_202311010000.parquet/part.25.parquet
2025-03-19 18:56:04,527 - INFO - Target: s3://thesis--ec331-s3/de-duped-volume-bids/PUBLIC_DVD_BIDPEROFFER1_202311010000.parquet/part.25.parquet
2025-03-19 18:56:04,579 - INFO - Wrote original 0 rows to s3://thesis--ec331-s3/de-duped-volume-bids/PUBLIC_DVD_BIDPEROFFER1_202311010000.parquet/part.247.parquet
2025-03-19 18:56:04,668 - INFO - Processing: s3://thesis--ec331-s3/FCAS_RAISE1SEC-Volume-Bids/PUBLIC_DVD_BIDPEROFFER1_202311010000.parquet/part.250.parquet
2025-03-19 18:56:04,671 - INFO - Target: s3://thesis--ec331-s3/de-duped-volume-bids/PUBLIC_DVD_BIDPEROFFER1_202311010000.parquet/part.250.parquet
2025-03-19 18:56:04,741 - INFO - Wrote original 0 rows to s3://thesis--ec331-s3/de-duped-volume-bids/PUBLIC_DVD_BIDPEROFFER1_202311010000.parquet/part.248.parquet
2025-03-19 18:56:04,827 - INFO - Processing: s3://thesis--ec331-s3/FCAS_RAISE1SEC-Volume-Bids/PUBLIC_DVD_BIDPEROFFER1_202311010000.parquet/part.251.parquet
2025-03-19 18:56:04,834 - INFO - Target: s3://thesis--ec331-s3/de-duped-volume-bids/PUBLIC_DVD_BIDPEROFFER1_202311010000.parquet/part.251.parquet
2025-03-19 18:56:04,857 - INFO - Read 0 rows from s3://thesis--ec331-s3/FCAS_RAISE1SEC-Volume-Bids/PUBLIC_DVD_BIDPEROFFER1_202311010000.parquet/part.249.parquet
2025-03-19 18:56:04,860 - INFO - No duplicates found in s3://thesis--ec331-s3/FCAS_RAISE1SEC-Volume-Bids/PUBLIC_DVD_BIDPEROFFER1_202311010000.parquet/part.249.parquet
2025-03-19 18:56:04,861 - WARNING - Empty DataFrame will be written.
2025-03-19 18:56:04,947 - INFO - Read 0 rows from s3://thesis--ec331-s3/FCAS_RAISE1SEC-Volume-Bids/PUBLIC_DVD_BIDPEROFFER1_202311010000.parquet/part.25.parquet
2025-03-19 18:56:04,950 - INFO - No duplicates found in s3://thesis--ec331-s3/FCAS_RAISE1SEC-Volume-Bids/PUBLIC_DVD_BIDPEROFFER1_202311010000.parquet/part.25.parquet
2025-03-19 18:56:04,952 - WARNING - Empty DataFrame will be written.
2025-03-19 18:56:05,028 - INFO - Read 0 rows from s3://thesis--ec331-s3/FCAS_RAISE1SEC-Volume-Bids/PUBLIC_DVD_BIDPEROFFER1_202311010000.parquet/part.250.parquet
2025-03-19 18:56:05,037 - INFO - No duplicates found in s3://thesis--ec331-s3/FCAS_RAISE1SEC-Volume-Bids/PUBLIC_DVD_BIDPEROFFER1_202311010000.parquet/part.250.parquet
2025-03-19 18:56:05,038 - WARNING - Empty DataFrame will be written.
2025-03-19 18:56:05,093 - INFO - Read 0 rows from s3://thesis--ec331-s3/FCAS_RAISE1SEC-Volume-Bids/PUBLIC_DVD_BIDPEROFFER1_202311010000.parquet/part.251.parquet
2025-03-19 18:56:05,096 - INFO - No duplicates found in s3://thesis--ec331-s3/FCAS_RAISE1SEC-Volume-Bids/PUBLIC_DVD_BIDPEROFFER1_202311010000.parquet/part.251.parquet
2025-03-19 18:56:05,097 - WARNING - Empty DataFrame will be written.
2025-03-19 18:56:05,141 - INFO - Wrote original 0 rows to s3://thesis--ec331-s3/de-duped-volume-bids/PUBLIC_DVD_BIDPEROFFER1_202311010000.parquet/part.249.parquet
2025-03-19 18:56:05,231 - INFO - Processing: s3://thesis--ec331-s3/FCAS_RAISE1SEC-Volume-Bids/PUBLIC_DVD_BIDPEROFFER1_202311010000.parquet/part.252.parquet
2025-03-19 18:56:05,233 - INFO - Target: s3://thesis--ec331-s3/de-duped-volume-bids/PUBLIC_DVD_BIDPEROFFER1_202311010000.parquet/part.252.parquet
2025-03-19 18:56:05,301 - INFO - Wrote original 0 rows to s3://thesis--ec331-s3/de-duped-volume-bids/PUBLIC_DVD_BIDPEROFFER1_202311010000.parquet/part.25.parquet
2025-03-19 18:56:05,388 - INFO - Processing: s3://thesis--ec331-s3/FCAS_RAISE1SEC-Volume-Bids/PUBLIC_DVD_BIDPEROFFER1_202311010000.parquet/part.253.parquet
2025-03-19 18:56:05,391 - INFO - Target: s3://thesis--ec331-s3/de-duped-volume-bids/PUBLIC_DVD_BIDPEROFFER1_202311010000.parquet/part.253.parquet
2025-03-19 18:56:05,415 - INFO - Wrote original 0 rows to s3://thesis--ec331-s3/de-duped-volume-bids/PUBLIC_DVD_BIDPEROFFER1_202311010000.parquet/part.250.parquet
2025-03-19 18:56:05,501 - INFO - Processing: s3://thesis--ec331-s3/FCAS_RAISE1SEC-Volume-Bids/PUBLIC_DVD_BIDPEROFFER1_202311010000.parquet/part.254.parquet
2025-03-19 18:56:05,503 - INFO - Target: s3://thesis--ec331-s3/de-duped-volume-bids/PUBLIC_DVD_BIDPEROFFER1_202311010000.parquet/part.254.parquet
2025-03-19 18:56:05,559 - INFO - Wrote original 0 rows to s3://thesis--ec331-s3/de-duped-volume-bids/PUBLIC_DVD_BIDPEROFFER1_202311010000.parquet/part.251.parquet
2025-03-19 18:56:05,650 - INFO - Processing: s3://thesis--ec331-s3/FCAS_RAISE1SEC-Volume-Bids/PUBLIC_DVD_BIDPEROFFER1_202311010000.parquet/part.255.parquet
2025-03-19 18:56:05,651 - INFO - Target: s3://thesis--ec331-s3/de-duped-volume-bids/PUBLIC_DVD_BIDPEROFFER1_202311010000.parquet/part.255.parquet
2025-03-19 18:56:05,773 - INFO - Read 0 rows from s3://thesis--ec331-s3/FCAS_RAISE1SEC-Volume-Bids/PUBLIC_DVD_BIDPEROFFER1_202311010000.parquet/part.253.parquet
2025-03-19 18:56:05,781 - INFO - No duplicates found in s3://thesis--ec331-s3/FCAS_RAISE1SEC-Volume-Bids/PUBLIC_DVD_BIDPEROFFER1_202311010000.parquet/part.253.parquet
2025-03-19 18:56:05,783 - WARNING - Empty DataFrame will be written.
2025-03-19 18:56:05,815 - INFO - Read 0 rows from s3://thesis--ec331-s3/FCAS_RAISE1SEC-Volume-Bids/PUBLIC_DVD_BIDPEROFFER1_202311010000.parquet/part.252.parquet
2025-03-19 18:56:05,817 - INFO - No duplicates found in s3://thesis--ec331-s3/FCAS_RAISE1SEC-Volume-Bids/PUBLIC_DVD_BIDPEROFFER1_202311010000.parquet/part.252.parquet
2025-03-19 18:56:05,819 - WARNING - Empty DataFrame will be written.
2025-03-19 18:56:05,861 - INFO - Read 0 rows from s3://thesis--ec331-s3/FCAS_RAISE1SEC-Volume-Bids/PUBLIC_DVD_BIDPEROFFER1_202311010000.parquet/part.254.parquet
2025-03-19 18:56:05,864 - INFO - No duplicates found in s3://thesis--ec331-s3/FCAS_RAISE1SEC-Volume-Bids/PUBLIC_DVD_BIDPEROFFER1_202311010000.parquet/part.254.parquet
2025-03-19 18:56:05,865 - WARNING - Empty DataFrame will be written.
2025-03-19 18:56:05,899 - INFO - Read 0 rows from s3://thesis--ec331-s3/FCAS_RAISE1SEC-Volume-Bids/PUBLIC_DVD_BIDPEROFFER1_202311010000.parquet/part.255.parquet
2025-03-19 18:56:05,902 - INFO - No duplicates found in s3://thesis--ec331-s3/FCAS_RAISE1SEC-Volume-Bids/PUBLIC_DVD_BIDPEROFFER1_202311010000.parquet/part.255.parquet
2025-03-19 18:56:05,903 - WARNING - Empty DataFrame will be written.
2025-03-19 18:56:06,086 - INFO - Wrote original 0 rows to s3://thesis--ec331-s3/de-duped-volume-bids/PUBLIC_DVD_BIDPEROFFER1_202311010000.parquet/part.253.parquet
2025-03-19 18:56:06,181 - INFO - Processing: s3://thesis--ec331-s3/FCAS_RAISE1SEC-Volume-Bids/PUBLIC_DVD_BIDPEROFFER1_202311010000.parquet/part.256.parquet
2025-03-19 18:56:06,185 - INFO - Wrote original 0 rows to s3://thesis--ec331-s3/de-duped-volume-bids/PUBLIC_DVD_BIDPEROFFER1_202311010000.parquet/part.252.parquet
2025-03-19 18:56:06,187 - INFO - Target: s3://thesis--ec331-s3/de-duped-volume-bids/PUBLIC_DVD_BIDPEROFFER1_202311010000.parquet/part.256.parquet
2025-03-19 18:56:06,278 - INFO - Processing: s3://thesis--ec331-s3/FCAS_RAISE1SEC-Volume-Bids/PUBLIC_DVD_BIDPEROFFER1_202311010000.parquet/part.257.parquet
2025-03-19 18:56:06,292 - INFO - Wrote original 0 rows to s3://thesis--ec331-s3/de-duped-volume-bids/PUBLIC_DVD_BIDPEROFFER1_202311010000.parquet/part.254.parquet
2025-03-19 18:56:06,296 - INFO - Wrote original 0 rows to s3://thesis--ec331-s3/de-duped-volume-bids/PUBLIC_DVD_BIDPEROFFER1_202311010000.parquet/part.255.parquet
2025-03-19 18:56:06,297 - INFO - Target: s3://thesis--ec331-s3/de-duped-volume-bids/PUBLIC_DVD_BIDPEROFFER1_202311010000.parquet/part.257.parquet
2025-03-19 18:56:06,381 - INFO - Processing: s3://thesis--ec331-s3/FCAS_RAISE1SEC-Volume-Bids/PUBLIC_DVD_BIDPEROFFER1_202311010000.parquet/part.258.parquet
2025-03-19 18:56:06,462 - INFO - Processing: s3://thesis--ec331-s3/FCAS_RAISE1SEC-Volume-Bids/PUBLIC_DVD_BIDPEROFFER1_202311010000.parquet/part.259.parquet
2025-03-19 18:56:06,472 - INFO - Target: s3://thesis--ec331-s3/de-duped-volume-bids/PUBLIC_DVD_BIDPEROFFER1_202311010000.parquet/part.258.parquet
2025-03-19 18:56:06,474 - INFO - Target: s3://thesis--ec331-s3/de-duped-volume-bids/PUBLIC_DVD_BIDPEROFFER1_202311010000.parquet/part.259.parquet
2025-03-19 18:56:06,689 - INFO - Read 0 rows from s3://thesis--ec331-s3/FCAS_RAISE1SEC-Volume-Bids/PUBLIC_DVD_BIDPEROFFER1_202311010000.parquet/part.256.parquet
2025-03-19 18:56:06,698 - INFO - No duplicates found in s3://thesis--ec331-s3/FCAS_RAISE1SEC-Volume-Bids/PUBLIC_DVD_BIDPEROFFER1_202311010000.parquet/part.256.parquet
2025-03-19 18:56:06,699 - WARNING - Empty DataFrame will be written.
2025-03-19 18:56:06,753 - INFO - Read 0 rows from s3://thesis--ec331-s3/FCAS_RAISE1SEC-Volume-Bids/PUBLIC_DVD_BIDPEROFFER1_202311010000.parquet/part.257.parquet
2025-03-19 18:56:06,755 - INFO - No duplicates found in s3://thesis--ec331-s3/FCAS_RAISE1SEC-Volume-Bids/PUBLIC_DVD_BIDPEROFFER1_202311010000.parquet/part.257.parquet
2025-03-19 18:56:06,756 - WARNING - Empty DataFrame will be written.
2025-03-19 18:56:06,789 - INFO - Read 0 rows from s3://thesis--ec331-s3/FCAS_RAISE1SEC-Volume-Bids/PUBLIC_DVD_BIDPEROFFER1_202311010000.parquet/part.259.parquet
2025-03-19 18:56:06,798 - INFO - No duplicates found in s3://thesis--ec331-s3/FCAS_RAISE1SEC-Volume-Bids/PUBLIC_DVD_BIDPEROFFER1_202311010000.parquet/part.259.parquet
2025-03-19 18:56:06,800 - WARNING - Empty DataFrame will be written.
2025-03-19 18:56:06,802 - INFO - Read 0 rows from s3://thesis--ec331-s3/FCAS_RAISE1SEC-Volume-Bids/PUBLIC_DVD_BIDPEROFFER1_202311010000.parquet/part.258.parquet
2025-03-19 18:56:06,822 - INFO - No duplicates found in s3://thesis--ec331-s3/FCAS_RAISE1SEC-Volume-Bids/PUBLIC_DVD_BIDPEROFFER1_202311010000.parquet/part.258.parquet
2025-03-19 18:56:06,825 - WARNING - Empty DataFrame will be written.
2025-03-19 18:56:06,955 - INFO - Wrote original 0 rows to s3://thesis--ec331-s3/de-duped-volume-bids/PUBLIC_DVD_BIDPEROFFER1_202311010000.parquet/part.256.parquet
2025-03-19 18:56:07,047 - INFO - Processing: s3://thesis--ec331-s3/FCAS_RAISE1SEC-Volume-Bids/PUBLIC_DVD_BIDPEROFFER1_202311010000.parquet/part.26.parquet
2025-03-19 18:56:07,048 - INFO - Target: s3://thesis--ec331-s3/de-duped-volume-bids/PUBLIC_DVD_BIDPEROFFER1_202311010000.parquet/part.26.parquet
2025-03-19 18:56:07,104 - INFO - Wrote original 0 rows to s3://thesis--ec331-s3/de-duped-volume-bids/PUBLIC_DVD_BIDPEROFFER1_202311010000.parquet/part.257.parquet
2025-03-19 18:56:07,189 - INFO - Processing: s3://thesis--ec331-s3/FCAS_RAISE1SEC-Volume-Bids/PUBLIC_DVD_BIDPEROFFER1_202311010000.parquet/part.260.parquet
2025-03-19 18:56:07,193 - INFO - Wrote original 0 rows to s3://thesis--ec331-s3/de-duped-volume-bids/PUBLIC_DVD_BIDPEROFFER1_202311010000.parquet/part.258.parquet
2025-03-19 18:56:07,195 - INFO - Wrote original 0 rows to s3://thesis--ec331-s3/de-duped-volume-bids/PUBLIC_DVD_BIDPEROFFER1_202311010000.parquet/part.259.parquet
2025-03-19 18:56:07,197 - INFO - Target: s3://thesis--ec331-s3/de-duped-volume-bids/PUBLIC_DVD_BIDPEROFFER1_202311010000.parquet/part.260.parquet
2025-03-19 18:56:07,278 - INFO - Processing: s3://thesis--ec331-s3/FCAS_RAISE1SEC-Volume-Bids/PUBLIC_DVD_BIDPEROFFER1_202311010000.parquet/part.261.parquet
2025-03-19 18:56:07,361 - INFO - Processing: s3://thesis--ec331-s3/FCAS_RAISE1SEC-Volume-Bids/PUBLIC_DVD_BIDPEROFFER1_202311010000.parquet/part.262.parquet
2025-03-19 18:56:07,378 - INFO - Target: s3://thesis--ec331-s3/de-duped-volume-bids/PUBLIC_DVD_BIDPEROFFER1_202311010000.parquet/part.261.parquet
2025-03-19 18:56:07,379 - INFO - Target: s3://thesis--ec331-s3/de-duped-volume-bids/PUBLIC_DVD_BIDPEROFFER1_202311010000.parquet/part.262.parquet
2025-03-19 18:56:07,549 - INFO - Read 0 rows from s3://thesis--ec331-s3/FCAS_RAISE1SEC-Volume-Bids/PUBLIC_DVD_BIDPEROFFER1_202311010000.parquet/part.26.parquet
2025-03-19 18:56:07,557 - INFO - No duplicates found in s3://thesis--ec331-s3/FCAS_RAISE1SEC-Volume-Bids/PUBLIC_DVD_BIDPEROFFER1_202311010000.parquet/part.26.parquet
2025-03-19 18:56:07,558 - WARNING - Empty DataFrame will be written.
2025-03-19 18:56:07,655 - INFO - Read 0 rows from s3://thesis--ec331-s3/FCAS_RAISE1SEC-Volume-Bids/PUBLIC_DVD_BIDPEROFFER1_202311010000.parquet/part.260.parquet
2025-03-19 18:56:07,657 - INFO - No duplicates found in s3://thesis--ec331-s3/FCAS_RAISE1SEC-Volume-Bids/PUBLIC_DVD_BIDPEROFFER1_202311010000.parquet/part.260.parquet
2025-03-19 18:56:07,660 - WARNING - Empty DataFrame will be written.
2025-03-19 18:56:07,691 - INFO - Read 0 rows from s3://thesis--ec331-s3/FCAS_RAISE1SEC-Volume-Bids/PUBLIC_DVD_BIDPEROFFER1_202311010000.parquet/part.261.parquet
2025-03-19 18:56:07,694 - INFO - No duplicates found in s3://thesis--ec331-s3/FCAS_RAISE1SEC-Volume-Bids/PUBLIC_DVD_BIDPEROFFER1_202311010000.parquet/part.261.parquet
2025-03-19 18:56:07,701 - INFO - Read 0 rows from s3://thesis--ec331-s3/FCAS_RAISE1SEC-Volume-Bids/PUBLIC_DVD_BIDPEROFFER1_202311010000.parquet/part.262.parquet
2025-03-19 18:56:07,702 - WARNING - Empty DataFrame will be written.
2025-03-19 18:56:07,705 - INFO - No duplicates found in s3://thesis--ec331-s3/FCAS_RAISE1SEC-Volume-Bids/PUBLIC_DVD_BIDPEROFFER1_202311010000.parquet/part.262.parquet
2025-03-19 18:56:07,719 - WARNING - Empty DataFrame will be written.
2025-03-19 18:56:07,799 - INFO - Wrote original 0 rows to s3://thesis--ec331-s3/de-duped-volume-bids/PUBLIC_DVD_BIDPEROFFER1_202311010000.parquet/part.26.parquet
2025-03-19 18:56:07,905 - INFO - Processing: s3://thesis--ec331-s3/FCAS_RAISE1SEC-Volume-Bids/PUBLIC_DVD_BIDPEROFFER1_202311010000.parquet/part.263.parquet
2025-03-19 18:56:07,907 - INFO - Target: s3://thesis--ec331-s3/de-duped-volume-bids/PUBLIC_DVD_BIDPEROFFER1_202311010000.parquet/part.263.parquet
2025-03-19 18:56:08,061 - INFO - Wrote original 0 rows to s3://thesis--ec331-s3/de-duped-volume-bids/PUBLIC_DVD_BIDPEROFFER1_202311010000.parquet/part.260.parquet
2025-03-19 18:56:08,156 - INFO - Processing: s3://thesis--ec331-s3/FCAS_RAISE1SEC-Volume-Bids/PUBLIC_DVD_BIDPEROFFER1_202311010000.parquet/part.264.parquet
2025-03-19 18:56:08,160 - INFO - Wrote original 0 rows to s3://thesis--ec331-s3/de-duped-volume-bids/PUBLIC_DVD_BIDPEROFFER1_202311010000.parquet/part.262.parquet
2025-03-19 18:56:08,163 - INFO - Wrote original 0 rows to s3://thesis--ec331-s3/de-duped-volume-bids/PUBLIC_DVD_BIDPEROFFER1_202311010000.parquet/part.261.parquet
2025-03-19 18:56:08,164 - INFO - Target: s3://thesis--ec331-s3/de-duped-volume-bids/PUBLIC_DVD_BIDPEROFFER1_202311010000.parquet/part.264.parquet
2025-03-19 18:56:08,255 - INFO - Processing: s3://thesis--ec331-s3/FCAS_RAISE1SEC-Volume-Bids/PUBLIC_DVD_BIDPEROFFER1_202311010000.parquet/part.265.parquet
2025-03-19 18:56:08,346 - INFO - Processing: s3://thesis--ec331-s3/FCAS_RAISE1SEC-Volume-Bids/PUBLIC_DVD_BIDPEROFFER1_202311010000.parquet/part.266.parquet
2025-03-19 18:56:08,362 - INFO - Target: s3://thesis--ec331-s3/de-duped-volume-bids/PUBLIC_DVD_BIDPEROFFER1_202311010000.parquet/part.265.parquet
2025-03-19 18:56:08,364 - INFO - Target: s3://thesis--ec331-s3/de-duped-volume-bids/PUBLIC_DVD_BIDPEROFFER1_202311010000.parquet/part.266.parquet
2025-03-19 18:56:08,438 - INFO - Read 0 rows from s3://thesis--ec331-s3/FCAS_RAISE1SEC-Volume-Bids/PUBLIC_DVD_BIDPEROFFER1_202311010000.parquet/part.263.parquet
2025-03-19 18:56:08,441 - INFO - No duplicates found in s3://thesis--ec331-s3/FCAS_RAISE1SEC-Volume-Bids/PUBLIC_DVD_BIDPEROFFER1_202311010000.parquet/part.263.parquet
2025-03-19 18:56:08,442 - WARNING - Empty DataFrame will be written.
2025-03-19 18:56:08,644 - INFO - Read 0 rows from s3://thesis--ec331-s3/FCAS_RAISE1SEC-Volume-Bids/PUBLIC_DVD_BIDPEROFFER1_202311010000.parquet/part.264.parquet
2025-03-19 18:56:08,646 - INFO - No duplicates found in s3://thesis--ec331-s3/FCAS_RAISE1SEC-Volume-Bids/PUBLIC_DVD_BIDPEROFFER1_202311010000.parquet/part.264.parquet
2025-03-19 18:56:08,647 - WARNING - Empty DataFrame will be written.
2025-03-19 18:56:08,674 - INFO - Read 0 rows from s3://thesis--ec331-s3/FCAS_RAISE1SEC-Volume-Bids/PUBLIC_DVD_BIDPEROFFER1_202311010000.parquet/part.266.parquet
2025-03-19 18:56:08,679 - INFO - No duplicates found in s3://thesis--ec331-s3/FCAS_RAISE1SEC-Volume-Bids/PUBLIC_DVD_BIDPEROFFER1_202311010000.parquet/part.266.parquet
2025-03-19 18:56:08,681 - WARNING - Empty DataFrame will be written.
2025-03-19 18:56:08,701 - INFO - Wrote original 0 rows to s3://thesis--ec331-s3/de-duped-volume-bids/PUBLIC_DVD_BIDPEROFFER1_202311010000.parquet/part.263.parquet
2025-03-19 18:56:08,798 - INFO - Processing: s3://thesis--ec331-s3/FCAS_RAISE1SEC-Volume-Bids/PUBLIC_DVD_BIDPEROFFER1_202311010000.parquet/part.267.parquet
2025-03-19 18:56:08,800 - INFO - Target: s3://thesis--ec331-s3/de-duped-volume-bids/PUBLIC_DVD_BIDPEROFFER1_202311010000.parquet/part.267.parquet
2025-03-19 18:56:08,825 - INFO - Read 0 rows from s3://thesis--ec331-s3/FCAS_RAISE1SEC-Volume-Bids/PUBLIC_DVD_BIDPEROFFER1_202311010000.parquet/part.265.parquet
2025-03-19 18:56:08,828 - INFO - No duplicates found in s3://thesis--ec331-s3/FCAS_RAISE1SEC-Volume-Bids/PUBLIC_DVD_BIDPEROFFER1_202311010000.parquet/part.265.parquet
2025-03-19 18:56:08,829 - WARNING - Empty DataFrame will be written.
2025-03-19 18:56:09,046 - INFO - Wrote original 0 rows to s3://thesis--ec331-s3/de-duped-volume-bids/PUBLIC_DVD_BIDPEROFFER1_202311010000.parquet/part.264.parquet
2025-03-19 18:56:09,136 - INFO - Processing: s3://thesis--ec331-s3/FCAS_RAISE1SEC-Volume-Bids/PUBLIC_DVD_BIDPEROFFER1_202311010000.parquet/part.268.parquet
2025-03-19 18:56:09,141 - INFO - Target: s3://thesis--ec331-s3/de-duped-volume-bids/PUBLIC_DVD_BIDPEROFFER1_202311010000.parquet/part.268.parquet
2025-03-19 18:56:09,162 - INFO - Read 0 rows from s3://thesis--ec331-s3/FCAS_RAISE1SEC-Volume-Bids/PUBLIC_DVD_BIDPEROFFER1_202311010000.parquet/part.267.parquet
2025-03-19 18:56:09,165 - INFO - Wrote original 0 rows to s3://thesis--ec331-s3/de-duped-volume-bids/PUBLIC_DVD_BIDPEROFFER1_202311010000.parquet/part.265.parquet
2025-03-19 18:56:09,168 - INFO - No duplicates found in s3://thesis--ec331-s3/FCAS_RAISE1SEC-Volume-Bids/PUBLIC_DVD_BIDPEROFFER1_202311010000.parquet/part.267.parquet
2025-03-19 18:56:09,171 - INFO - Wrote original 0 rows to s3://thesis--ec331-s3/de-duped-volume-bids/PUBLIC_DVD_BIDPEROFFER1_202311010000.parquet/part.266.parquet
2025-03-19 18:56:09,258 - INFO - Processing: s3://thesis--ec331-s3/FCAS_RAISE1SEC-Volume-Bids/PUBLIC_DVD_BIDPEROFFER1_202311010000.parquet/part.269.parquet
2025-03-19 18:56:09,259 - WARNING - Empty DataFrame will be written.
2025-03-19 18:56:09,344 - INFO - Processing: s3://thesis--ec331-s3/FCAS_RAISE1SEC-Volume-Bids/PUBLIC_DVD_BIDPEROFFER1_202311010000.parquet/part.27.parquet
2025-03-19 18:56:09,345 - INFO - Target: s3://thesis--ec331-s3/de-duped-volume-bids/PUBLIC_DVD_BIDPEROFFER1_202311010000.parquet/part.269.parquet
2025-03-19 18:56:09,358 - INFO - Target: s3://thesis--ec331-s3/de-duped-volume-bids/PUBLIC_DVD_BIDPEROFFER1_202311010000.parquet/part.27.parquet
2025-03-19 18:56:09,583 - INFO - Read 0 rows from s3://thesis--ec331-s3/FCAS_RAISE1SEC-Volume-Bids/PUBLIC_DVD_BIDPEROFFER1_202311010000.parquet/part.268.parquet
2025-03-19 18:56:09,591 - INFO - No duplicates found in s3://thesis--ec331-s3/FCAS_RAISE1SEC-Volume-Bids/PUBLIC_DVD_BIDPEROFFER1_202311010000.parquet/part.268.parquet
2025-03-19 18:56:09,597 - WARNING - Empty DataFrame will be written.
2025-03-19 18:56:09,641 - INFO - Read 0 rows from s3://thesis--ec331-s3/FCAS_RAISE1SEC-Volume-Bids/PUBLIC_DVD_BIDPEROFFER1_202311010000.parquet/part.269.parquet
2025-03-19 18:56:09,646 - INFO - No duplicates found in s3://thesis--ec331-s3/FCAS_RAISE1SEC-Volume-Bids/PUBLIC_DVD_BIDPEROFFER1_202311010000.parquet/part.269.parquet
2025-03-19 18:56:09,649 - INFO - Wrote original 0 rows to s3://thesis--ec331-s3/de-duped-volume-bids/PUBLIC_DVD_BIDPEROFFER1_202311010000.parquet/part.267.parquet
2025-03-19 18:56:09,650 - WARNING - Empty DataFrame will be written.
2025-03-19 18:56:09,741 - INFO - Processing: s3://thesis--ec331-s3/FCAS_RAISE1SEC-Volume-Bids/PUBLIC_DVD_BIDPEROFFER1_202311010000.parquet/part.270.parquet
2025-03-19 18:56:09,755 - INFO - Target: s3://thesis--ec331-s3/de-duped-volume-bids/PUBLIC_DVD_BIDPEROFFER1_202311010000.parquet/part.270.parquet
2025-03-19 18:56:09,786 - INFO - Read 0 rows from s3://thesis--ec331-s3/FCAS_RAISE1SEC-Volume-Bids/PUBLIC_DVD_BIDPEROFFER1_202311010000.parquet/part.27.parquet
2025-03-19 18:56:09,789 - INFO - No duplicates found in s3://thesis--ec331-s3/FCAS_RAISE1SEC-Volume-Bids/PUBLIC_DVD_BIDPEROFFER1_202311010000.parquet/part.27.parquet
2025-03-19 18:56:09,790 - WARNING - Empty DataFrame will be written.
2025-03-19 18:56:09,886 - INFO - Wrote original 0 rows to s3://thesis--ec331-s3/de-duped-volume-bids/PUBLIC_DVD_BIDPEROFFER1_202311010000.parquet/part.268.parquet
2025-03-19 18:56:09,975 - INFO - Processing: s3://thesis--ec331-s3/FCAS_RAISE1SEC-Volume-Bids/PUBLIC_DVD_BIDPEROFFER1_202311010000.parquet/part.271.parquet
2025-03-19 18:56:09,976 - INFO - Target: s3://thesis--ec331-s3/de-duped-volume-bids/PUBLIC_DVD_BIDPEROFFER1_202311010000.parquet/part.271.parquet
2025-03-19 18:56:10,092 - INFO - Read 0 rows from s3://thesis--ec331-s3/FCAS_RAISE1SEC-Volume-Bids/PUBLIC_DVD_BIDPEROFFER1_202311010000.parquet/part.270.parquet
2025-03-19 18:56:10,095 - INFO - No duplicates found in s3://thesis--ec331-s3/FCAS_RAISE1SEC-Volume-Bids/PUBLIC_DVD_BIDPEROFFER1_202311010000.parquet/part.270.parquet
2025-03-19 18:56:10,096 - WARNING - Empty DataFrame will be written.
2025-03-19 18:56:10,129 - INFO - Wrote original 0 rows to s3://thesis--ec331-s3/de-duped-volume-bids/PUBLIC_DVD_BIDPEROFFER1_202311010000.parquet/part.269.parquet
2025-03-19 18:56:10,215 - INFO - Processing: s3://thesis--ec331-s3/FCAS_RAISE1SEC-Volume-Bids/PUBLIC_DVD_BIDPEROFFER1_202311010000.parquet/part.272.parquet
2025-03-19 18:56:10,218 - INFO - Wrote original 0 rows to s3://thesis--ec331-s3/de-duped-volume-bids/PUBLIC_DVD_BIDPEROFFER1_202311010000.parquet/part.27.parquet
2025-03-19 18:56:10,220 - INFO - Target: s3://thesis--ec331-s3/de-duped-volume-bids/PUBLIC_DVD_BIDPEROFFER1_202311010000.parquet/part.272.parquet
2025-03-19 18:56:10,307 - INFO - Processing: s3://thesis--ec331-s3/FCAS_RAISE1SEC-Volume-Bids/PUBLIC_DVD_BIDPEROFFER1_202311010000.parquet/part.273.parquet
2025-03-19 18:56:10,324 - INFO - Target: s3://thesis--ec331-s3/de-duped-volume-bids/PUBLIC_DVD_BIDPEROFFER1_202311010000.parquet/part.273.parquet
2025-03-19 18:56:10,381 - INFO - Read 0 rows from s3://thesis--ec331-s3/FCAS_RAISE1SEC-Volume-Bids/PUBLIC_DVD_BIDPEROFFER1_202311010000.parquet/part.271.parquet
2025-03-19 18:56:10,383 - INFO - No duplicates found in s3://thesis--ec331-s3/FCAS_RAISE1SEC-Volume-Bids/PUBLIC_DVD_BIDPEROFFER1_202311010000.parquet/part.271.parquet
2025-03-19 18:56:10,384 - WARNING - Empty DataFrame will be written.
2025-03-19 18:56:10,458 - INFO - Wrote original 0 rows to s3://thesis--ec331-s3/de-duped-volume-bids/PUBLIC_DVD_BIDPEROFFER1_202311010000.parquet/part.270.parquet
2025-03-19 18:56:10,545 - INFO - Processing: s3://thesis--ec331-s3/FCAS_RAISE1SEC-Volume-Bids/PUBLIC_DVD_BIDPEROFFER1_202311010000.parquet/part.274.parquet
2025-03-19 18:56:10,547 - INFO - Target: s3://thesis--ec331-s3/de-duped-volume-bids/PUBLIC_DVD_BIDPEROFFER1_202311010000.parquet/part.274.parquet
2025-03-19 18:56:10,639 - INFO - Read 0 rows from s3://thesis--ec331-s3/FCAS_RAISE1SEC-Volume-Bids/PUBLIC_DVD_BIDPEROFFER1_202311010000.parquet/part.272.parquet
2025-03-19 18:56:10,642 - INFO - No duplicates found in s3://thesis--ec331-s3/FCAS_RAISE1SEC-Volume-Bids/PUBLIC_DVD_BIDPEROFFER1_202311010000.parquet/part.272.parquet
2025-03-19 18:56:10,643 - WARNING - Empty DataFrame will be written.
2025-03-19 18:56:10,670 - INFO - Read 0 rows from s3://thesis--ec331-s3/FCAS_RAISE1SEC-Volume-Bids/PUBLIC_DVD_BIDPEROFFER1_202311010000.parquet/part.273.parquet
2025-03-19 18:56:10,673 - INFO - No duplicates found in s3://thesis--ec331-s3/FCAS_RAISE1SEC-Volume-Bids/PUBLIC_DVD_BIDPEROFFER1_202311010000.parquet/part.273.parquet
2025-03-19 18:56:10,674 - WARNING - Empty DataFrame will be written.
2025-03-19 18:56:10,708 - INFO - Wrote original 0 rows to s3://thesis--ec331-s3/de-duped-volume-bids/PUBLIC_DVD_BIDPEROFFER1_202311010000.parquet/part.271.parquet
2025-03-19 18:56:10,796 - INFO - Processing: s3://thesis--ec331-s3/FCAS_RAISE1SEC-Volume-Bids/PUBLIC_DVD_BIDPEROFFER1_202311010000.parquet/part.275.parquet
2025-03-19 18:56:10,802 - INFO - Target: s3://thesis--ec331-s3/de-duped-volume-bids/PUBLIC_DVD_BIDPEROFFER1_202311010000.parquet/part.275.parquet
2025-03-19 18:56:10,854 - INFO - Read 0 rows from s3://thesis--ec331-s3/FCAS_RAISE1SEC-Volume-Bids/PUBLIC_DVD_BIDPEROFFER1_202311010000.parquet/part.274.parquet
2025-03-19 18:56:10,858 - INFO - No duplicates found in s3://thesis--ec331-s3/FCAS_RAISE1SEC-Volume-Bids/PUBLIC_DVD_BIDPEROFFER1_202311010000.parquet/part.274.parquet
2025-03-19 18:56:10,859 - WARNING - Empty DataFrame will be written.
2025-03-19 18:56:10,979 - INFO - Wrote original 0 rows to s3://thesis--ec331-s3/de-duped-volume-bids/PUBLIC_DVD_BIDPEROFFER1_202311010000.parquet/part.273.parquet
2025-03-19 18:56:11,067 - INFO - Processing: s3://thesis--ec331-s3/FCAS_RAISE1SEC-Volume-Bids/PUBLIC_DVD_BIDPEROFFER1_202311010000.parquet/part.276.parquet
2025-03-19 18:56:11,076 - INFO - Wrote original 0 rows to s3://thesis--ec331-s3/de-duped-volume-bids/PUBLIC_DVD_BIDPEROFFER1_202311010000.parquet/part.272.parquet
2025-03-19 18:56:11,078 - INFO - Target: s3://thesis--ec331-s3/de-duped-volume-bids/PUBLIC_DVD_BIDPEROFFER1_202311010000.parquet/part.276.parquet
2025-03-19 18:56:11,161 - INFO - Processing: s3://thesis--ec331-s3/FCAS_RAISE1SEC-Volume-Bids/PUBLIC_DVD_BIDPEROFFER1_202311010000.parquet/part.277.parquet
2025-03-19 18:56:11,178 - INFO - Target: s3://thesis--ec331-s3/de-duped-volume-bids/PUBLIC_DVD_BIDPEROFFER1_202311010000.parquet/part.277.parquet
2025-03-19 18:56:11,231 - INFO - Read 0 rows from s3://thesis--ec331-s3/FCAS_RAISE1SEC-Volume-Bids/PUBLIC_DVD_BIDPEROFFER1_202311010000.parquet/part.275.parquet
2025-03-19 18:56:11,234 - INFO - No duplicates found in s3://thesis--ec331-s3/FCAS_RAISE1SEC-Volume-Bids/PUBLIC_DVD_BIDPEROFFER1_202311010000.parquet/part.275.parquet
2025-03-19 18:56:11,235 - WARNING - Empty DataFrame will be written.
2025-03-19 18:56:11,238 - INFO - Wrote original 0 rows to s3://thesis--ec331-s3/de-duped-volume-bids/PUBLIC_DVD_BIDPEROFFER1_202311010000.parquet/part.274.parquet
2025-03-19 18:56:11,336 - INFO - Processing: s3://thesis--ec331-s3/FCAS_RAISE1SEC-Volume-Bids/PUBLIC_DVD_BIDPEROFFER1_202311010000.parquet/part.278.parquet
2025-03-19 18:56:11,337 - INFO - Target: s3://thesis--ec331-s3/de-duped-volume-bids/PUBLIC_DVD_BIDPEROFFER1_202311010000.parquet/part.278.parquet
2025-03-19 18:56:11,531 - INFO - Read 0 rows from s3://thesis--ec331-s3/FCAS_RAISE1SEC-Volume-Bids/PUBLIC_DVD_BIDPEROFFER1_202311010000.parquet/part.277.parquet
2025-03-19 18:56:11,536 - INFO - No duplicates found in s3://thesis--ec331-s3/FCAS_RAISE1SEC-Volume-Bids/PUBLIC_DVD_BIDPEROFFER1_202311010000.parquet/part.277.parquet
2025-03-19 18:56:11,537 - WARNING - Empty DataFrame will be written.
2025-03-19 18:56:11,570 - INFO - Read 0 rows from s3://thesis--ec331-s3/FCAS_RAISE1SEC-Volume-Bids/PUBLIC_DVD_BIDPEROFFER1_202311010000.parquet/part.276.parquet
2025-03-19 18:56:11,577 - INFO - No duplicates found in s3://thesis--ec331-s3/FCAS_RAISE1SEC-Volume-Bids/PUBLIC_DVD_BIDPEROFFER1_202311010000.parquet/part.276.parquet
2025-03-19 18:56:11,578 - WARNING - Empty DataFrame will be written.
2025-03-19 18:56:11,614 - INFO - Wrote original 0 rows to s3://thesis--ec331-s3/de-duped-volume-bids/PUBLIC_DVD_BIDPEROFFER1_202311010000.parquet/part.275.parquet
2025-03-19 18:56:11,704 - INFO - Processing: s3://thesis--ec331-s3/FCAS_RAISE1SEC-Volume-Bids/PUBLIC_DVD_BIDPEROFFER1_202311010000.parquet/part.279.parquet
2025-03-19 18:56:11,706 - INFO - Target: s3://thesis--ec331-s3/de-duped-volume-bids/PUBLIC_DVD_BIDPEROFFER1_202311010000.parquet/part.279.parquet
2025-03-19 18:56:11,740 - INFO - Read 0 rows from s3://thesis--ec331-s3/FCAS_RAISE1SEC-Volume-Bids/PUBLIC_DVD_BIDPEROFFER1_202311010000.parquet/part.278.parquet
2025-03-19 18:56:11,742 - INFO - No duplicates found in s3://thesis--ec331-s3/FCAS_RAISE1SEC-Volume-Bids/PUBLIC_DVD_BIDPEROFFER1_202311010000.parquet/part.278.parquet
2025-03-19 18:56:11,743 - WARNING - Empty DataFrame will be written.
2025-03-19 18:56:11,865 - INFO - Wrote original 0 rows to s3://thesis--ec331-s3/de-duped-volume-bids/PUBLIC_DVD_BIDPEROFFER1_202311010000.parquet/part.277.parquet
2025-03-19 18:56:11,953 - INFO - Processing: s3://thesis--ec331-s3/FCAS_RAISE1SEC-Volume-Bids/PUBLIC_DVD_BIDPEROFFER1_202311010000.parquet/part.28.parquet
2025-03-19 18:56:11,956 - INFO - Target: s3://thesis--ec331-s3/de-duped-volume-bids/PUBLIC_DVD_BIDPEROFFER1_202311010000.parquet/part.28.parquet
2025-03-19 18:56:11,958 - INFO - Wrote original 0 rows to s3://thesis--ec331-s3/de-duped-volume-bids/PUBLIC_DVD_BIDPEROFFER1_202311010000.parquet/part.276.parquet
2025-03-19 18:56:12,053 - INFO - Processing: s3://thesis--ec331-s3/FCAS_RAISE1SEC-Volume-Bids/PUBLIC_DVD_BIDPEROFFER1_202311010000.parquet/part.280.parquet
2025-03-19 18:56:12,060 - INFO - Target: s3://thesis--ec331-s3/de-duped-volume-bids/PUBLIC_DVD_BIDPEROFFER1_202311010000.parquet/part.280.parquet
2025-03-19 18:56:12,082 - INFO - Wrote original 0 rows to s3://thesis--ec331-s3/de-duped-volume-bids/PUBLIC_DVD_BIDPEROFFER1_202311010000.parquet/part.278.parquet
2025-03-19 18:56:12,171 - INFO - Processing: s3://thesis--ec331-s3/FCAS_RAISE1SEC-Volume-Bids/PUBLIC_DVD_BIDPEROFFER1_202311010000.parquet/part.281.parquet
2025-03-19 18:56:12,172 - INFO - Target: s3://thesis--ec331-s3/de-duped-volume-bids/PUBLIC_DVD_BIDPEROFFER1_202311010000.parquet/part.281.parquet
2025-03-19 18:56:12,206 - INFO - Read 0 rows from s3://thesis--ec331-s3/FCAS_RAISE1SEC-Volume-Bids/PUBLIC_DVD_BIDPEROFFER1_202311010000.parquet/part.279.parquet
2025-03-19 18:56:12,209 - INFO - No duplicates found in s3://thesis--ec331-s3/FCAS_RAISE1SEC-Volume-Bids/PUBLIC_DVD_BIDPEROFFER1_202311010000.parquet/part.279.parquet
2025-03-19 18:56:12,210 - WARNING - Empty DataFrame will be written.
2025-03-19 18:56:12,359 - INFO - Read 0 rows from s3://thesis--ec331-s3/FCAS_RAISE1SEC-Volume-Bids/PUBLIC_DVD_BIDPEROFFER1_202311010000.parquet/part.280.parquet
2025-03-19 18:56:12,361 - INFO - No duplicates found in s3://thesis--ec331-s3/FCAS_RAISE1SEC-Volume-Bids/PUBLIC_DVD_BIDPEROFFER1_202311010000.parquet/part.280.parquet
2025-03-19 18:56:12,362 - WARNING - Empty DataFrame will be written.
2025-03-19 18:56:12,396 - INFO - Read 0 rows from s3://thesis--ec331-s3/FCAS_RAISE1SEC-Volume-Bids/PUBLIC_DVD_BIDPEROFFER1_202311010000.parquet/part.28.parquet
2025-03-19 18:56:12,403 - INFO - No duplicates found in s3://thesis--ec331-s3/FCAS_RAISE1SEC-Volume-Bids/PUBLIC_DVD_BIDPEROFFER1_202311010000.parquet/part.28.parquet
2025-03-19 18:56:12,405 - WARNING - Empty DataFrame will be written.
2025-03-19 18:56:12,431 - INFO - Wrote original 0 rows to s3://thesis--ec331-s3/de-duped-volume-bids/PUBLIC_DVD_BIDPEROFFER1_202311010000.parquet/part.279.parquet
2025-03-19 18:56:12,529 - INFO - Processing: s3://thesis--ec331-s3/FCAS_RAISE1SEC-Volume-Bids/PUBLIC_DVD_BIDPEROFFER1_202311010000.parquet/part.282.parquet
2025-03-19 18:56:12,530 - INFO - Target: s3://thesis--ec331-s3/de-duped-volume-bids/PUBLIC_DVD_BIDPEROFFER1_202311010000.parquet/part.282.parquet
2025-03-19 18:56:12,558 - INFO - Read 0 rows from s3://thesis--ec331-s3/FCAS_RAISE1SEC-Volume-Bids/PUBLIC_DVD_BIDPEROFFER1_202311010000.parquet/part.281.parquet
2025-03-19 18:56:12,561 - INFO - No duplicates found in s3://thesis--ec331-s3/FCAS_RAISE1SEC-Volume-Bids/PUBLIC_DVD_BIDPEROFFER1_202311010000.parquet/part.281.parquet
2025-03-19 18:56:12,562 - WARNING - Empty DataFrame will be written.
2025-03-19 18:56:12,690 - INFO - Wrote original 0 rows to s3://thesis--ec331-s3/de-duped-volume-bids/PUBLIC_DVD_BIDPEROFFER1_202311010000.parquet/part.280.parquet
2025-03-19 18:56:12,777 - INFO - Processing: s3://thesis--ec331-s3/FCAS_RAISE1SEC-Volume-Bids/PUBLIC_DVD_BIDPEROFFER1_202311010000.parquet/part.283.parquet
2025-03-19 18:56:12,779 - INFO - Target: s3://thesis--ec331-s3/de-duped-volume-bids/PUBLIC_DVD_BIDPEROFFER1_202311010000.parquet/part.283.parquet
2025-03-19 18:56:12,809 - INFO - Wrote original 0 rows to s3://thesis--ec331-s3/de-duped-volume-bids/PUBLIC_DVD_BIDPEROFFER1_202311010000.parquet/part.28.parquet
2025-03-19 18:56:12,901 - INFO - Processing: s3://thesis--ec331-s3/FCAS_RAISE1SEC-Volume-Bids/PUBLIC_DVD_BIDPEROFFER1_202311010000.parquet/part.284.parquet
2025-03-19 18:56:12,909 - INFO - Target: s3://thesis--ec331-s3/de-duped-volume-bids/PUBLIC_DVD_BIDPEROFFER1_202311010000.parquet/part.284.parquet
2025-03-19 18:56:12,936 - INFO - Wrote original 0 rows to s3://thesis--ec331-s3/de-duped-volume-bids/PUBLIC_DVD_BIDPEROFFER1_202311010000.parquet/part.281.parquet
2025-03-19 18:56:13,030 - INFO - Processing: s3://thesis--ec331-s3/FCAS_RAISE1SEC-Volume-Bids/PUBLIC_DVD_BIDPEROFFER1_202311010000.parquet/part.285.parquet
2025-03-19 18:56:13,033 - INFO - Target: s3://thesis--ec331-s3/de-duped-volume-bids/PUBLIC_DVD_BIDPEROFFER1_202311010000.parquet/part.285.parquet
2025-03-19 18:56:13,056 - INFO - Read 0 rows from s3://thesis--ec331-s3/FCAS_RAISE1SEC-Volume-Bids/PUBLIC_DVD_BIDPEROFFER1_202311010000.parquet/part.282.parquet
2025-03-19 18:56:13,065 - INFO - No duplicates found in s3://thesis--ec331-s3/FCAS_RAISE1SEC-Volume-Bids/PUBLIC_DVD_BIDPEROFFER1_202311010000.parquet/part.282.parquet
2025-03-19 18:56:13,066 - WARNING - Empty DataFrame will be written.
2025-03-19 18:56:13,201 - INFO - Read 0 rows from s3://thesis--ec331-s3/FCAS_RAISE1SEC-Volume-Bids/PUBLIC_DVD_BIDPEROFFER1_202311010000.parquet/part.283.parquet
2025-03-19 18:56:13,208 - INFO - No duplicates found in s3://thesis--ec331-s3/FCAS_RAISE1SEC-Volume-Bids/PUBLIC_DVD_BIDPEROFFER1_202311010000.parquet/part.283.parquet
2025-03-19 18:56:13,209 - WARNING - Empty DataFrame will be written.
2025-03-19 18:56:13,278 - INFO - Wrote original 0 rows to s3://thesis--ec331-s3/de-duped-volume-bids/PUBLIC_DVD_BIDPEROFFER1_202311010000.parquet/part.282.parquet
2025-03-19 18:56:13,375 - INFO - Processing: s3://thesis--ec331-s3/FCAS_RAISE1SEC-Volume-Bids/PUBLIC_DVD_BIDPEROFFER1_202311010000.parquet/part.286.parquet
2025-03-19 18:56:13,378 - INFO - Target: s3://thesis--ec331-s3/de-duped-volume-bids/PUBLIC_DVD_BIDPEROFFER1_202311010000.parquet/part.286.parquet
2025-03-19 18:56:13,404 - INFO - Read 0 rows from s3://thesis--ec331-s3/FCAS_RAISE1SEC-Volume-Bids/PUBLIC_DVD_BIDPEROFFER1_202311010000.parquet/part.284.parquet
2025-03-19 18:56:13,412 - INFO - Read 0 rows from s3://thesis--ec331-s3/FCAS_RAISE1SEC-Volume-Bids/PUBLIC_DVD_BIDPEROFFER1_202311010000.parquet/part.285.parquet
2025-03-19 18:56:13,420 - INFO - No duplicates found in s3://thesis--ec331-s3/FCAS_RAISE1SEC-Volume-Bids/PUBLIC_DVD_BIDPEROFFER1_202311010000.parquet/part.284.parquet
2025-03-19 18:56:13,423 - INFO - No duplicates found in s3://thesis--ec331-s3/FCAS_RAISE1SEC-Volume-Bids/PUBLIC_DVD_BIDPEROFFER1_202311010000.parquet/part.285.parquet
2025-03-19 18:56:13,424 - WARNING - Empty DataFrame will be written.
2025-03-19 18:56:13,425 - WARNING - Empty DataFrame will be written.
2025-03-19 18:56:13,569 - INFO - Wrote original 0 rows to s3://thesis--ec331-s3/de-duped-volume-bids/PUBLIC_DVD_BIDPEROFFER1_202311010000.parquet/part.283.parquet
2025-03-19 18:56:13,665 - INFO - Processing: s3://thesis--ec331-s3/FCAS_RAISE1SEC-Volume-Bids/PUBLIC_DVD_BIDPEROFFER1_202311010000.parquet/part.287.parquet
2025-03-19 18:56:13,673 - INFO - Target: s3://thesis--ec331-s3/de-duped-volume-bids/PUBLIC_DVD_BIDPEROFFER1_202311010000.parquet/part.287.parquet
2025-03-19 18:56:13,715 - INFO - Wrote original 0 rows to s3://thesis--ec331-s3/de-duped-volume-bids/PUBLIC_DVD_BIDPEROFFER1_202311010000.parquet/part.284.parquet
2025-03-19 18:56:13,808 - INFO - Processing: s3://thesis--ec331-s3/FCAS_RAISE1SEC-Volume-Bids/PUBLIC_DVD_BIDPEROFFER1_202311010000.parquet/part.288.parquet
2025-03-19 18:56:13,812 - INFO - Wrote original 0 rows to s3://thesis--ec331-s3/de-duped-volume-bids/PUBLIC_DVD_BIDPEROFFER1_202311010000.parquet/part.285.parquet
2025-03-19 18:56:13,813 - INFO - Target: s3://thesis--ec331-s3/de-duped-volume-bids/PUBLIC_DVD_BIDPEROFFER1_202311010000.parquet/part.288.parquet
2025-03-19 18:56:13,913 - INFO - Processing: s3://thesis--ec331-s3/FCAS_RAISE1SEC-Volume-Bids/PUBLIC_DVD_BIDPEROFFER1_202311010000.parquet/part.289.parquet
2025-03-19 18:56:13,925 - INFO - Target: s3://thesis--ec331-s3/de-duped-volume-bids/PUBLIC_DVD_BIDPEROFFER1_202311010000.parquet/part.289.parquet
2025-03-19 18:56:13,952 - INFO - Read 0 rows from s3://thesis--ec331-s3/FCAS_RAISE1SEC-Volume-Bids/PUBLIC_DVD_BIDPEROFFER1_202311010000.parquet/part.286.parquet
2025-03-19 18:56:13,955 - INFO - No duplicates found in s3://thesis--ec331-s3/FCAS_RAISE1SEC-Volume-Bids/PUBLIC_DVD_BIDPEROFFER1_202311010000.parquet/part.286.parquet
2025-03-19 18:56:13,956 - WARNING - Empty DataFrame will be written.
2025-03-19 18:56:14,146 - INFO - Read 0 rows from s3://thesis--ec331-s3/FCAS_RAISE1SEC-Volume-Bids/PUBLIC_DVD_BIDPEROFFER1_202311010000.parquet/part.287.parquet
2025-03-19 18:56:14,155 - INFO - No duplicates found in s3://thesis--ec331-s3/FCAS_RAISE1SEC-Volume-Bids/PUBLIC_DVD_BIDPEROFFER1_202311010000.parquet/part.287.parquet
2025-03-19 18:56:14,156 - WARNING - Empty DataFrame will be written.
2025-03-19 18:56:14,179 - INFO - Read 0 rows from s3://thesis--ec331-s3/FCAS_RAISE1SEC-Volume-Bids/PUBLIC_DVD_BIDPEROFFER1_202311010000.parquet/part.288.parquet
2025-03-19 18:56:14,184 - INFO - No duplicates found in s3://thesis--ec331-s3/FCAS_RAISE1SEC-Volume-Bids/PUBLIC_DVD_BIDPEROFFER1_202311010000.parquet/part.288.parquet
2025-03-19 18:56:14,186 - WARNING - Empty DataFrame will be written.
2025-03-19 18:56:14,212 - INFO - Read 0 rows from s3://thesis--ec331-s3/FCAS_RAISE1SEC-Volume-Bids/PUBLIC_DVD_BIDPEROFFER1_202311010000.parquet/part.289.parquet
2025-03-19 18:56:14,215 - INFO - No duplicates found in s3://thesis--ec331-s3/FCAS_RAISE1SEC-Volume-Bids/PUBLIC_DVD_BIDPEROFFER1_202311010000.parquet/part.289.parquet
2025-03-19 18:56:14,216 - WARNING - Empty DataFrame will be written.
2025-03-19 18:56:14,263 - INFO - Wrote original 0 rows to s3://thesis--ec331-s3/de-duped-volume-bids/PUBLIC_DVD_BIDPEROFFER1_202311010000.parquet/part.286.parquet
2025-03-19 18:56:14,355 - INFO - Processing: s3://thesis--ec331-s3/FCAS_RAISE1SEC-Volume-Bids/PUBLIC_DVD_BIDPEROFFER1_202311010000.parquet/part.29.parquet
2025-03-19 18:56:14,357 - INFO - Target: s3://thesis--ec331-s3/de-duped-volume-bids/PUBLIC_DVD_BIDPEROFFER1_202311010000.parquet/part.29.parquet
2025-03-19 18:56:14,505 - INFO - Wrote original 0 rows to s3://thesis--ec331-s3/de-duped-volume-bids/PUBLIC_DVD_BIDPEROFFER1_202311010000.parquet/part.289.parquet
2025-03-19 18:56:14,589 - INFO - Processing: s3://thesis--ec331-s3/FCAS_RAISE1SEC-Volume-Bids/PUBLIC_DVD_BIDPEROFFER1_202311010000.parquet/part.290.parquet
2025-03-19 18:56:14,591 - INFO - Target: s3://thesis--ec331-s3/de-duped-volume-bids/PUBLIC_DVD_BIDPEROFFER1_202311010000.parquet/part.290.parquet
2025-03-19 18:56:14,623 - INFO - Wrote original 0 rows to s3://thesis--ec331-s3/de-duped-volume-bids/PUBLIC_DVD_BIDPEROFFER1_202311010000.parquet/part.288.parquet
2025-03-19 18:56:14,626 - INFO - Wrote original 0 rows to s3://thesis--ec331-s3/de-duped-volume-bids/PUBLIC_DVD_BIDPEROFFER1_202311010000.parquet/part.287.parquet
2025-03-19 18:56:14,712 - INFO - Processing: s3://thesis--ec331-s3/FCAS_RAISE1SEC-Volume-Bids/PUBLIC_DVD_BIDPEROFFER1_202311010000.parquet/part.291.parquet
2025-03-19 18:56:14,795 - INFO - Processing: s3://thesis--ec331-s3/FCAS_RAISE1SEC-Volume-Bids/PUBLIC_DVD_BIDPEROFFER1_202311010000.parquet/part.292.parquet
2025-03-19 18:56:14,802 - INFO - Target: s3://thesis--ec331-s3/de-duped-volume-bids/PUBLIC_DVD_BIDPEROFFER1_202311010000.parquet/part.291.parquet
2025-03-19 18:56:14,803 - INFO - Target: s3://thesis--ec331-s3/de-duped-volume-bids/PUBLIC_DVD_BIDPEROFFER1_202311010000.parquet/part.292.parquet
2025-03-19 18:56:14,869 - INFO - Read 0 rows from s3://thesis--ec331-s3/FCAS_RAISE1SEC-Volume-Bids/PUBLIC_DVD_BIDPEROFFER1_202311010000.parquet/part.29.parquet
2025-03-19 18:56:14,872 - INFO - No duplicates found in s3://thesis--ec331-s3/FCAS_RAISE1SEC-Volume-Bids/PUBLIC_DVD_BIDPEROFFER1_202311010000.parquet/part.29.parquet
2025-03-19 18:56:14,873 - WARNING - Empty DataFrame will be written.
2025-03-19 18:56:15,021 - INFO - Read 0 rows from s3://thesis--ec331-s3/FCAS_RAISE1SEC-Volume-Bids/PUBLIC_DVD_BIDPEROFFER1_202311010000.parquet/part.290.parquet
2025-03-19 18:56:15,024 - INFO - No duplicates found in s3://thesis--ec331-s3/FCAS_RAISE1SEC-Volume-Bids/PUBLIC_DVD_BIDPEROFFER1_202311010000.parquet/part.290.parquet
2025-03-19 18:56:15,025 - WARNING - Empty DataFrame will be written.
2025-03-19 18:56:15,064 - INFO - Read 0 rows from s3://thesis--ec331-s3/FCAS_RAISE1SEC-Volume-Bids/PUBLIC_DVD_BIDPEROFFER1_202311010000.parquet/part.291.parquet
2025-03-19 18:56:15,067 - INFO - No duplicates found in s3://thesis--ec331-s3/FCAS_RAISE1SEC-Volume-Bids/PUBLIC_DVD_BIDPEROFFER1_202311010000.parquet/part.291.parquet
2025-03-19 18:56:15,072 - WARNING - Empty DataFrame will be written.
2025-03-19 18:56:15,126 - INFO - Read 0 rows from s3://thesis--ec331-s3/FCAS_RAISE1SEC-Volume-Bids/PUBLIC_DVD_BIDPEROFFER1_202311010000.parquet/part.292.parquet
2025-03-19 18:56:15,129 - INFO - No duplicates found in s3://thesis--ec331-s3/FCAS_RAISE1SEC-Volume-Bids/PUBLIC_DVD_BIDPEROFFER1_202311010000.parquet/part.292.parquet
2025-03-19 18:56:15,132 - INFO - Wrote original 0 rows to s3://thesis--ec331-s3/de-duped-volume-bids/PUBLIC_DVD_BIDPEROFFER1_202311010000.parquet/part.29.parquet
2025-03-19 18:56:15,134 - WARNING - Empty DataFrame will be written.
2025-03-19 18:56:15,224 - INFO - Processing: s3://thesis--ec331-s3/FCAS_RAISE1SEC-Volume-Bids/PUBLIC_DVD_BIDPEROFFER1_202311010000.parquet/part.293.parquet
2025-03-19 18:56:15,231 - INFO - Target: s3://thesis--ec331-s3/de-duped-volume-bids/PUBLIC_DVD_BIDPEROFFER1_202311010000.parquet/part.293.parquet
2025-03-19 18:56:15,291 - INFO - Wrote original 0 rows to s3://thesis--ec331-s3/de-duped-volume-bids/PUBLIC_DVD_BIDPEROFFER1_202311010000.parquet/part.290.parquet
2025-03-19 18:56:15,382 - INFO - Processing: s3://thesis--ec331-s3/FCAS_RAISE1SEC-Volume-Bids/PUBLIC_DVD_BIDPEROFFER1_202311010000.parquet/part.294.parquet
2025-03-19 18:56:15,384 - INFO - Target: s3://thesis--ec331-s3/de-duped-volume-bids/PUBLIC_DVD_BIDPEROFFER1_202311010000.parquet/part.294.parquet
2025-03-19 18:56:15,434 - INFO - Wrote original 0 rows to s3://thesis--ec331-s3/de-duped-volume-bids/PUBLIC_DVD_BIDPEROFFER1_202311010000.parquet/part.291.parquet
2025-03-19 18:56:15,518 - INFO - Processing: s3://thesis--ec331-s3/FCAS_RAISE1SEC-Volume-Bids/PUBLIC_DVD_BIDPEROFFER1_202311010000.parquet/part.295.parquet
2025-03-19 18:56:15,519 - INFO - Target: s3://thesis--ec331-s3/de-duped-volume-bids/PUBLIC_DVD_BIDPEROFFER1_202311010000.parquet/part.295.parquet
2025-03-19 18:56:15,592 - INFO - Wrote original 0 rows to s3://thesis--ec331-s3/de-duped-volume-bids/PUBLIC_DVD_BIDPEROFFER1_202311010000.parquet/part.292.parquet
2025-03-19 18:56:15,684 - INFO - Processing: s3://thesis--ec331-s3/FCAS_RAISE1SEC-Volume-Bids/PUBLIC_DVD_BIDPEROFFER1_202311010000.parquet/part.296.parquet
2025-03-19 18:56:15,687 - INFO - Target: s3://thesis--ec331-s3/de-duped-volume-bids/PUBLIC_DVD_BIDPEROFFER1_202311010000.parquet/part.296.parquet
2025-03-19 18:56:15,709 - INFO - Read 0 rows from s3://thesis--ec331-s3/FCAS_RAISE1SEC-Volume-Bids/PUBLIC_DVD_BIDPEROFFER1_202311010000.parquet/part.293.parquet
2025-03-19 18:56:15,713 - INFO - No duplicates found in s3://thesis--ec331-s3/FCAS_RAISE1SEC-Volume-Bids/PUBLIC_DVD_BIDPEROFFER1_202311010000.parquet/part.293.parquet
2025-03-19 18:56:15,713 - WARNING - Empty DataFrame will be written.
2025-03-19 18:56:15,798 - INFO - Read 0 rows from s3://thesis--ec331-s3/FCAS_RAISE1SEC-Volume-Bids/PUBLIC_DVD_BIDPEROFFER1_202311010000.parquet/part.294.parquet
2025-03-19 18:56:15,801 - INFO - No duplicates found in s3://thesis--ec331-s3/FCAS_RAISE1SEC-Volume-Bids/PUBLIC_DVD_BIDPEROFFER1_202311010000.parquet/part.294.parquet
2025-03-19 18:56:15,803 - WARNING - Empty DataFrame will be written.
2025-03-19 18:56:15,867 - INFO - Read 0 rows from s3://thesis--ec331-s3/FCAS_RAISE1SEC-Volume-Bids/PUBLIC_DVD_BIDPEROFFER1_202311010000.parquet/part.295.parquet
2025-03-19 18:56:15,870 - INFO - No duplicates found in s3://thesis--ec331-s3/FCAS_RAISE1SEC-Volume-Bids/PUBLIC_DVD_BIDPEROFFER1_202311010000.parquet/part.295.parquet
2025-03-19 18:56:15,871 - WARNING - Empty DataFrame will be written.
2025-03-19 18:56:15,933 - INFO - Wrote original 0 rows to s3://thesis--ec331-s3/de-duped-volume-bids/PUBLIC_DVD_BIDPEROFFER1_202311010000.parquet/part.293.parquet
2025-03-19 18:56:16,024 - INFO - Processing: s3://thesis--ec331-s3/FCAS_RAISE1SEC-Volume-Bids/PUBLIC_DVD_BIDPEROFFER1_202311010000.parquet/part.297.parquet
2025-03-19 18:56:16,026 - INFO - Target: s3://thesis--ec331-s3/de-duped-volume-bids/PUBLIC_DVD_BIDPEROFFER1_202311010000.parquet/part.297.parquet
2025-03-19 18:56:16,049 - INFO - Read 0 rows from s3://thesis--ec331-s3/FCAS_RAISE1SEC-Volume-Bids/PUBLIC_DVD_BIDPEROFFER1_202311010000.parquet/part.296.parquet
2025-03-19 18:56:16,052 - INFO - No duplicates found in s3://thesis--ec331-s3/FCAS_RAISE1SEC-Volume-Bids/PUBLIC_DVD_BIDPEROFFER1_202311010000.parquet/part.296.parquet
2025-03-19 18:56:16,057 - WARNING - Empty DataFrame will be written.
2025-03-19 18:56:16,104 - INFO - Wrote original 0 rows to s3://thesis--ec331-s3/de-duped-volume-bids/PUBLIC_DVD_BIDPEROFFER1_202311010000.parquet/part.294.parquet
2025-03-19 18:56:16,192 - INFO - Processing: s3://thesis--ec331-s3/FCAS_RAISE1SEC-Volume-Bids/PUBLIC_DVD_BIDPEROFFER1_202311010000.parquet/part.298.parquet
2025-03-19 18:56:16,200 - INFO - Target: s3://thesis--ec331-s3/de-duped-volume-bids/PUBLIC_DVD_BIDPEROFFER1_202311010000.parquet/part.298.parquet
2025-03-19 18:56:16,267 - INFO - Wrote original 0 rows to s3://thesis--ec331-s3/de-duped-volume-bids/PUBLIC_DVD_BIDPEROFFER1_202311010000.parquet/part.295.parquet
2025-03-19 18:56:16,355 - INFO - Processing: s3://thesis--ec331-s3/FCAS_RAISE1SEC-Volume-Bids/PUBLIC_DVD_BIDPEROFFER1_202311010000.parquet/part.299.parquet
2025-03-19 18:56:16,356 - INFO - Target: s3://thesis--ec331-s3/de-duped-volume-bids/PUBLIC_DVD_BIDPEROFFER1_202311010000.parquet/part.299.parquet
2025-03-19 18:56:16,422 - INFO - Wrote original 0 rows to s3://thesis--ec331-s3/de-duped-volume-bids/PUBLIC_DVD_BIDPEROFFER1_202311010000.parquet/part.296.parquet
2025-03-19 18:56:16,510 - INFO - Processing: s3://thesis--ec331-s3/FCAS_RAISE1SEC-Volume-Bids/PUBLIC_DVD_BIDPEROFFER1_202311010000.parquet/part.3.parquet
2025-03-19 18:56:16,512 - INFO - Target: s3://thesis--ec331-s3/de-duped-volume-bids/PUBLIC_DVD_BIDPEROFFER1_202311010000.parquet/part.3.parquet
2025-03-19 18:56:16,540 - INFO - Read 0 rows from s3://thesis--ec331-s3/FCAS_RAISE1SEC-Volume-Bids/PUBLIC_DVD_BIDPEROFFER1_202311010000.parquet/part.297.parquet
2025-03-19 18:56:16,544 - INFO - No duplicates found in s3://thesis--ec331-s3/FCAS_RAISE1SEC-Volume-Bids/PUBLIC_DVD_BIDPEROFFER1_202311010000.parquet/part.297.parquet
2025-03-19 18:56:16,545 - WARNING - Empty DataFrame will be written.
2025-03-19 18:56:16,619 - INFO - Read 1,998 rows from s3://thesis--ec331-s3/FCAS_RAISE1SEC-Volume-Bids/PUBLIC_DVD_BIDPEROFFER1_202311010000.parquet/part.298.parquet
2025-03-19 18:56:16,627 - INFO - Found 1,846 rows (92.39%) with duplicate keys
2025-03-19 18:56:16,631 - INFO - Removed 1,716 duplicate rows
2025-03-19 18:56:16,757 - INFO - Read 0 rows from s3://thesis--ec331-s3/FCAS_RAISE1SEC-Volume-Bids/PUBLIC_DVD_BIDPEROFFER1_202311010000.parquet/part.3.parquet
2025-03-19 18:56:16,761 - INFO - No duplicates found in s3://thesis--ec331-s3/FCAS_RAISE1SEC-Volume-Bids/PUBLIC_DVD_BIDPEROFFER1_202311010000.parquet/part.3.parquet
2025-03-19 18:56:16,763 - WARNING - Empty DataFrame will be written.
2025-03-19 18:56:16,784 - INFO - Wrote original 0 rows to s3://thesis--ec331-s3/de-duped-volume-bids/PUBLIC_DVD_BIDPEROFFER1_202311010000.parquet/part.297.parquet
2025-03-19 18:56:16,880 - INFO - Processing: s3://thesis--ec331-s3/FCAS_RAISE1SEC-Volume-Bids/PUBLIC_DVD_BIDPEROFFER1_202311010000.parquet/part.30.parquet
2025-03-19 18:56:16,881 - INFO - Target: s3://thesis--ec331-s3/de-duped-volume-bids/PUBLIC_DVD_BIDPEROFFER1_202311010000.parquet/part.30.parquet
2025-03-19 18:56:16,959 - INFO - Wrote 282 rows to s3://thesis--ec331-s3/de-duped-volume-bids/PUBLIC_DVD_BIDPEROFFER1_202311010000.parquet/part.298.parquet
2025-03-19 18:56:17,147 - INFO - Processing: s3://thesis--ec331-s3/FCAS_RAISE1SEC-Volume-Bids/PUBLIC_DVD_BIDPEROFFER1_202311010000.parquet/part.300.parquet
2025-03-19 18:56:17,149 - INFO - Target: s3://thesis--ec331-s3/de-duped-volume-bids/PUBLIC_DVD_BIDPEROFFER1_202311010000.parquet/part.300.parquet
2025-03-19 18:56:17,453 - INFO - Wrote original 0 rows to s3://thesis--ec331-s3/de-duped-volume-bids/PUBLIC_DVD_BIDPEROFFER1_202311010000.parquet/part.3.parquet
2025-03-19 18:56:17,553 - INFO - Processing: s3://thesis--ec331-s3/FCAS_RAISE1SEC-Volume-Bids/PUBLIC_DVD_BIDPEROFFER1_202311010000.parquet/part.301.parquet
2025-03-19 18:56:17,557 - INFO - Target: s3://thesis--ec331-s3/de-duped-volume-bids/PUBLIC_DVD_BIDPEROFFER1_202311010000.parquet/part.301.parquet
2025-03-19 18:56:17,585 - INFO - Read 0 rows from s3://thesis--ec331-s3/FCAS_RAISE1SEC-Volume-Bids/PUBLIC_DVD_BIDPEROFFER1_202311010000.parquet/part.30.parquet
2025-03-19 18:56:17,589 - INFO - No duplicates found in s3://thesis--ec331-s3/FCAS_RAISE1SEC-Volume-Bids/PUBLIC_DVD_BIDPEROFFER1_202311010000.parquet/part.30.parquet
2025-03-19 18:56:17,592 - WARNING - Empty DataFrame will be written.
2025-03-19 18:56:17,677 - INFO - Read 0 rows from s3://thesis--ec331-s3/FCAS_RAISE1SEC-Volume-Bids/PUBLIC_DVD_BIDPEROFFER1_202311010000.parquet/part.300.parquet
2025-03-19 18:56:17,682 - INFO - No duplicates found in s3://thesis--ec331-s3/FCAS_RAISE1SEC-Volume-Bids/PUBLIC_DVD_BIDPEROFFER1_202311010000.parquet/part.300.parquet
2025-03-19 18:56:17,684 - WARNING - Empty DataFrame will be written.
2025-03-19 18:56:17,708 - INFO - Read 457,362 rows from s3://thesis--ec331-s3/FCAS_RAISE1SEC-Volume-Bids/PUBLIC_DVD_BIDPEROFFER1_202311010000.parquet/part.299.parquet
2025-03-19 18:56:17,930 - INFO - Read 0 rows from s3://thesis--ec331-s3/FCAS_RAISE1SEC-Volume-Bids/PUBLIC_DVD_BIDPEROFFER1_202311010000.parquet/part.301.parquet
2025-03-19 18:56:17,952 - INFO - Wrote original 0 rows to s3://thesis--ec331-s3/de-duped-volume-bids/PUBLIC_DVD_BIDPEROFFER1_202311010000.parquet/part.30.parquet
2025-03-19 18:56:17,955 - INFO - No duplicates found in s3://thesis--ec331-s3/FCAS_RAISE1SEC-Volume-Bids/PUBLIC_DVD_BIDPEROFFER1_202311010000.parquet/part.301.parquet
2025-03-19 18:56:18,054 - INFO - Processing: s3://thesis--ec331-s3/FCAS_RAISE1SEC-Volume-Bids/PUBLIC_DVD_BIDPEROFFER1_202311010000.parquet/part.302.parquet
2025-03-19 18:56:18,056 - WARNING - Empty DataFrame will be written.
2025-03-19 18:56:18,062 - INFO - Target: s3://thesis--ec331-s3/de-duped-volume-bids/PUBLIC_DVD_BIDPEROFFER1_202311010000.parquet/part.302.parquet
2025-03-19 18:56:18,099 - INFO - Wrote original 0 rows to s3://thesis--ec331-s3/de-duped-volume-bids/PUBLIC_DVD_BIDPEROFFER1_202311010000.parquet/part.300.parquet
2025-03-19 18:56:18,194 - INFO - Processing: s3://thesis--ec331-s3/FCAS_RAISE1SEC-Volume-Bids/PUBLIC_DVD_BIDPEROFFER1_202311010000.parquet/part.303.parquet
2025-03-19 18:56:18,195 - INFO - Target: s3://thesis--ec331-s3/de-duped-volume-bids/PUBLIC_DVD_BIDPEROFFER1_202311010000.parquet/part.303.parquet
2025-03-19 18:56:18,241 - INFO - Found 457,199 rows (99.96%) with duplicate keys
2025-03-19 18:56:18,357 - INFO - Wrote original 0 rows to s3://thesis--ec331-s3/de-duped-volume-bids/PUBLIC_DVD_BIDPEROFFER1_202311010000.parquet/part.301.parquet
2025-03-19 18:56:18,453 - INFO - Processing: s3://thesis--ec331-s3/FCAS_RAISE1SEC-Volume-Bids/PUBLIC_DVD_BIDPEROFFER1_202311010000.parquet/part.304.parquet
2025-03-19 18:56:18,460 - INFO - Target: s3://thesis--ec331-s3/de-duped-volume-bids/PUBLIC_DVD_BIDPEROFFER1_202311010000.parquet/part.304.parquet
2025-03-19 18:56:18,472 - INFO - Removed 455,471 duplicate rows
2025-03-19 18:56:18,506 - INFO - Read 0 rows from s3://thesis--ec331-s3/FCAS_RAISE1SEC-Volume-Bids/PUBLIC_DVD_BIDPEROFFER1_202311010000.parquet/part.302.parquet
2025-03-19 18:56:18,509 - INFO - No duplicates found in s3://thesis--ec331-s3/FCAS_RAISE1SEC-Volume-Bids/PUBLIC_DVD_BIDPEROFFER1_202311010000.parquet/part.302.parquet
2025-03-19 18:56:18,515 - WARNING - Empty DataFrame will be written.
2025-03-19 18:56:18,549 - INFO - Read 0 rows from s3://thesis--ec331-s3/FCAS_RAISE1SEC-Volume-Bids/PUBLIC_DVD_BIDPEROFFER1_202311010000.parquet/part.303.parquet
2025-03-19 18:56:18,562 - INFO - No duplicates found in s3://thesis--ec331-s3/FCAS_RAISE1SEC-Volume-Bids/PUBLIC_DVD_BIDPEROFFER1_202311010000.parquet/part.303.parquet
2025-03-19 18:56:18,563 - WARNING - Empty DataFrame will be written.
2025-03-19 18:56:18,727 - INFO - Read 0 rows from s3://thesis--ec331-s3/FCAS_RAISE1SEC-Volume-Bids/PUBLIC_DVD_BIDPEROFFER1_202311010000.parquet/part.304.parquet
2025-03-19 18:56:18,730 - INFO - No duplicates found in s3://thesis--ec331-s3/FCAS_RAISE1SEC-Volume-Bids/PUBLIC_DVD_BIDPEROFFER1_202311010000.parquet/part.304.parquet
2025-03-19 18:56:18,731 - WARNING - Empty DataFrame will be written.
2025-03-19 18:56:18,772 - INFO - Wrote 1,891 rows to s3://thesis--ec331-s3/de-duped-volume-bids/PUBLIC_DVD_BIDPEROFFER1_202311010000.parquet/part.299.parquet
2025-03-19 18:56:19,013 - INFO - Processing: s3://thesis--ec331-s3/FCAS_RAISE1SEC-Volume-Bids/PUBLIC_DVD_BIDPEROFFER1_202311010000.parquet/part.305.parquet
2025-03-19 18:56:19,014 - INFO - Wrote original 0 rows to s3://thesis--ec331-s3/de-duped-volume-bids/PUBLIC_DVD_BIDPEROFFER1_202311010000.parquet/part.302.parquet
2025-03-19 18:56:19,016 - INFO - Target: s3://thesis--ec331-s3/de-duped-volume-bids/PUBLIC_DVD_BIDPEROFFER1_202311010000.parquet/part.305.parquet
2025-03-19 18:56:19,114 - INFO - Processing: s3://thesis--ec331-s3/FCAS_RAISE1SEC-Volume-Bids/PUBLIC_DVD_BIDPEROFFER1_202311010000.parquet/part.306.parquet
2025-03-19 18:56:19,119 - INFO - Wrote original 0 rows to s3://thesis--ec331-s3/de-duped-volume-bids/PUBLIC_DVD_BIDPEROFFER1_202311010000.parquet/part.303.parquet
2025-03-19 18:56:19,135 - INFO - Target: s3://thesis--ec331-s3/de-duped-volume-bids/PUBLIC_DVD_BIDPEROFFER1_202311010000.parquet/part.306.parquet
2025-03-19 18:56:19,230 - INFO - Processing: s3://thesis--ec331-s3/FCAS_RAISE1SEC-Volume-Bids/PUBLIC_DVD_BIDPEROFFER1_202311010000.parquet/part.307.parquet
2025-03-19 18:56:19,241 - INFO - Target: s3://thesis--ec331-s3/de-duped-volume-bids/PUBLIC_DVD_BIDPEROFFER1_202311010000.parquet/part.307.parquet
2025-03-19 18:56:19,373 - INFO - Wrote original 0 rows to s3://thesis--ec331-s3/de-duped-volume-bids/PUBLIC_DVD_BIDPEROFFER1_202311010000.parquet/part.304.parquet
2025-03-19 18:56:19,461 - INFO - Processing: s3://thesis--ec331-s3/FCAS_RAISE1SEC-Volume-Bids/PUBLIC_DVD_BIDPEROFFER1_202311010000.parquet/part.308.parquet
2025-03-19 18:56:19,463 - INFO - Target: s3://thesis--ec331-s3/de-duped-volume-bids/PUBLIC_DVD_BIDPEROFFER1_202311010000.parquet/part.308.parquet
2025-03-19 18:56:19,554 - INFO - Read 0 rows from s3://thesis--ec331-s3/FCAS_RAISE1SEC-Volume-Bids/PUBLIC_DVD_BIDPEROFFER1_202311010000.parquet/part.305.parquet
2025-03-19 18:56:19,559 - INFO - No duplicates found in s3://thesis--ec331-s3/FCAS_RAISE1SEC-Volume-Bids/PUBLIC_DVD_BIDPEROFFER1_202311010000.parquet/part.305.parquet
2025-03-19 18:56:19,560 - WARNING - Empty DataFrame will be written.
2025-03-19 18:56:19,588 - INFO - Read 0 rows from s3://thesis--ec331-s3/FCAS_RAISE1SEC-Volume-Bids/PUBLIC_DVD_BIDPEROFFER1_202311010000.parquet/part.307.parquet
2025-03-19 18:56:19,591 - INFO - No duplicates found in s3://thesis--ec331-s3/FCAS_RAISE1SEC-Volume-Bids/PUBLIC_DVD_BIDPEROFFER1_202311010000.parquet/part.307.parquet
2025-03-19 18:56:19,593 - WARNING - Empty DataFrame will be written.
2025-03-19 18:56:19,619 - INFO - Read 0 rows from s3://thesis--ec331-s3/FCAS_RAISE1SEC-Volume-Bids/PUBLIC_DVD_BIDPEROFFER1_202311010000.parquet/part.306.parquet
2025-03-19 18:56:19,623 - INFO - No duplicates found in s3://thesis--ec331-s3/FCAS_RAISE1SEC-Volume-Bids/PUBLIC_DVD_BIDPEROFFER1_202311010000.parquet/part.306.parquet
2025-03-19 18:56:19,625 - WARNING - Empty DataFrame will be written.
2025-03-19 18:56:19,721 - INFO - Read 0 rows from s3://thesis--ec331-s3/FCAS_RAISE1SEC-Volume-Bids/PUBLIC_DVD_BIDPEROFFER1_202311010000.parquet/part.308.parquet
2025-03-19 18:56:19,725 - INFO - No duplicates found in s3://thesis--ec331-s3/FCAS_RAISE1SEC-Volume-Bids/PUBLIC_DVD_BIDPEROFFER1_202311010000.parquet/part.308.parquet
2025-03-19 18:56:19,726 - WARNING - Empty DataFrame will be written.
2025-03-19 18:56:19,883 - INFO - Wrote original 0 rows to s3://thesis--ec331-s3/de-duped-volume-bids/PUBLIC_DVD_BIDPEROFFER1_202311010000.parquet/part.305.parquet
2025-03-19 18:56:19,976 - INFO - Processing: s3://thesis--ec331-s3/FCAS_RAISE1SEC-Volume-Bids/PUBLIC_DVD_BIDPEROFFER1_202311010000.parquet/part.309.parquet
2025-03-19 18:56:19,980 - INFO - Wrote original 0 rows to s3://thesis--ec331-s3/de-duped-volume-bids/PUBLIC_DVD_BIDPEROFFER1_202311010000.parquet/part.307.parquet
2025-03-19 18:56:19,982 - INFO - Wrote original 0 rows to s3://thesis--ec331-s3/de-duped-volume-bids/PUBLIC_DVD_BIDPEROFFER1_202311010000.parquet/part.306.parquet
2025-03-19 18:56:19,983 - INFO - Target: s3://thesis--ec331-s3/de-duped-volume-bids/PUBLIC_DVD_BIDPEROFFER1_202311010000.parquet/part.309.parquet
2025-03-19 18:56:20,068 - INFO - Processing: s3://thesis--ec331-s3/FCAS_RAISE1SEC-Volume-Bids/PUBLIC_DVD_BIDPEROFFER1_202311010000.parquet/part.31.parquet
2025-03-19 18:56:20,150 - INFO - Processing: s3://thesis--ec331-s3/FCAS_RAISE1SEC-Volume-Bids/PUBLIC_DVD_BIDPEROFFER1_202311010000.parquet/part.310.parquet
2025-03-19 18:56:20,160 - INFO - Target: s3://thesis--ec331-s3/de-duped-volume-bids/PUBLIC_DVD_BIDPEROFFER1_202311010000.parquet/part.31.parquet
2025-03-19 18:56:20,162 - INFO - Target: s3://thesis--ec331-s3/de-duped-volume-bids/PUBLIC_DVD_BIDPEROFFER1_202311010000.parquet/part.310.parquet
2025-03-19 18:56:20,186 - INFO - Wrote original 0 rows to s3://thesis--ec331-s3/de-duped-volume-bids/PUBLIC_DVD_BIDPEROFFER1_202311010000.parquet/part.308.parquet
2025-03-19 18:56:20,271 - INFO - Processing: s3://thesis--ec331-s3/FCAS_RAISE1SEC-Volume-Bids/PUBLIC_DVD_BIDPEROFFER1_202311010000.parquet/part.311.parquet
2025-03-19 18:56:20,273 - INFO - Target: s3://thesis--ec331-s3/de-duped-volume-bids/PUBLIC_DVD_BIDPEROFFER1_202311010000.parquet/part.311.parquet
2025-03-19 18:56:20,469 - INFO - Read 0 rows from s3://thesis--ec331-s3/FCAS_RAISE1SEC-Volume-Bids/PUBLIC_DVD_BIDPEROFFER1_202311010000.parquet/part.309.parquet
2025-03-19 18:56:20,477 - INFO - No duplicates found in s3://thesis--ec331-s3/FCAS_RAISE1SEC-Volume-Bids/PUBLIC_DVD_BIDPEROFFER1_202311010000.parquet/part.309.parquet
2025-03-19 18:56:20,485 - WARNING - Empty DataFrame will be written.
2025-03-19 18:56:20,557 - INFO - Read 0 rows from s3://thesis--ec331-s3/FCAS_RAISE1SEC-Volume-Bids/PUBLIC_DVD_BIDPEROFFER1_202311010000.parquet/part.311.parquet
2025-03-19 18:56:20,561 - INFO - No duplicates found in s3://thesis--ec331-s3/FCAS_RAISE1SEC-Volume-Bids/PUBLIC_DVD_BIDPEROFFER1_202311010000.parquet/part.311.parquet
2025-03-19 18:56:20,567 - WARNING - Empty DataFrame will be written.
2025-03-19 18:56:20,569 - INFO - Read 0 rows from s3://thesis--ec331-s3/FCAS_RAISE1SEC-Volume-Bids/PUBLIC_DVD_BIDPEROFFER1_202311010000.parquet/part.31.parquet
2025-03-19 18:56:20,585 - INFO - No duplicates found in s3://thesis--ec331-s3/FCAS_RAISE1SEC-Volume-Bids/PUBLIC_DVD_BIDPEROFFER1_202311010000.parquet/part.31.parquet
2025-03-19 18:56:20,588 - WARNING - Empty DataFrame will be written.
2025-03-19 18:56:20,623 - INFO - Read 0 rows from s3://thesis--ec331-s3/FCAS_RAISE1SEC-Volume-Bids/PUBLIC_DVD_BIDPEROFFER1_202311010000.parquet/part.310.parquet
2025-03-19 18:56:20,626 - INFO - No duplicates found in s3://thesis--ec331-s3/FCAS_RAISE1SEC-Volume-Bids/PUBLIC_DVD_BIDPEROFFER1_202311010000.parquet/part.310.parquet
2025-03-19 18:56:20,627 - WARNING - Empty DataFrame will be written.
2025-03-19 18:56:20,748 - INFO - Wrote original 0 rows to s3://thesis--ec331-s3/de-duped-volume-bids/PUBLIC_DVD_BIDPEROFFER1_202311010000.parquet/part.309.parquet
2025-03-19 18:56:20,843 - INFO - Processing: s3://thesis--ec331-s3/FCAS_RAISE1SEC-Volume-Bids/PUBLIC_DVD_BIDPEROFFER1_202311010000.parquet/part.312.parquet
2025-03-19 18:56:20,845 - INFO - Target: s3://thesis--ec331-s3/de-duped-volume-bids/PUBLIC_DVD_BIDPEROFFER1_202311010000.parquet/part.312.parquet
2025-03-19 18:56:20,909 - INFO - Wrote original 0 rows to s3://thesis--ec331-s3/de-duped-volume-bids/PUBLIC_DVD_BIDPEROFFER1_202311010000.parquet/part.311.parquet
2025-03-19 18:56:20,913 - INFO - Wrote original 0 rows to s3://thesis--ec331-s3/de-duped-volume-bids/PUBLIC_DVD_BIDPEROFFER1_202311010000.parquet/part.31.parquet
2025-03-19 18:56:20,997 - INFO - Processing: s3://thesis--ec331-s3/FCAS_RAISE1SEC-Volume-Bids/PUBLIC_DVD_BIDPEROFFER1_202311010000.parquet/part.313.parquet
2025-03-19 18:56:21,081 - INFO - Processing: s3://thesis--ec331-s3/FCAS_RAISE1SEC-Volume-Bids/PUBLIC_DVD_BIDPEROFFER1_202311010000.parquet/part.314.parquet
2025-03-19 18:56:21,082 - INFO - Target: s3://thesis--ec331-s3/de-duped-volume-bids/PUBLIC_DVD_BIDPEROFFER1_202311010000.parquet/part.313.parquet
2025-03-19 18:56:21,083 - INFO - Target: s3://thesis--ec331-s3/de-duped-volume-bids/PUBLIC_DVD_BIDPEROFFER1_202311010000.parquet/part.314.parquet
2025-03-19 18:56:21,124 - INFO - Wrote original 0 rows to s3://thesis--ec331-s3/de-duped-volume-bids/PUBLIC_DVD_BIDPEROFFER1_202311010000.parquet/part.310.parquet
2025-03-19 18:56:21,212 - INFO - Processing: s3://thesis--ec331-s3/FCAS_RAISE1SEC-Volume-Bids/PUBLIC_DVD_BIDPEROFFER1_202311010000.parquet/part.315.parquet
2025-03-19 18:56:21,214 - INFO - Target: s3://thesis--ec331-s3/de-duped-volume-bids/PUBLIC_DVD_BIDPEROFFER1_202311010000.parquet/part.315.parquet
2025-03-19 18:56:21,322 - INFO - Read 0 rows from s3://thesis--ec331-s3/FCAS_RAISE1SEC-Volume-Bids/PUBLIC_DVD_BIDPEROFFER1_202311010000.parquet/part.312.parquet
2025-03-19 18:56:21,325 - INFO - No duplicates found in s3://thesis--ec331-s3/FCAS_RAISE1SEC-Volume-Bids/PUBLIC_DVD_BIDPEROFFER1_202311010000.parquet/part.312.parquet
2025-03-19 18:56:21,327 - WARNING - Empty DataFrame will be written.
2025-03-19 18:56:21,417 - INFO - Read 0 rows from s3://thesis--ec331-s3/FCAS_RAISE1SEC-Volume-Bids/PUBLIC_DVD_BIDPEROFFER1_202311010000.parquet/part.313.parquet
2025-03-19 18:56:21,422 - INFO - No duplicates found in s3://thesis--ec331-s3/FCAS_RAISE1SEC-Volume-Bids/PUBLIC_DVD_BIDPEROFFER1_202311010000.parquet/part.313.parquet
2025-03-19 18:56:21,424 - WARNING - Empty DataFrame will be written.
2025-03-19 18:56:21,457 - INFO - Read 0 rows from s3://thesis--ec331-s3/FCAS_RAISE1SEC-Volume-Bids/PUBLIC_DVD_BIDPEROFFER1_202311010000.parquet/part.314.parquet
2025-03-19 18:56:21,460 - INFO - No duplicates found in s3://thesis--ec331-s3/FCAS_RAISE1SEC-Volume-Bids/PUBLIC_DVD_BIDPEROFFER1_202311010000.parquet/part.314.parquet
2025-03-19 18:56:21,462 - WARNING - Empty DataFrame will be written.
2025-03-19 18:56:21,489 - INFO - Read 0 rows from s3://thesis--ec331-s3/FCAS_RAISE1SEC-Volume-Bids/PUBLIC_DVD_BIDPEROFFER1_202311010000.parquet/part.315.parquet
2025-03-19 18:56:21,493 - INFO - No duplicates found in s3://thesis--ec331-s3/FCAS_RAISE1SEC-Volume-Bids/PUBLIC_DVD_BIDPEROFFER1_202311010000.parquet/part.315.parquet
2025-03-19 18:56:21,494 - WARNING - Empty DataFrame will be written.
2025-03-19 18:56:21,592 - INFO - Wrote original 0 rows to s3://thesis--ec331-s3/de-duped-volume-bids/PUBLIC_DVD_BIDPEROFFER1_202311010000.parquet/part.312.parquet
2025-03-19 18:56:21,685 - INFO - Processing: s3://thesis--ec331-s3/FCAS_RAISE1SEC-Volume-Bids/PUBLIC_DVD_BIDPEROFFER1_202311010000.parquet/part.316.parquet
2025-03-19 18:56:21,687 - INFO - Target: s3://thesis--ec331-s3/de-duped-volume-bids/PUBLIC_DVD_BIDPEROFFER1_202311010000.parquet/part.316.parquet
2025-03-19 18:56:21,748 - INFO - Wrote original 0 rows to s3://thesis--ec331-s3/de-duped-volume-bids/PUBLIC_DVD_BIDPEROFFER1_202311010000.parquet/part.313.parquet
2025-03-19 18:56:21,833 - INFO - Processing: s3://thesis--ec331-s3/FCAS_RAISE1SEC-Volume-Bids/PUBLIC_DVD_BIDPEROFFER1_202311010000.parquet/part.317.parquet
2025-03-19 18:56:21,834 - INFO - Target: s3://thesis--ec331-s3/de-duped-volume-bids/PUBLIC_DVD_BIDPEROFFER1_202311010000.parquet/part.317.parquet
2025-03-19 18:56:21,890 - INFO - Wrote original 0 rows to s3://thesis--ec331-s3/de-duped-volume-bids/PUBLIC_DVD_BIDPEROFFER1_202311010000.parquet/part.315.parquet
2025-03-19 18:56:21,975 - INFO - Processing: s3://thesis--ec331-s3/FCAS_RAISE1SEC-Volume-Bids/PUBLIC_DVD_BIDPEROFFER1_202311010000.parquet/part.318.parquet
2025-03-19 18:56:21,976 - INFO - Target: s3://thesis--ec331-s3/de-duped-volume-bids/PUBLIC_DVD_BIDPEROFFER1_202311010000.parquet/part.318.parquet
2025-03-19 18:56:21,979 - INFO - Wrote original 0 rows to s3://thesis--ec331-s3/de-duped-volume-bids/PUBLIC_DVD_BIDPEROFFER1_202311010000.parquet/part.314.parquet
2025-03-19 18:56:22,072 - INFO - Processing: s3://thesis--ec331-s3/FCAS_RAISE1SEC-Volume-Bids/PUBLIC_DVD_BIDPEROFFER1_202311010000.parquet/part.319.parquet
2025-03-19 18:56:22,075 - INFO - Target: s3://thesis--ec331-s3/de-duped-volume-bids/PUBLIC_DVD_BIDPEROFFER1_202311010000.parquet/part.319.parquet
2025-03-19 18:56:22,158 - INFO - Read 0 rows from s3://thesis--ec331-s3/FCAS_RAISE1SEC-Volume-Bids/PUBLIC_DVD_BIDPEROFFER1_202311010000.parquet/part.316.parquet
2025-03-19 18:56:22,167 - INFO - No duplicates found in s3://thesis--ec331-s3/FCAS_RAISE1SEC-Volume-Bids/PUBLIC_DVD_BIDPEROFFER1_202311010000.parquet/part.316.parquet
2025-03-19 18:56:22,169 - WARNING - Empty DataFrame will be written.
2025-03-19 18:56:22,328 - INFO - Read 0 rows from s3://thesis--ec331-s3/FCAS_RAISE1SEC-Volume-Bids/PUBLIC_DVD_BIDPEROFFER1_202311010000.parquet/part.317.parquet
2025-03-19 18:56:22,331 - INFO - No duplicates found in s3://thesis--ec331-s3/FCAS_RAISE1SEC-Volume-Bids/PUBLIC_DVD_BIDPEROFFER1_202311010000.parquet/part.317.parquet
2025-03-19 18:56:22,334 - WARNING - Empty DataFrame will be written.
2025-03-19 18:56:22,364 - INFO - Read 0 rows from s3://thesis--ec331-s3/FCAS_RAISE1SEC-Volume-Bids/PUBLIC_DVD_BIDPEROFFER1_202311010000.parquet/part.319.parquet
2025-03-19 18:56:22,370 - INFO - No duplicates found in s3://thesis--ec331-s3/FCAS_RAISE1SEC-Volume-Bids/PUBLIC_DVD_BIDPEROFFER1_202311010000.parquet/part.319.parquet
2025-03-19 18:56:22,378 - INFO - Read 0 rows from s3://thesis--ec331-s3/FCAS_RAISE1SEC-Volume-Bids/PUBLIC_DVD_BIDPEROFFER1_202311010000.parquet/part.318.parquet
2025-03-19 18:56:22,379 - WARNING - Empty DataFrame will be written.
2025-03-19 18:56:22,382 - INFO - No duplicates found in s3://thesis--ec331-s3/FCAS_RAISE1SEC-Volume-Bids/PUBLIC_DVD_BIDPEROFFER1_202311010000.parquet/part.318.parquet
2025-03-19 18:56:22,389 - WARNING - Empty DataFrame will be written.
2025-03-19 18:56:22,416 - INFO - Wrote original 0 rows to s3://thesis--ec331-s3/de-duped-volume-bids/PUBLIC_DVD_BIDPEROFFER1_202311010000.parquet/part.316.parquet
2025-03-19 18:56:22,514 - INFO - Processing: s3://thesis--ec331-s3/FCAS_RAISE1SEC-Volume-Bids/PUBLIC_DVD_BIDPEROFFER1_202311010000.parquet/part.32.parquet
2025-03-19 18:56:22,515 - INFO - Target: s3://thesis--ec331-s3/de-duped-volume-bids/PUBLIC_DVD_BIDPEROFFER1_202311010000.parquet/part.32.parquet
2025-03-19 18:56:22,759 - INFO - Wrote original 0 rows to s3://thesis--ec331-s3/de-duped-volume-bids/PUBLIC_DVD_BIDPEROFFER1_202311010000.parquet/part.318.parquet
2025-03-19 18:56:22,849 - INFO - Processing: s3://thesis--ec331-s3/FCAS_RAISE1SEC-Volume-Bids/PUBLIC_DVD_BIDPEROFFER1_202311010000.parquet/part.320.parquet
2025-03-19 18:56:22,853 - INFO - Wrote original 0 rows to s3://thesis--ec331-s3/de-duped-volume-bids/PUBLIC_DVD_BIDPEROFFER1_202311010000.parquet/part.319.parquet
2025-03-19 18:56:22,856 - INFO - Wrote original 0 rows to s3://thesis--ec331-s3/de-duped-volume-bids/PUBLIC_DVD_BIDPEROFFER1_202311010000.parquet/part.317.parquet
2025-03-19 18:56:22,857 - INFO - Target: s3://thesis--ec331-s3/de-duped-volume-bids/PUBLIC_DVD_BIDPEROFFER1_202311010000.parquet/part.320.parquet
2025-03-19 18:56:22,941 - INFO - Processing: s3://thesis--ec331-s3/FCAS_RAISE1SEC-Volume-Bids/PUBLIC_DVD_BIDPEROFFER1_202311010000.parquet/part.321.parquet
2025-03-19 18:56:23,023 - INFO - Processing: s3://thesis--ec331-s3/FCAS_RAISE1SEC-Volume-Bids/PUBLIC_DVD_BIDPEROFFER1_202311010000.parquet/part.322.parquet
2025-03-19 18:56:23,033 - INFO - Target: s3://thesis--ec331-s3/de-duped-volume-bids/PUBLIC_DVD_BIDPEROFFER1_202311010000.parquet/part.321.parquet
2025-03-19 18:56:23,035 - INFO - Target: s3://thesis--ec331-s3/de-duped-volume-bids/PUBLIC_DVD_BIDPEROFFER1_202311010000.parquet/part.322.parquet
2025-03-19 18:56:23,066 - INFO - Read 0 rows from s3://thesis--ec331-s3/FCAS_RAISE1SEC-Volume-Bids/PUBLIC_DVD_BIDPEROFFER1_202311010000.parquet/part.32.parquet
2025-03-19 18:56:23,069 - INFO - No duplicates found in s3://thesis--ec331-s3/FCAS_RAISE1SEC-Volume-Bids/PUBLIC_DVD_BIDPEROFFER1_202311010000.parquet/part.32.parquet
2025-03-19 18:56:23,070 - WARNING - Empty DataFrame will be written.
2025-03-19 18:56:23,307 - INFO - Read 0 rows from s3://thesis--ec331-s3/FCAS_RAISE1SEC-Volume-Bids/PUBLIC_DVD_BIDPEROFFER1_202311010000.parquet/part.321.parquet
2025-03-19 18:56:23,311 - INFO - Wrote original 0 rows to s3://thesis--ec331-s3/de-duped-volume-bids/PUBLIC_DVD_BIDPEROFFER1_202311010000.parquet/part.32.parquet
2025-03-19 18:56:23,313 - INFO - No duplicates found in s3://thesis--ec331-s3/FCAS_RAISE1SEC-Volume-Bids/PUBLIC_DVD_BIDPEROFFER1_202311010000.parquet/part.321.parquet
2025-03-19 18:56:23,404 - INFO - Processing: s3://thesis--ec331-s3/FCAS_RAISE1SEC-Volume-Bids/PUBLIC_DVD_BIDPEROFFER1_202311010000.parquet/part.323.parquet
2025-03-19 18:56:23,408 - WARNING - Empty DataFrame will be written.
2025-03-19 18:56:23,409 - INFO - Target: s3://thesis--ec331-s3/de-duped-volume-bids/PUBLIC_DVD_BIDPEROFFER1_202311010000.parquet/part.323.parquet
2025-03-19 18:56:23,450 - INFO - Read 0 rows from s3://thesis--ec331-s3/FCAS_RAISE1SEC-Volume-Bids/PUBLIC_DVD_BIDPEROFFER1_202311010000.parquet/part.322.parquet
2025-03-19 18:56:23,457 - INFO - No duplicates found in s3://thesis--ec331-s3/FCAS_RAISE1SEC-Volume-Bids/PUBLIC_DVD_BIDPEROFFER1_202311010000.parquet/part.322.parquet
2025-03-19 18:56:23,460 - INFO - Read 0 rows from s3://thesis--ec331-s3/FCAS_RAISE1SEC-Volume-Bids/PUBLIC_DVD_BIDPEROFFER1_202311010000.parquet/part.320.parquet
2025-03-19 18:56:23,461 - WARNING - Empty DataFrame will be written.
2025-03-19 18:56:23,464 - INFO - No duplicates found in s3://thesis--ec331-s3/FCAS_RAISE1SEC-Volume-Bids/PUBLIC_DVD_BIDPEROFFER1_202311010000.parquet/part.320.parquet
2025-03-19 18:56:23,478 - WARNING - Empty DataFrame will be written.
2025-03-19 18:56:23,689 - INFO - Read 0 rows from s3://thesis--ec331-s3/FCAS_RAISE1SEC-Volume-Bids/PUBLIC_DVD_BIDPEROFFER1_202311010000.parquet/part.323.parquet
2025-03-19 18:56:23,692 - INFO - No duplicates found in s3://thesis--ec331-s3/FCAS_RAISE1SEC-Volume-Bids/PUBLIC_DVD_BIDPEROFFER1_202311010000.parquet/part.323.parquet
2025-03-19 18:56:23,693 - WARNING - Empty DataFrame will be written.
2025-03-19 18:56:23,752 - INFO - Wrote original 0 rows to s3://thesis--ec331-s3/de-duped-volume-bids/PUBLIC_DVD_BIDPEROFFER1_202311010000.parquet/part.322.parquet
2025-03-19 18:56:23,854 - INFO - Processing: s3://thesis--ec331-s3/FCAS_RAISE1SEC-Volume-Bids/PUBLIC_DVD_BIDPEROFFER1_202311010000.parquet/part.324.parquet
2025-03-19 18:56:23,856 - INFO - Wrote original 0 rows to s3://thesis--ec331-s3/de-duped-volume-bids/PUBLIC_DVD_BIDPEROFFER1_202311010000.parquet/part.320.parquet
2025-03-19 18:56:23,859 - INFO - Wrote original 0 rows to s3://thesis--ec331-s3/de-duped-volume-bids/PUBLIC_DVD_BIDPEROFFER1_202311010000.parquet/part.321.parquet
2025-03-19 18:56:23,860 - INFO - Target: s3://thesis--ec331-s3/de-duped-volume-bids/PUBLIC_DVD_BIDPEROFFER1_202311010000.parquet/part.324.parquet
2025-03-19 18:56:23,950 - INFO - Processing: s3://thesis--ec331-s3/FCAS_RAISE1SEC-Volume-Bids/PUBLIC_DVD_BIDPEROFFER1_202311010000.parquet/part.325.parquet
2025-03-19 18:56:24,039 - INFO - Processing: s3://thesis--ec331-s3/FCAS_RAISE1SEC-Volume-Bids/PUBLIC_DVD_BIDPEROFFER1_202311010000.parquet/part.326.parquet
2025-03-19 18:56:24,050 - INFO - Target: s3://thesis--ec331-s3/de-duped-volume-bids/PUBLIC_DVD_BIDPEROFFER1_202311010000.parquet/part.325.parquet
2025-03-19 18:56:24,058 - INFO - Target: s3://thesis--ec331-s3/de-duped-volume-bids/PUBLIC_DVD_BIDPEROFFER1_202311010000.parquet/part.326.parquet
2025-03-19 18:56:24,180 - INFO - Wrote original 0 rows to s3://thesis--ec331-s3/de-duped-volume-bids/PUBLIC_DVD_BIDPEROFFER1_202311010000.parquet/part.323.parquet
2025-03-19 18:56:24,280 - INFO - Processing: s3://thesis--ec331-s3/FCAS_RAISE1SEC-Volume-Bids/PUBLIC_DVD_BIDPEROFFER1_202311010000.parquet/part.327.parquet
2025-03-19 18:56:24,281 - INFO - Target: s3://thesis--ec331-s3/de-duped-volume-bids/PUBLIC_DVD_BIDPEROFFER1_202311010000.parquet/part.327.parquet
2025-03-19 18:56:24,379 - INFO - Read 0 rows from s3://thesis--ec331-s3/FCAS_RAISE1SEC-Volume-Bids/PUBLIC_DVD_BIDPEROFFER1_202311010000.parquet/part.326.parquet
2025-03-19 18:56:24,383 - INFO - No duplicates found in s3://thesis--ec331-s3/FCAS_RAISE1SEC-Volume-Bids/PUBLIC_DVD_BIDPEROFFER1_202311010000.parquet/part.326.parquet
2025-03-19 18:56:24,384 - WARNING - Empty DataFrame will be written.
2025-03-19 18:56:24,414 - INFO - Read 0 rows from s3://thesis--ec331-s3/FCAS_RAISE1SEC-Volume-Bids/PUBLIC_DVD_BIDPEROFFER1_202311010000.parquet/part.324.parquet
2025-03-19 18:56:24,421 - INFO - Read 0 rows from s3://thesis--ec331-s3/FCAS_RAISE1SEC-Volume-Bids/PUBLIC_DVD_BIDPEROFFER1_202311010000.parquet/part.325.parquet
2025-03-19 18:56:24,425 - INFO - No duplicates found in s3://thesis--ec331-s3/FCAS_RAISE1SEC-Volume-Bids/PUBLIC_DVD_BIDPEROFFER1_202311010000.parquet/part.324.parquet
2025-03-19 18:56:24,427 - INFO - No duplicates found in s3://thesis--ec331-s3/FCAS_RAISE1SEC-Volume-Bids/PUBLIC_DVD_BIDPEROFFER1_202311010000.parquet/part.325.parquet
2025-03-19 18:56:24,429 - WARNING - Empty DataFrame will be written.
2025-03-19 18:56:24,431 - WARNING - Empty DataFrame will be written.
2025-03-19 18:56:24,524 - INFO - Read 0 rows from s3://thesis--ec331-s3/FCAS_RAISE1SEC-Volume-Bids/PUBLIC_DVD_BIDPEROFFER1_202311010000.parquet/part.327.parquet
2025-03-19 18:56:24,527 - INFO - No duplicates found in s3://thesis--ec331-s3/FCAS_RAISE1SEC-Volume-Bids/PUBLIC_DVD_BIDPEROFFER1_202311010000.parquet/part.327.parquet
2025-03-19 18:56:24,528 - WARNING - Empty DataFrame will be written.
2025-03-19 18:56:24,701 - INFO - Wrote original 0 rows to s3://thesis--ec331-s3/de-duped-volume-bids/PUBLIC_DVD_BIDPEROFFER1_202311010000.parquet/part.325.parquet
2025-03-19 18:56:24,793 - INFO - Processing: s3://thesis--ec331-s3/FCAS_RAISE1SEC-Volume-Bids/PUBLIC_DVD_BIDPEROFFER1_202311010000.parquet/part.328.parquet
2025-03-19 18:56:24,797 - INFO - Wrote original 0 rows to s3://thesis--ec331-s3/de-duped-volume-bids/PUBLIC_DVD_BIDPEROFFER1_202311010000.parquet/part.324.parquet
2025-03-19 18:56:24,800 - INFO - Wrote original 0 rows to s3://thesis--ec331-s3/de-duped-volume-bids/PUBLIC_DVD_BIDPEROFFER1_202311010000.parquet/part.326.parquet
2025-03-19 18:56:24,800 - INFO - Target: s3://thesis--ec331-s3/de-duped-volume-bids/PUBLIC_DVD_BIDPEROFFER1_202311010000.parquet/part.328.parquet
2025-03-19 18:56:24,884 - INFO - Processing: s3://thesis--ec331-s3/FCAS_RAISE1SEC-Volume-Bids/PUBLIC_DVD_BIDPEROFFER1_202311010000.parquet/part.329.parquet
2025-03-19 18:56:24,887 - INFO - Wrote original 0 rows to s3://thesis--ec331-s3/de-duped-volume-bids/PUBLIC_DVD_BIDPEROFFER1_202311010000.parquet/part.327.parquet
2025-03-19 18:56:24,968 - INFO - Processing: s3://thesis--ec331-s3/FCAS_RAISE1SEC-Volume-Bids/PUBLIC_DVD_BIDPEROFFER1_202311010000.parquet/part.33.parquet
2025-03-19 18:56:24,973 - INFO - Target: s3://thesis--ec331-s3/de-duped-volume-bids/PUBLIC_DVD_BIDPEROFFER1_202311010000.parquet/part.329.parquet
2025-03-19 18:56:25,060 - INFO - Processing: s3://thesis--ec331-s3/FCAS_RAISE1SEC-Volume-Bids/PUBLIC_DVD_BIDPEROFFER1_202311010000.parquet/part.330.parquet
2025-03-19 18:56:25,061 - INFO - Target: s3://thesis--ec331-s3/de-duped-volume-bids/PUBLIC_DVD_BIDPEROFFER1_202311010000.parquet/part.33.parquet
2025-03-19 18:56:25,072 - INFO - Target: s3://thesis--ec331-s3/de-duped-volume-bids/PUBLIC_DVD_BIDPEROFFER1_202311010000.parquet/part.330.parquet
2025-03-19 18:56:25,330 - INFO - Read 0 rows from s3://thesis--ec331-s3/FCAS_RAISE1SEC-Volume-Bids/PUBLIC_DVD_BIDPEROFFER1_202311010000.parquet/part.329.parquet
2025-03-19 18:56:25,338 - INFO - No duplicates found in s3://thesis--ec331-s3/FCAS_RAISE1SEC-Volume-Bids/PUBLIC_DVD_BIDPEROFFER1_202311010000.parquet/part.329.parquet
2025-03-19 18:56:25,338 - WARNING - Empty DataFrame will be written.
2025-03-19 18:56:25,373 - INFO - Read 0 rows from s3://thesis--ec331-s3/FCAS_RAISE1SEC-Volume-Bids/PUBLIC_DVD_BIDPEROFFER1_202311010000.parquet/part.328.parquet
2025-03-19 18:56:25,375 - INFO - Read 0 rows from s3://thesis--ec331-s3/FCAS_RAISE1SEC-Volume-Bids/PUBLIC_DVD_BIDPEROFFER1_202311010000.parquet/part.330.parquet
2025-03-19 18:56:25,378 - INFO - No duplicates found in s3://thesis--ec331-s3/FCAS_RAISE1SEC-Volume-Bids/PUBLIC_DVD_BIDPEROFFER1_202311010000.parquet/part.328.parquet
2025-03-19 18:56:25,381 - INFO - No duplicates found in s3://thesis--ec331-s3/FCAS_RAISE1SEC-Volume-Bids/PUBLIC_DVD_BIDPEROFFER1_202311010000.parquet/part.330.parquet
2025-03-19 18:56:25,382 - WARNING - Empty DataFrame will be written.
2025-03-19 18:56:25,383 - WARNING - Empty DataFrame will be written.
2025-03-19 18:56:25,433 - INFO - Read 0 rows from s3://thesis--ec331-s3/FCAS_RAISE1SEC-Volume-Bids/PUBLIC_DVD_BIDPEROFFER1_202311010000.parquet/part.33.parquet
2025-03-19 18:56:25,437 - INFO - No duplicates found in s3://thesis--ec331-s3/FCAS_RAISE1SEC-Volume-Bids/PUBLIC_DVD_BIDPEROFFER1_202311010000.parquet/part.33.parquet
2025-03-19 18:56:25,439 - WARNING - Empty DataFrame will be written.
2025-03-19 18:56:25,649 - INFO - Wrote original 0 rows to s3://thesis--ec331-s3/de-duped-volume-bids/PUBLIC_DVD_BIDPEROFFER1_202311010000.parquet/part.329.parquet
2025-03-19 18:56:25,742 - INFO - Processing: s3://thesis--ec331-s3/FCAS_RAISE1SEC-Volume-Bids/PUBLIC_DVD_BIDPEROFFER1_202311010000.parquet/part.331.parquet
2025-03-19 18:56:25,745 - INFO - Target: s3://thesis--ec331-s3/de-duped-volume-bids/PUBLIC_DVD_BIDPEROFFER1_202311010000.parquet/part.331.parquet
2025-03-19 18:56:25,775 - INFO - Wrote original 0 rows to s3://thesis--ec331-s3/de-duped-volume-bids/PUBLIC_DVD_BIDPEROFFER1_202311010000.parquet/part.330.parquet
2025-03-19 18:56:25,778 - INFO - Wrote original 0 rows to s3://thesis--ec331-s3/de-duped-volume-bids/PUBLIC_DVD_BIDPEROFFER1_202311010000.parquet/part.328.parquet
2025-03-19 18:56:25,864 - INFO - Processing: s3://thesis--ec331-s3/FCAS_RAISE1SEC-Volume-Bids/PUBLIC_DVD_BIDPEROFFER1_202311010000.parquet/part.332.parquet
2025-03-19 18:56:25,867 - INFO - Wrote original 0 rows to s3://thesis--ec331-s3/de-duped-volume-bids/PUBLIC_DVD_BIDPEROFFER1_202311010000.parquet/part.33.parquet
2025-03-19 18:56:25,952 - INFO - Processing: s3://thesis--ec331-s3/FCAS_RAISE1SEC-Volume-Bids/PUBLIC_DVD_BIDPEROFFER1_202311010000.parquet/part.333.parquet
2025-03-19 18:56:25,953 - INFO - Target: s3://thesis--ec331-s3/de-duped-volume-bids/PUBLIC_DVD_BIDPEROFFER1_202311010000.parquet/part.332.parquet
2025-03-19 18:56:26,040 - INFO - Processing: s3://thesis--ec331-s3/FCAS_RAISE1SEC-Volume-Bids/PUBLIC_DVD_BIDPEROFFER1_202311010000.parquet/part.334.parquet
2025-03-19 18:56:26,041 - INFO - Target: s3://thesis--ec331-s3/de-duped-volume-bids/PUBLIC_DVD_BIDPEROFFER1_202311010000.parquet/part.333.parquet
2025-03-19 18:56:26,051 - INFO - Target: s3://thesis--ec331-s3/de-duped-volume-bids/PUBLIC_DVD_BIDPEROFFER1_202311010000.parquet/part.334.parquet
2025-03-19 18:56:26,242 - INFO - Read 0 rows from s3://thesis--ec331-s3/FCAS_RAISE1SEC-Volume-Bids/PUBLIC_DVD_BIDPEROFFER1_202311010000.parquet/part.331.parquet
2025-03-19 18:56:26,245 - INFO - No duplicates found in s3://thesis--ec331-s3/FCAS_RAISE1SEC-Volume-Bids/PUBLIC_DVD_BIDPEROFFER1_202311010000.parquet/part.331.parquet
2025-03-19 18:56:26,246 - WARNING - Empty DataFrame will be written.
2025-03-19 18:56:26,350 - INFO - Read 0 rows from s3://thesis--ec331-s3/FCAS_RAISE1SEC-Volume-Bids/PUBLIC_DVD_BIDPEROFFER1_202311010000.parquet/part.332.parquet
2025-03-19 18:56:26,354 - INFO - No duplicates found in s3://thesis--ec331-s3/FCAS_RAISE1SEC-Volume-Bids/PUBLIC_DVD_BIDPEROFFER1_202311010000.parquet/part.332.parquet
2025-03-19 18:56:26,355 - WARNING - Empty DataFrame will be written.
2025-03-19 18:56:26,393 - INFO - Read 0 rows from s3://thesis--ec331-s3/FCAS_RAISE1SEC-Volume-Bids/PUBLIC_DVD_BIDPEROFFER1_202311010000.parquet/part.333.parquet
2025-03-19 18:56:26,395 - INFO - Read 0 rows from s3://thesis--ec331-s3/FCAS_RAISE1SEC-Volume-Bids/PUBLIC_DVD_BIDPEROFFER1_202311010000.parquet/part.334.parquet
2025-03-19 18:56:26,398 - INFO - No duplicates found in s3://thesis--ec331-s3/FCAS_RAISE1SEC-Volume-Bids/PUBLIC_DVD_BIDPEROFFER1_202311010000.parquet/part.333.parquet
2025-03-19 18:56:26,401 - INFO - No duplicates found in s3://thesis--ec331-s3/FCAS_RAISE1SEC-Volume-Bids/PUBLIC_DVD_BIDPEROFFER1_202311010000.parquet/part.334.parquet
2025-03-19 18:56:26,403 - WARNING - Empty DataFrame will be written.
2025-03-19 18:56:26,405 - WARNING - Empty DataFrame will be written.
2025-03-19 18:56:26,489 - INFO - Wrote original 0 rows to s3://thesis--ec331-s3/de-duped-volume-bids/PUBLIC_DVD_BIDPEROFFER1_202311010000.parquet/part.331.parquet
2025-03-19 18:56:26,581 - INFO - Processing: s3://thesis--ec331-s3/FCAS_RAISE1SEC-Volume-Bids/PUBLIC_DVD_BIDPEROFFER1_202311010000.parquet/part.335.parquet
2025-03-19 18:56:26,583 - INFO - Target: s3://thesis--ec331-s3/de-duped-volume-bids/PUBLIC_DVD_BIDPEROFFER1_202311010000.parquet/part.335.parquet
2025-03-19 18:56:26,734 - INFO - Wrote original 0 rows to s3://thesis--ec331-s3/de-duped-volume-bids/PUBLIC_DVD_BIDPEROFFER1_202311010000.parquet/part.334.parquet
2025-03-19 18:56:26,823 - INFO - Processing: s3://thesis--ec331-s3/FCAS_RAISE1SEC-Volume-Bids/PUBLIC_DVD_BIDPEROFFER1_202311010000.parquet/part.336.parquet
2025-03-19 18:56:26,826 - INFO - Wrote original 0 rows to s3://thesis--ec331-s3/de-duped-volume-bids/PUBLIC_DVD_BIDPEROFFER1_202311010000.parquet/part.333.parquet
2025-03-19 18:56:26,829 - INFO - Wrote original 0 rows to s3://thesis--ec331-s3/de-duped-volume-bids/PUBLIC_DVD_BIDPEROFFER1_202311010000.parquet/part.332.parquet
2025-03-19 18:56:26,830 - INFO - Target: s3://thesis--ec331-s3/de-duped-volume-bids/PUBLIC_DVD_BIDPEROFFER1_202311010000.parquet/part.336.parquet
2025-03-19 18:56:26,913 - INFO - Processing: s3://thesis--ec331-s3/FCAS_RAISE1SEC-Volume-Bids/PUBLIC_DVD_BIDPEROFFER1_202311010000.parquet/part.337.parquet
2025-03-19 18:56:26,997 - INFO - Processing: s3://thesis--ec331-s3/FCAS_RAISE1SEC-Volume-Bids/PUBLIC_DVD_BIDPEROFFER1_202311010000.parquet/part.338.parquet
2025-03-19 18:56:27,013 - INFO - Target: s3://thesis--ec331-s3/de-duped-volume-bids/PUBLIC_DVD_BIDPEROFFER1_202311010000.parquet/part.337.parquet
2025-03-19 18:56:27,014 - INFO - Target: s3://thesis--ec331-s3/de-duped-volume-bids/PUBLIC_DVD_BIDPEROFFER1_202311010000.parquet/part.338.parquet
2025-03-19 18:56:27,065 - INFO - Read 0 rows from s3://thesis--ec331-s3/FCAS_RAISE1SEC-Volume-Bids/PUBLIC_DVD_BIDPEROFFER1_202311010000.parquet/part.335.parquet
2025-03-19 18:56:27,069 - INFO - No duplicates found in s3://thesis--ec331-s3/FCAS_RAISE1SEC-Volume-Bids/PUBLIC_DVD_BIDPEROFFER1_202311010000.parquet/part.335.parquet
2025-03-19 18:56:27,069 - WARNING - Empty DataFrame will be written.
2025-03-19 18:56:27,293 - INFO - Wrote original 0 rows to s3://thesis--ec331-s3/de-duped-volume-bids/PUBLIC_DVD_BIDPEROFFER1_202311010000.parquet/part.335.parquet
2025-03-19 18:56:27,379 - INFO - Processing: s3://thesis--ec331-s3/FCAS_RAISE1SEC-Volume-Bids/PUBLIC_DVD_BIDPEROFFER1_202311010000.parquet/part.339.parquet
2025-03-19 18:56:27,383 - INFO - Target: s3://thesis--ec331-s3/de-duped-volume-bids/PUBLIC_DVD_BIDPEROFFER1_202311010000.parquet/part.339.parquet
2025-03-19 18:56:27,408 - INFO - Read 0 rows from s3://thesis--ec331-s3/FCAS_RAISE1SEC-Volume-Bids/PUBLIC_DVD_BIDPEROFFER1_202311010000.parquet/part.338.parquet
2025-03-19 18:56:27,411 - INFO - No duplicates found in s3://thesis--ec331-s3/FCAS_RAISE1SEC-Volume-Bids/PUBLIC_DVD_BIDPEROFFER1_202311010000.parquet/part.338.parquet
2025-03-19 18:56:27,413 - WARNING - Empty DataFrame will be written.
2025-03-19 18:56:27,674 - INFO - Wrote original 0 rows to s3://thesis--ec331-s3/de-duped-volume-bids/PUBLIC_DVD_BIDPEROFFER1_202311010000.parquet/part.338.parquet
2025-03-19 18:56:27,804 - INFO - Processing: s3://thesis--ec331-s3/FCAS_RAISE1SEC-Volume-Bids/PUBLIC_DVD_BIDPEROFFER1_202311010000.parquet/part.34.parquet
2025-03-19 18:56:27,817 - INFO - Target: s3://thesis--ec331-s3/de-duped-volume-bids/PUBLIC_DVD_BIDPEROFFER1_202311010000.parquet/part.34.parquet
2025-03-19 18:56:27,938 - INFO - Read 0 rows from s3://thesis--ec331-s3/FCAS_RAISE1SEC-Volume-Bids/PUBLIC_DVD_BIDPEROFFER1_202311010000.parquet/part.339.parquet
2025-03-19 18:56:27,974 - INFO - Read 165,260 rows from s3://thesis--ec331-s3/FCAS_RAISE1SEC-Volume-Bids/PUBLIC_DVD_BIDPEROFFER1_202311010000.parquet/part.337.parquet
2025-03-19 18:56:27,997 - INFO - No duplicates found in s3://thesis--ec331-s3/FCAS_RAISE1SEC-Volume-Bids/PUBLIC_DVD_BIDPEROFFER1_202311010000.parquet/part.339.parquet
2025-03-19 18:56:28,068 - WARNING - Empty DataFrame will be written.
2025-03-19 18:56:28,168 - INFO - Found 165,260 rows (100.00%) with duplicate keys
2025-03-19 18:56:28,208 - INFO - Read 0 rows from s3://thesis--ec331-s3/FCAS_RAISE1SEC-Volume-Bids/PUBLIC_DVD_BIDPEROFFER1_202311010000.parquet/part.34.parquet
2025-03-19 18:56:28,213 - INFO - No duplicates found in s3://thesis--ec331-s3/FCAS_RAISE1SEC-Volume-Bids/PUBLIC_DVD_BIDPEROFFER1_202311010000.parquet/part.34.parquet
2025-03-19 18:56:28,217 - WARNING - Empty DataFrame will be written.
2025-03-19 18:56:28,241 - INFO - Read 361,780 rows from s3://thesis--ec331-s3/FCAS_RAISE1SEC-Volume-Bids/PUBLIC_DVD_BIDPEROFFER1_202311010000.parquet/part.336.parquet
2025-03-19 18:56:28,266 - INFO - Removed 163,532 duplicate rows
2025-03-19 18:56:28,421 - INFO - Wrote original 0 rows to s3://thesis--ec331-s3/de-duped-volume-bids/PUBLIC_DVD_BIDPEROFFER1_202311010000.parquet/part.339.parquet
2025-03-19 18:56:28,513 - INFO - Processing: s3://thesis--ec331-s3/FCAS_RAISE1SEC-Volume-Bids/PUBLIC_DVD_BIDPEROFFER1_202311010000.parquet/part.340.parquet
2025-03-19 18:56:28,515 - INFO - Target: s3://thesis--ec331-s3/de-duped-volume-bids/PUBLIC_DVD_BIDPEROFFER1_202311010000.parquet/part.340.parquet
2025-03-19 18:56:28,552 - INFO - Found 361,492 rows (99.92%) with duplicate keys
2025-03-19 18:56:28,628 - INFO - Removed 358,900 duplicate rows
2025-03-19 18:56:28,672 - INFO - Wrote original 0 rows to s3://thesis--ec331-s3/de-duped-volume-bids/PUBLIC_DVD_BIDPEROFFER1_202311010000.parquet/part.34.parquet
2025-03-19 18:56:28,772 - INFO - Processing: s3://thesis--ec331-s3/FCAS_RAISE1SEC-Volume-Bids/PUBLIC_DVD_BIDPEROFFER1_202311010000.parquet/part.341.parquet
2025-03-19 18:56:28,776 - INFO - Wrote 1,728 rows to s3://thesis--ec331-s3/de-duped-volume-bids/PUBLIC_DVD_BIDPEROFFER1_202311010000.parquet/part.337.parquet
2025-03-19 18:56:28,777 - INFO - Target: s3://thesis--ec331-s3/de-duped-volume-bids/PUBLIC_DVD_BIDPEROFFER1_202311010000.parquet/part.341.parquet
2025-03-19 18:56:28,980 - INFO - Processing: s3://thesis--ec331-s3/FCAS_RAISE1SEC-Volume-Bids/PUBLIC_DVD_BIDPEROFFER1_202311010000.parquet/part.342.parquet
2025-03-19 18:56:29,003 - INFO - Target: s3://thesis--ec331-s3/de-duped-volume-bids/PUBLIC_DVD_BIDPEROFFER1_202311010000.parquet/part.342.parquet
2025-03-19 18:56:29,042 - INFO - Read 0 rows from s3://thesis--ec331-s3/FCAS_RAISE1SEC-Volume-Bids/PUBLIC_DVD_BIDPEROFFER1_202311010000.parquet/part.340.parquet
2025-03-19 18:56:29,045 - INFO - No duplicates found in s3://thesis--ec331-s3/FCAS_RAISE1SEC-Volume-Bids/PUBLIC_DVD_BIDPEROFFER1_202311010000.parquet/part.340.parquet
2025-03-19 18:56:29,046 - WARNING - Empty DataFrame will be written.
2025-03-19 18:56:29,117 - INFO - Wrote 2,880 rows to s3://thesis--ec331-s3/de-duped-volume-bids/PUBLIC_DVD_BIDPEROFFER1_202311010000.parquet/part.336.parquet
2025-03-19 18:56:29,353 - INFO - Processing: s3://thesis--ec331-s3/FCAS_RAISE1SEC-Volume-Bids/PUBLIC_DVD_BIDPEROFFER1_202311010000.parquet/part.343.parquet
2025-03-19 18:56:29,354 - INFO - Target: s3://thesis--ec331-s3/de-duped-volume-bids/PUBLIC_DVD_BIDPEROFFER1_202311010000.parquet/part.343.parquet
2025-03-19 18:56:29,455 - INFO - Read 0 rows from s3://thesis--ec331-s3/FCAS_RAISE1SEC-Volume-Bids/PUBLIC_DVD_BIDPEROFFER1_202311010000.parquet/part.341.parquet
2025-03-19 18:56:29,458 - INFO - No duplicates found in s3://thesis--ec331-s3/FCAS_RAISE1SEC-Volume-Bids/PUBLIC_DVD_BIDPEROFFER1_202311010000.parquet/part.341.parquet
2025-03-19 18:56:29,460 - WARNING - Empty DataFrame will be written.
2025-03-19 18:56:29,483 - INFO - Read 0 rows from s3://thesis--ec331-s3/FCAS_RAISE1SEC-Volume-Bids/PUBLIC_DVD_BIDPEROFFER1_202311010000.parquet/part.342.parquet
2025-03-19 18:56:29,486 - INFO - No duplicates found in s3://thesis--ec331-s3/FCAS_RAISE1SEC-Volume-Bids/PUBLIC_DVD_BIDPEROFFER1_202311010000.parquet/part.342.parquet
2025-03-19 18:56:29,489 - INFO - Wrote original 0 rows to s3://thesis--ec331-s3/de-duped-volume-bids/PUBLIC_DVD_BIDPEROFFER1_202311010000.parquet/part.340.parquet
2025-03-19 18:56:29,491 - WARNING - Empty DataFrame will be written.
2025-03-19 18:56:29,586 - INFO - Processing: s3://thesis--ec331-s3/FCAS_RAISE1SEC-Volume-Bids/PUBLIC_DVD_BIDPEROFFER1_202311010000.parquet/part.344.parquet
2025-03-19 18:56:29,604 - INFO - Target: s3://thesis--ec331-s3/de-duped-volume-bids/PUBLIC_DVD_BIDPEROFFER1_202311010000.parquet/part.344.parquet
2025-03-19 18:56:29,677 - INFO - Read 0 rows from s3://thesis--ec331-s3/FCAS_RAISE1SEC-Volume-Bids/PUBLIC_DVD_BIDPEROFFER1_202311010000.parquet/part.343.parquet
2025-03-19 18:56:29,679 - INFO - No duplicates found in s3://thesis--ec331-s3/FCAS_RAISE1SEC-Volume-Bids/PUBLIC_DVD_BIDPEROFFER1_202311010000.parquet/part.343.parquet
2025-03-19 18:56:29,680 - WARNING - Empty DataFrame will be written.
2025-03-19 18:56:29,848 - INFO - Wrote original 0 rows to s3://thesis--ec331-s3/de-duped-volume-bids/PUBLIC_DVD_BIDPEROFFER1_202311010000.parquet/part.342.parquet
2025-03-19 18:56:29,945 - INFO - Processing: s3://thesis--ec331-s3/FCAS_RAISE1SEC-Volume-Bids/PUBLIC_DVD_BIDPEROFFER1_202311010000.parquet/part.345.parquet
2025-03-19 18:56:29,951 - INFO - Wrote original 0 rows to s3://thesis--ec331-s3/de-duped-volume-bids/PUBLIC_DVD_BIDPEROFFER1_202311010000.parquet/part.341.parquet
2025-03-19 18:56:29,951 - INFO - Target: s3://thesis--ec331-s3/de-duped-volume-bids/PUBLIC_DVD_BIDPEROFFER1_202311010000.parquet/part.345.parquet
2025-03-19 18:56:30,038 - INFO - Processing: s3://thesis--ec331-s3/FCAS_RAISE1SEC-Volume-Bids/PUBLIC_DVD_BIDPEROFFER1_202311010000.parquet/part.346.parquet
2025-03-19 18:56:30,049 - INFO - Target: s3://thesis--ec331-s3/de-duped-volume-bids/PUBLIC_DVD_BIDPEROFFER1_202311010000.parquet/part.346.parquet
2025-03-19 18:56:30,072 - INFO - Read 0 rows from s3://thesis--ec331-s3/FCAS_RAISE1SEC-Volume-Bids/PUBLIC_DVD_BIDPEROFFER1_202311010000.parquet/part.344.parquet
2025-03-19 18:56:30,075 - INFO - No duplicates found in s3://thesis--ec331-s3/FCAS_RAISE1SEC-Volume-Bids/PUBLIC_DVD_BIDPEROFFER1_202311010000.parquet/part.344.parquet
2025-03-19 18:56:30,076 - WARNING - Empty DataFrame will be written.
2025-03-19 18:56:30,091 - INFO - Wrote original 0 rows to s3://thesis--ec331-s3/de-duped-volume-bids/PUBLIC_DVD_BIDPEROFFER1_202311010000.parquet/part.343.parquet
2025-03-19 18:56:30,180 - INFO - Processing: s3://thesis--ec331-s3/FCAS_RAISE1SEC-Volume-Bids/PUBLIC_DVD_BIDPEROFFER1_202311010000.parquet/part.347.parquet
2025-03-19 18:56:30,182 - INFO - Target: s3://thesis--ec331-s3/de-duped-volume-bids/PUBLIC_DVD_BIDPEROFFER1_202311010000.parquet/part.347.parquet
2025-03-19 18:56:30,393 - INFO - Read 0 rows from s3://thesis--ec331-s3/FCAS_RAISE1SEC-Volume-Bids/PUBLIC_DVD_BIDPEROFFER1_202311010000.parquet/part.346.parquet
2025-03-19 18:56:30,398 - INFO - No duplicates found in s3://thesis--ec331-s3/FCAS_RAISE1SEC-Volume-Bids/PUBLIC_DVD_BIDPEROFFER1_202311010000.parquet/part.346.parquet
2025-03-19 18:56:30,404 - WARNING - Empty DataFrame will be written.
2025-03-19 18:56:30,434 - INFO - Read 0 rows from s3://thesis--ec331-s3/FCAS_RAISE1SEC-Volume-Bids/PUBLIC_DVD_BIDPEROFFER1_202311010000.parquet/part.345.parquet
2025-03-19 18:56:30,438 - INFO - Wrote original 0 rows to s3://thesis--ec331-s3/de-duped-volume-bids/PUBLIC_DVD_BIDPEROFFER1_202311010000.parquet/part.344.parquet
2025-03-19 18:56:30,440 - INFO - No duplicates found in s3://thesis--ec331-s3/FCAS_RAISE1SEC-Volume-Bids/PUBLIC_DVD_BIDPEROFFER1_202311010000.parquet/part.345.parquet
2025-03-19 18:56:30,529 - INFO - Processing: s3://thesis--ec331-s3/FCAS_RAISE1SEC-Volume-Bids/PUBLIC_DVD_BIDPEROFFER1_202311010000.parquet/part.348.parquet
2025-03-19 18:56:30,532 - WARNING - Empty DataFrame will be written.
2025-03-19 18:56:30,533 - INFO - Target: s3://thesis--ec331-s3/de-duped-volume-bids/PUBLIC_DVD_BIDPEROFFER1_202311010000.parquet/part.348.parquet
2025-03-19 18:56:30,576 - INFO - Read 0 rows from s3://thesis--ec331-s3/FCAS_RAISE1SEC-Volume-Bids/PUBLIC_DVD_BIDPEROFFER1_202311010000.parquet/part.347.parquet
2025-03-19 18:56:30,579 - INFO - No duplicates found in s3://thesis--ec331-s3/FCAS_RAISE1SEC-Volume-Bids/PUBLIC_DVD_BIDPEROFFER1_202311010000.parquet/part.347.parquet
2025-03-19 18:56:30,580 - WARNING - Empty DataFrame will be written.
2025-03-19 18:56:30,771 - INFO - Wrote original 0 rows to s3://thesis--ec331-s3/de-duped-volume-bids/PUBLIC_DVD_BIDPEROFFER1_202311010000.parquet/part.346.parquet
2025-03-19 18:56:30,859 - INFO - Processing: s3://thesis--ec331-s3/FCAS_RAISE1SEC-Volume-Bids/PUBLIC_DVD_BIDPEROFFER1_202311010000.parquet/part.349.parquet
2025-03-19 18:56:30,861 - INFO - Target: s3://thesis--ec331-s3/de-duped-volume-bids/PUBLIC_DVD_BIDPEROFFER1_202311010000.parquet/part.349.parquet
2025-03-19 18:56:30,898 - INFO - Wrote original 0 rows to s3://thesis--ec331-s3/de-duped-volume-bids/PUBLIC_DVD_BIDPEROFFER1_202311010000.parquet/part.345.parquet
2025-03-19 18:56:30,901 - INFO - Read 0 rows from s3://thesis--ec331-s3/FCAS_RAISE1SEC-Volume-Bids/PUBLIC_DVD_BIDPEROFFER1_202311010000.parquet/part.348.parquet
2025-03-19 18:56:30,986 - INFO - Processing: s3://thesis--ec331-s3/FCAS_RAISE1SEC-Volume-Bids/PUBLIC_DVD_BIDPEROFFER1_202311010000.parquet/part.35.parquet
2025-03-19 18:56:30,990 - INFO - Wrote original 0 rows to s3://thesis--ec331-s3/de-duped-volume-bids/PUBLIC_DVD_BIDPEROFFER1_202311010000.parquet/part.347.parquet
2025-03-19 18:56:30,993 - INFO - No duplicates found in s3://thesis--ec331-s3/FCAS_RAISE1SEC-Volume-Bids/PUBLIC_DVD_BIDPEROFFER1_202311010000.parquet/part.348.parquet
2025-03-19 18:56:30,993 - INFO - Target: s3://thesis--ec331-s3/de-duped-volume-bids/PUBLIC_DVD_BIDPEROFFER1_202311010000.parquet/part.35.parquet
2025-03-19 18:56:31,075 - INFO - Processing: s3://thesis--ec331-s3/FCAS_RAISE1SEC-Volume-Bids/PUBLIC_DVD_BIDPEROFFER1_202311010000.parquet/part.350.parquet
2025-03-19 18:56:31,076 - WARNING - Empty DataFrame will be written.
2025-03-19 18:56:31,093 - INFO - Target: s3://thesis--ec331-s3/de-duped-volume-bids/PUBLIC_DVD_BIDPEROFFER1_202311010000.parquet/part.350.parquet
2025-03-19 18:56:31,269 - INFO - Read 0 rows from s3://thesis--ec331-s3/FCAS_RAISE1SEC-Volume-Bids/PUBLIC_DVD_BIDPEROFFER1_202311010000.parquet/part.349.parquet
2025-03-19 18:56:31,272 - INFO - No duplicates found in s3://thesis--ec331-s3/FCAS_RAISE1SEC-Volume-Bids/PUBLIC_DVD_BIDPEROFFER1_202311010000.parquet/part.349.parquet
2025-03-19 18:56:31,273 - WARNING - Empty DataFrame will be written.
2025-03-19 18:56:31,329 - INFO - Read 0 rows from s3://thesis--ec331-s3/FCAS_RAISE1SEC-Volume-Bids/PUBLIC_DVD_BIDPEROFFER1_202311010000.parquet/part.35.parquet
2025-03-19 18:56:31,337 - INFO - No duplicates found in s3://thesis--ec331-s3/FCAS_RAISE1SEC-Volume-Bids/PUBLIC_DVD_BIDPEROFFER1_202311010000.parquet/part.35.parquet
2025-03-19 18:56:31,337 - WARNING - Empty DataFrame will be written.
2025-03-19 18:56:31,356 - INFO - Wrote original 0 rows to s3://thesis--ec331-s3/de-duped-volume-bids/PUBLIC_DVD_BIDPEROFFER1_202311010000.parquet/part.348.parquet
2025-03-19 18:56:31,446 - INFO - Processing: s3://thesis--ec331-s3/FCAS_RAISE1SEC-Volume-Bids/PUBLIC_DVD_BIDPEROFFER1_202311010000.parquet/part.351.parquet
2025-03-19 18:56:31,449 - INFO - Target: s3://thesis--ec331-s3/de-duped-volume-bids/PUBLIC_DVD_BIDPEROFFER1_202311010000.parquet/part.351.parquet
2025-03-19 18:56:31,478 - INFO - Read 0 rows from s3://thesis--ec331-s3/FCAS_RAISE1SEC-Volume-Bids/PUBLIC_DVD_BIDPEROFFER1_202311010000.parquet/part.350.parquet
2025-03-19 18:56:31,481 - INFO - No duplicates found in s3://thesis--ec331-s3/FCAS_RAISE1SEC-Volume-Bids/PUBLIC_DVD_BIDPEROFFER1_202311010000.parquet/part.350.parquet
2025-03-19 18:56:31,482 - WARNING - Empty DataFrame will be written.
2025-03-19 18:56:31,593 - INFO - Wrote original 0 rows to s3://thesis--ec331-s3/de-duped-volume-bids/PUBLIC_DVD_BIDPEROFFER1_202311010000.parquet/part.349.parquet
2025-03-19 18:56:31,687 - INFO - Processing: s3://thesis--ec331-s3/FCAS_RAISE1SEC-Volume-Bids/PUBLIC_DVD_BIDPEROFFER1_202311010000.parquet/part.352.parquet
2025-03-19 18:56:31,689 - INFO - Target: s3://thesis--ec331-s3/de-duped-volume-bids/PUBLIC_DVD_BIDPEROFFER1_202311010000.parquet/part.352.parquet
2025-03-19 18:56:31,782 - INFO - Read 0 rows from s3://thesis--ec331-s3/FCAS_RAISE1SEC-Volume-Bids/PUBLIC_DVD_BIDPEROFFER1_202311010000.parquet/part.351.parquet
2025-03-19 18:56:31,785 - INFO - No duplicates found in s3://thesis--ec331-s3/FCAS_RAISE1SEC-Volume-Bids/PUBLIC_DVD_BIDPEROFFER1_202311010000.parquet/part.351.parquet
2025-03-19 18:56:31,786 - WARNING - Empty DataFrame will be written.
2025-03-19 18:56:31,825 - INFO - Wrote original 0 rows to s3://thesis--ec331-s3/de-duped-volume-bids/PUBLIC_DVD_BIDPEROFFER1_202311010000.parquet/part.350.parquet
2025-03-19 18:56:31,913 - INFO - Processing: s3://thesis--ec331-s3/FCAS_RAISE1SEC-Volume-Bids/PUBLIC_DVD_BIDPEROFFER1_202311010000.parquet/part.353.parquet
2025-03-19 18:56:31,915 - INFO - Target: s3://thesis--ec331-s3/de-duped-volume-bids/PUBLIC_DVD_BIDPEROFFER1_202311010000.parquet/part.353.parquet
2025-03-19 18:56:31,936 - INFO - Wrote original 0 rows to s3://thesis--ec331-s3/de-duped-volume-bids/PUBLIC_DVD_BIDPEROFFER1_202311010000.parquet/part.35.parquet
2025-03-19 18:56:32,025 - INFO - Processing: s3://thesis--ec331-s3/FCAS_RAISE1SEC-Volume-Bids/PUBLIC_DVD_BIDPEROFFER1_202311010000.parquet/part.354.parquet
2025-03-19 18:56:32,031 - INFO - Target: s3://thesis--ec331-s3/de-duped-volume-bids/PUBLIC_DVD_BIDPEROFFER1_202311010000.parquet/part.354.parquet
2025-03-19 18:56:32,081 - INFO - Wrote original 0 rows to s3://thesis--ec331-s3/de-duped-volume-bids/PUBLIC_DVD_BIDPEROFFER1_202311010000.parquet/part.351.parquet
2025-03-19 18:56:32,172 - INFO - Processing: s3://thesis--ec331-s3/FCAS_RAISE1SEC-Volume-Bids/PUBLIC_DVD_BIDPEROFFER1_202311010000.parquet/part.355.parquet
2025-03-19 18:56:32,175 - INFO - Target: s3://thesis--ec331-s3/de-duped-volume-bids/PUBLIC_DVD_BIDPEROFFER1_202311010000.parquet/part.355.parquet
2025-03-19 18:56:32,197 - INFO - Read 0 rows from s3://thesis--ec331-s3/FCAS_RAISE1SEC-Volume-Bids/PUBLIC_DVD_BIDPEROFFER1_202311010000.parquet/part.352.parquet
2025-03-19 18:56:32,205 - INFO - No duplicates found in s3://thesis--ec331-s3/FCAS_RAISE1SEC-Volume-Bids/PUBLIC_DVD_BIDPEROFFER1_202311010000.parquet/part.352.parquet
2025-03-19 18:56:32,206 - WARNING - Empty DataFrame will be written.
2025-03-19 18:56:32,275 - INFO - Read 0 rows from s3://thesis--ec331-s3/FCAS_RAISE1SEC-Volume-Bids/PUBLIC_DVD_BIDPEROFFER1_202311010000.parquet/part.353.parquet
2025-03-19 18:56:32,277 - INFO - No duplicates found in s3://thesis--ec331-s3/FCAS_RAISE1SEC-Volume-Bids/PUBLIC_DVD_BIDPEROFFER1_202311010000.parquet/part.353.parquet
2025-03-19 18:56:32,278 - WARNING - Empty DataFrame will be written.
2025-03-19 18:56:32,406 - INFO - Read 0 rows from s3://thesis--ec331-s3/FCAS_RAISE1SEC-Volume-Bids/PUBLIC_DVD_BIDPEROFFER1_202311010000.parquet/part.354.parquet
2025-03-19 18:56:32,411 - INFO - No duplicates found in s3://thesis--ec331-s3/FCAS_RAISE1SEC-Volume-Bids/PUBLIC_DVD_BIDPEROFFER1_202311010000.parquet/part.354.parquet
2025-03-19 18:56:32,412 - WARNING - Empty DataFrame will be written.
2025-03-19 18:56:32,427 - INFO - Wrote original 0 rows to s3://thesis--ec331-s3/de-duped-volume-bids/PUBLIC_DVD_BIDPEROFFER1_202311010000.parquet/part.352.parquet
2025-03-19 18:56:32,520 - INFO - Processing: s3://thesis--ec331-s3/FCAS_RAISE1SEC-Volume-Bids/PUBLIC_DVD_BIDPEROFFER1_202311010000.parquet/part.356.parquet
2025-03-19 18:56:32,521 - INFO - Target: s3://thesis--ec331-s3/de-duped-volume-bids/PUBLIC_DVD_BIDPEROFFER1_202311010000.parquet/part.356.parquet
2025-03-19 18:56:32,542 - INFO - Read 0 rows from s3://thesis--ec331-s3/FCAS_RAISE1SEC-Volume-Bids/PUBLIC_DVD_BIDPEROFFER1_202311010000.parquet/part.355.parquet
2025-03-19 18:56:32,545 - INFO - No duplicates found in s3://thesis--ec331-s3/FCAS_RAISE1SEC-Volume-Bids/PUBLIC_DVD_BIDPEROFFER1_202311010000.parquet/part.355.parquet
2025-03-19 18:56:32,547 - WARNING - Empty DataFrame will be written.
2025-03-19 18:56:32,585 - INFO - Wrote original 0 rows to s3://thesis--ec331-s3/de-duped-volume-bids/PUBLIC_DVD_BIDPEROFFER1_202311010000.parquet/part.353.parquet
2025-03-19 18:56:32,672 - INFO - Processing: s3://thesis--ec331-s3/FCAS_RAISE1SEC-Volume-Bids/PUBLIC_DVD_BIDPEROFFER1_202311010000.parquet/part.357.parquet
2025-03-19 18:56:32,674 - INFO - Target: s3://thesis--ec331-s3/de-duped-volume-bids/PUBLIC_DVD_BIDPEROFFER1_202311010000.parquet/part.357.parquet
2025-03-19 18:56:32,837 - INFO - Wrote original 0 rows to s3://thesis--ec331-s3/de-duped-volume-bids/PUBLIC_DVD_BIDPEROFFER1_202311010000.parquet/part.355.parquet
2025-03-19 18:56:32,923 - INFO - Processing: s3://thesis--ec331-s3/FCAS_RAISE1SEC-Volume-Bids/PUBLIC_DVD_BIDPEROFFER1_202311010000.parquet/part.358.parquet
2025-03-19 18:56:32,927 - INFO - Wrote original 0 rows to s3://thesis--ec331-s3/de-duped-volume-bids/PUBLIC_DVD_BIDPEROFFER1_202311010000.parquet/part.354.parquet
2025-03-19 18:56:32,930 - INFO - Target: s3://thesis--ec331-s3/de-duped-volume-bids/PUBLIC_DVD_BIDPEROFFER1_202311010000.parquet/part.358.parquet
2025-03-19 18:56:33,018 - INFO - Processing: s3://thesis--ec331-s3/FCAS_RAISE1SEC-Volume-Bids/PUBLIC_DVD_BIDPEROFFER1_202311010000.parquet/part.359.parquet
2025-03-19 18:56:33,035 - INFO - Target: s3://thesis--ec331-s3/de-duped-volume-bids/PUBLIC_DVD_BIDPEROFFER1_202311010000.parquet/part.359.parquet
2025-03-19 18:56:33,060 - INFO - Read 0 rows from s3://thesis--ec331-s3/FCAS_RAISE1SEC-Volume-Bids/PUBLIC_DVD_BIDPEROFFER1_202311010000.parquet/part.356.parquet
2025-03-19 18:56:33,063 - INFO - No duplicates found in s3://thesis--ec331-s3/FCAS_RAISE1SEC-Volume-Bids/PUBLIC_DVD_BIDPEROFFER1_202311010000.parquet/part.356.parquet
2025-03-19 18:56:33,063 - WARNING - Empty DataFrame will be written.
2025-03-19 18:56:33,098 - INFO - Read 0 rows from s3://thesis--ec331-s3/FCAS_RAISE1SEC-Volume-Bids/PUBLIC_DVD_BIDPEROFFER1_202311010000.parquet/part.357.parquet
2025-03-19 18:56:33,101 - INFO - No duplicates found in s3://thesis--ec331-s3/FCAS_RAISE1SEC-Volume-Bids/PUBLIC_DVD_BIDPEROFFER1_202311010000.parquet/part.357.parquet
2025-03-19 18:56:33,102 - WARNING - Empty DataFrame will be written.
2025-03-19 18:56:33,291 - INFO - Read 0 rows from s3://thesis--ec331-s3/FCAS_RAISE1SEC-Volume-Bids/PUBLIC_DVD_BIDPEROFFER1_202311010000.parquet/part.358.parquet
2025-03-19 18:56:33,295 - INFO - No duplicates found in s3://thesis--ec331-s3/FCAS_RAISE1SEC-Volume-Bids/PUBLIC_DVD_BIDPEROFFER1_202311010000.parquet/part.358.parquet
2025-03-19 18:56:33,298 - INFO - Wrote original 0 rows to s3://thesis--ec331-s3/de-duped-volume-bids/PUBLIC_DVD_BIDPEROFFER1_202311010000.parquet/part.356.parquet
2025-03-19 18:56:33,299 - WARNING - Empty DataFrame will be written.
2025-03-19 18:56:33,388 - INFO - Processing: s3://thesis--ec331-s3/FCAS_RAISE1SEC-Volume-Bids/PUBLIC_DVD_BIDPEROFFER1_202311010000.parquet/part.36.parquet
2025-03-19 18:56:33,406 - INFO - Target: s3://thesis--ec331-s3/de-duped-volume-bids/PUBLIC_DVD_BIDPEROFFER1_202311010000.parquet/part.36.parquet
2025-03-19 18:56:33,429 - INFO - Read 0 rows from s3://thesis--ec331-s3/FCAS_RAISE1SEC-Volume-Bids/PUBLIC_DVD_BIDPEROFFER1_202311010000.parquet/part.359.parquet
2025-03-19 18:56:33,431 - INFO - Wrote original 0 rows to s3://thesis--ec331-s3/de-duped-volume-bids/PUBLIC_DVD_BIDPEROFFER1_202311010000.parquet/part.357.parquet
2025-03-19 18:56:33,435 - INFO - No duplicates found in s3://thesis--ec331-s3/FCAS_RAISE1SEC-Volume-Bids/PUBLIC_DVD_BIDPEROFFER1_202311010000.parquet/part.359.parquet
2025-03-19 18:56:33,521 - INFO - Processing: s3://thesis--ec331-s3/FCAS_RAISE1SEC-Volume-Bids/PUBLIC_DVD_BIDPEROFFER1_202311010000.parquet/part.360.parquet
2025-03-19 18:56:33,523 - WARNING - Empty DataFrame will be written.
2025-03-19 18:56:33,524 - INFO - Target: s3://thesis--ec331-s3/de-duped-volume-bids/PUBLIC_DVD_BIDPEROFFER1_202311010000.parquet/part.360.parquet
2025-03-19 18:56:33,727 - INFO - Read 0 rows from s3://thesis--ec331-s3/FCAS_RAISE1SEC-Volume-Bids/PUBLIC_DVD_BIDPEROFFER1_202311010000.parquet/part.36.parquet
2025-03-19 18:56:33,729 - INFO - No duplicates found in s3://thesis--ec331-s3/FCAS_RAISE1SEC-Volume-Bids/PUBLIC_DVD_BIDPEROFFER1_202311010000.parquet/part.36.parquet
2025-03-19 18:56:33,731 - WARNING - Empty DataFrame will be written.
2025-03-19 18:56:33,804 - INFO - Wrote original 0 rows to s3://thesis--ec331-s3/de-duped-volume-bids/PUBLIC_DVD_BIDPEROFFER1_202311010000.parquet/part.358.parquet
2025-03-19 18:56:33,890 - INFO - Processing: s3://thesis--ec331-s3/FCAS_RAISE1SEC-Volume-Bids/PUBLIC_DVD_BIDPEROFFER1_202311010000.parquet/part.361.parquet
2025-03-19 18:56:33,895 - INFO - Wrote original 0 rows to s3://thesis--ec331-s3/de-duped-volume-bids/PUBLIC_DVD_BIDPEROFFER1_202311010000.parquet/part.359.parquet
2025-03-19 18:56:33,896 - INFO - Target: s3://thesis--ec331-s3/de-duped-volume-bids/PUBLIC_DVD_BIDPEROFFER1_202311010000.parquet/part.361.parquet
2025-03-19 18:56:33,992 - INFO - Processing: s3://thesis--ec331-s3/FCAS_RAISE1SEC-Volume-Bids/PUBLIC_DVD_BIDPEROFFER1_202311010000.parquet/part.362.parquet
2025-03-19 18:56:34,002 - INFO - Target: s3://thesis--ec331-s3/de-duped-volume-bids/PUBLIC_DVD_BIDPEROFFER1_202311010000.parquet/part.362.parquet
2025-03-19 18:56:34,025 - INFO - Read 0 rows from s3://thesis--ec331-s3/FCAS_RAISE1SEC-Volume-Bids/PUBLIC_DVD_BIDPEROFFER1_202311010000.parquet/part.360.parquet
2025-03-19 18:56:34,028 - INFO - No duplicates found in s3://thesis--ec331-s3/FCAS_RAISE1SEC-Volume-Bids/PUBLIC_DVD_BIDPEROFFER1_202311010000.parquet/part.360.parquet
2025-03-19 18:56:34,029 - WARNING - Empty DataFrame will be written.
2025-03-19 18:56:34,113 - INFO - Wrote original 0 rows to s3://thesis--ec331-s3/de-duped-volume-bids/PUBLIC_DVD_BIDPEROFFER1_202311010000.parquet/part.36.parquet
2025-03-19 18:56:34,208 - INFO - Processing: s3://thesis--ec331-s3/FCAS_RAISE1SEC-Volume-Bids/PUBLIC_DVD_BIDPEROFFER1_202311010000.parquet/part.363.parquet
2025-03-19 18:56:34,209 - INFO - Target: s3://thesis--ec331-s3/de-duped-volume-bids/PUBLIC_DVD_BIDPEROFFER1_202311010000.parquet/part.363.parquet
2025-03-19 18:56:34,345 - INFO - Wrote original 0 rows to s3://thesis--ec331-s3/de-duped-volume-bids/PUBLIC_DVD_BIDPEROFFER1_202311010000.parquet/part.360.parquet
2025-03-19 18:56:34,346 - INFO - Read 0 rows from s3://thesis--ec331-s3/FCAS_RAISE1SEC-Volume-Bids/PUBLIC_DVD_BIDPEROFFER1_202311010000.parquet/part.361.parquet
2025-03-19 18:56:34,438 - INFO - Processing: s3://thesis--ec331-s3/FCAS_RAISE1SEC-Volume-Bids/PUBLIC_DVD_BIDPEROFFER1_202311010000.parquet/part.364.parquet
2025-03-19 18:56:34,443 - INFO - No duplicates found in s3://thesis--ec331-s3/FCAS_RAISE1SEC-Volume-Bids/PUBLIC_DVD_BIDPEROFFER1_202311010000.parquet/part.361.parquet
2025-03-19 18:56:34,445 - INFO - Target: s3://thesis--ec331-s3/de-duped-volume-bids/PUBLIC_DVD_BIDPEROFFER1_202311010000.parquet/part.364.parquet
2025-03-19 18:56:34,446 - WARNING - Empty DataFrame will be written.
2025-03-19 18:56:34,481 - INFO - Read 0 rows from s3://thesis--ec331-s3/FCAS_RAISE1SEC-Volume-Bids/PUBLIC_DVD_BIDPEROFFER1_202311010000.parquet/part.362.parquet
2025-03-19 18:56:34,486 - INFO - No duplicates found in s3://thesis--ec331-s3/FCAS_RAISE1SEC-Volume-Bids/PUBLIC_DVD_BIDPEROFFER1_202311010000.parquet/part.362.parquet
2025-03-19 18:56:34,488 - WARNING - Empty DataFrame will be written.
2025-03-19 18:56:34,548 - INFO - Read 0 rows from s3://thesis--ec331-s3/FCAS_RAISE1SEC-Volume-Bids/PUBLIC_DVD_BIDPEROFFER1_202311010000.parquet/part.363.parquet
2025-03-19 18:56:34,551 - INFO - No duplicates found in s3://thesis--ec331-s3/FCAS_RAISE1SEC-Volume-Bids/PUBLIC_DVD_BIDPEROFFER1_202311010000.parquet/part.363.parquet
2025-03-19 18:56:34,552 - WARNING - Empty DataFrame will be written.
2025-03-19 18:56:34,730 - INFO - Read 0 rows from s3://thesis--ec331-s3/FCAS_RAISE1SEC-Volume-Bids/PUBLIC_DVD_BIDPEROFFER1_202311010000.parquet/part.364.parquet
2025-03-19 18:56:34,733 - INFO - No duplicates found in s3://thesis--ec331-s3/FCAS_RAISE1SEC-Volume-Bids/PUBLIC_DVD_BIDPEROFFER1_202311010000.parquet/part.364.parquet
2025-03-19 18:56:34,736 - INFO - Wrote original 0 rows to s3://thesis--ec331-s3/de-duped-volume-bids/PUBLIC_DVD_BIDPEROFFER1_202311010000.parquet/part.362.parquet
2025-03-19 18:56:34,737 - WARNING - Empty DataFrame will be written.
2025-03-19 18:56:34,831 - INFO - Processing: s3://thesis--ec331-s3/FCAS_RAISE1SEC-Volume-Bids/PUBLIC_DVD_BIDPEROFFER1_202311010000.parquet/part.365.parquet
2025-03-19 18:56:34,839 - INFO - Wrote original 0 rows to s3://thesis--ec331-s3/de-duped-volume-bids/PUBLIC_DVD_BIDPEROFFER1_202311010000.parquet/part.361.parquet
2025-03-19 18:56:34,840 - INFO - Target: s3://thesis--ec331-s3/de-duped-volume-bids/PUBLIC_DVD_BIDPEROFFER1_202311010000.parquet/part.365.parquet
2025-03-19 18:56:34,944 - INFO - Processing: s3://thesis--ec331-s3/FCAS_RAISE1SEC-Volume-Bids/PUBLIC_DVD_BIDPEROFFER1_202311010000.parquet/part.366.parquet
2025-03-19 18:56:34,948 - INFO - Wrote original 0 rows to s3://thesis--ec331-s3/de-duped-volume-bids/PUBLIC_DVD_BIDPEROFFER1_202311010000.parquet/part.363.parquet
2025-03-19 18:56:34,962 - INFO - Target: s3://thesis--ec331-s3/de-duped-volume-bids/PUBLIC_DVD_BIDPEROFFER1_202311010000.parquet/part.366.parquet
2025-03-19 18:56:35,053 - INFO - Processing: s3://thesis--ec331-s3/FCAS_RAISE1SEC-Volume-Bids/PUBLIC_DVD_BIDPEROFFER1_202311010000.parquet/part.367.parquet
2025-03-19 18:56:35,066 - INFO - Target: s3://thesis--ec331-s3/de-duped-volume-bids/PUBLIC_DVD_BIDPEROFFER1_202311010000.parquet/part.367.parquet
2025-03-19 18:56:35,321 - INFO - Read 0 rows from s3://thesis--ec331-s3/FCAS_RAISE1SEC-Volume-Bids/PUBLIC_DVD_BIDPEROFFER1_202311010000.parquet/part.365.parquet
2025-03-19 18:56:35,330 - INFO - No duplicates found in s3://thesis--ec331-s3/FCAS_RAISE1SEC-Volume-Bids/PUBLIC_DVD_BIDPEROFFER1_202311010000.parquet/part.365.parquet
2025-03-19 18:56:35,331 - WARNING - Empty DataFrame will be written.
2025-03-19 18:56:35,347 - INFO - Wrote original 0 rows to s3://thesis--ec331-s3/de-duped-volume-bids/PUBLIC_DVD_BIDPEROFFER1_202311010000.parquet/part.364.parquet
2025-03-19 18:56:35,440 - INFO - Processing: s3://thesis--ec331-s3/FCAS_RAISE1SEC-Volume-Bids/PUBLIC_DVD_BIDPEROFFER1_202311010000.parquet/part.368.parquet
2025-03-19 18:56:35,444 - INFO - Target: s3://thesis--ec331-s3/de-duped-volume-bids/PUBLIC_DVD_BIDPEROFFER1_202311010000.parquet/part.368.parquet
2025-03-19 18:56:35,469 - INFO - Read 0 rows from s3://thesis--ec331-s3/FCAS_RAISE1SEC-Volume-Bids/PUBLIC_DVD_BIDPEROFFER1_202311010000.parquet/part.366.parquet
2025-03-19 18:56:35,472 - INFO - No duplicates found in s3://thesis--ec331-s3/FCAS_RAISE1SEC-Volume-Bids/PUBLIC_DVD_BIDPEROFFER1_202311010000.parquet/part.366.parquet
2025-03-19 18:56:35,477 - WARNING - Empty DataFrame will be written.
2025-03-19 18:56:35,494 - INFO - Read 0 rows from s3://thesis--ec331-s3/FCAS_RAISE1SEC-Volume-Bids/PUBLIC_DVD_BIDPEROFFER1_202311010000.parquet/part.367.parquet
2025-03-19 18:56:35,502 - INFO - No duplicates found in s3://thesis--ec331-s3/FCAS_RAISE1SEC-Volume-Bids/PUBLIC_DVD_BIDPEROFFER1_202311010000.parquet/part.367.parquet
2025-03-19 18:56:35,503 - WARNING - Empty DataFrame will be written.
2025-03-19 18:56:35,738 - INFO - Read 0 rows from s3://thesis--ec331-s3/FCAS_RAISE1SEC-Volume-Bids/PUBLIC_DVD_BIDPEROFFER1_202311010000.parquet/part.368.parquet
2025-03-19 18:56:35,741 - INFO - Wrote original 0 rows to s3://thesis--ec331-s3/de-duped-volume-bids/PUBLIC_DVD_BIDPEROFFER1_202311010000.parquet/part.365.parquet
2025-03-19 18:56:35,744 - INFO - No duplicates found in s3://thesis--ec331-s3/FCAS_RAISE1SEC-Volume-Bids/PUBLIC_DVD_BIDPEROFFER1_202311010000.parquet/part.368.parquet
2025-03-19 18:56:35,832 - INFO - Processing: s3://thesis--ec331-s3/FCAS_RAISE1SEC-Volume-Bids/PUBLIC_DVD_BIDPEROFFER1_202311010000.parquet/part.369.parquet
2025-03-19 18:56:35,835 - WARNING - Empty DataFrame will be written.
2025-03-19 18:56:35,836 - INFO - Target: s3://thesis--ec331-s3/de-duped-volume-bids/PUBLIC_DVD_BIDPEROFFER1_202311010000.parquet/part.369.parquet
2025-03-19 18:56:35,863 - INFO - Wrote original 0 rows to s3://thesis--ec331-s3/de-duped-volume-bids/PUBLIC_DVD_BIDPEROFFER1_202311010000.parquet/part.366.parquet
2025-03-19 18:56:35,950 - INFO - Processing: s3://thesis--ec331-s3/FCAS_RAISE1SEC-Volume-Bids/PUBLIC_DVD_BIDPEROFFER1_202311010000.parquet/part.37.parquet
2025-03-19 18:56:35,953 - INFO - Target: s3://thesis--ec331-s3/de-duped-volume-bids/PUBLIC_DVD_BIDPEROFFER1_202311010000.parquet/part.37.parquet
2025-03-19 18:56:35,956 - INFO - Wrote original 0 rows to s3://thesis--ec331-s3/de-duped-volume-bids/PUBLIC_DVD_BIDPEROFFER1_202311010000.parquet/part.367.parquet
2025-03-19 18:56:36,057 - INFO - Processing: s3://thesis--ec331-s3/FCAS_RAISE1SEC-Volume-Bids/PUBLIC_DVD_BIDPEROFFER1_202311010000.parquet/part.370.parquet
2025-03-19 18:56:36,058 - INFO - Target: s3://thesis--ec331-s3/de-duped-volume-bids/PUBLIC_DVD_BIDPEROFFER1_202311010000.parquet/part.370.parquet
2025-03-19 18:56:36,231 - INFO - Read 0 rows from s3://thesis--ec331-s3/FCAS_RAISE1SEC-Volume-Bids/PUBLIC_DVD_BIDPEROFFER1_202311010000.parquet/part.369.parquet
2025-03-19 18:56:36,234 - INFO - No duplicates found in s3://thesis--ec331-s3/FCAS_RAISE1SEC-Volume-Bids/PUBLIC_DVD_BIDPEROFFER1_202311010000.parquet/part.369.parquet
2025-03-19 18:56:36,235 - WARNING - Empty DataFrame will be written.
2025-03-19 18:56:36,293 - INFO - Wrote original 0 rows to s3://thesis--ec331-s3/de-duped-volume-bids/PUBLIC_DVD_BIDPEROFFER1_202311010000.parquet/part.368.parquet
2025-03-19 18:56:36,389 - INFO - Processing: s3://thesis--ec331-s3/FCAS_RAISE1SEC-Volume-Bids/PUBLIC_DVD_BIDPEROFFER1_202311010000.parquet/part.371.parquet
2025-03-19 18:56:36,390 - INFO - Target: s3://thesis--ec331-s3/de-duped-volume-bids/PUBLIC_DVD_BIDPEROFFER1_202311010000.parquet/part.371.parquet
2025-03-19 18:56:36,403 - INFO - Read 0 rows from s3://thesis--ec331-s3/FCAS_RAISE1SEC-Volume-Bids/PUBLIC_DVD_BIDPEROFFER1_202311010000.parquet/part.37.parquet
2025-03-19 18:56:36,412 - INFO - No duplicates found in s3://thesis--ec331-s3/FCAS_RAISE1SEC-Volume-Bids/PUBLIC_DVD_BIDPEROFFER1_202311010000.parquet/part.37.parquet
2025-03-19 18:56:36,414 - WARNING - Empty DataFrame will be written.
2025-03-19 18:56:36,446 - INFO - Read 0 rows from s3://thesis--ec331-s3/FCAS_RAISE1SEC-Volume-Bids/PUBLIC_DVD_BIDPEROFFER1_202311010000.parquet/part.370.parquet
2025-03-19 18:56:36,450 - INFO - No duplicates found in s3://thesis--ec331-s3/FCAS_RAISE1SEC-Volume-Bids/PUBLIC_DVD_BIDPEROFFER1_202311010000.parquet/part.370.parquet
2025-03-19 18:56:36,451 - WARNING - Empty DataFrame will be written.
2025-03-19 18:56:36,545 - INFO - Wrote original 0 rows to s3://thesis--ec331-s3/de-duped-volume-bids/PUBLIC_DVD_BIDPEROFFER1_202311010000.parquet/part.369.parquet
2025-03-19 18:56:36,634 - INFO - Processing: s3://thesis--ec331-s3/FCAS_RAISE1SEC-Volume-Bids/PUBLIC_DVD_BIDPEROFFER1_202311010000.parquet/part.372.parquet
2025-03-19 18:56:36,636 - INFO - Target: s3://thesis--ec331-s3/de-duped-volume-bids/PUBLIC_DVD_BIDPEROFFER1_202311010000.parquet/part.372.parquet
2025-03-19 18:56:36,754 - INFO - Read 0 rows from s3://thesis--ec331-s3/FCAS_RAISE1SEC-Volume-Bids/PUBLIC_DVD_BIDPEROFFER1_202311010000.parquet/part.371.parquet
2025-03-19 18:56:36,757 - INFO - No duplicates found in s3://thesis--ec331-s3/FCAS_RAISE1SEC-Volume-Bids/PUBLIC_DVD_BIDPEROFFER1_202311010000.parquet/part.371.parquet
2025-03-19 18:56:36,758 - WARNING - Empty DataFrame will be written.
2025-03-19 18:56:36,796 - INFO - Wrote original 0 rows to s3://thesis--ec331-s3/de-duped-volume-bids/PUBLIC_DVD_BIDPEROFFER1_202311010000.parquet/part.370.parquet
2025-03-19 18:56:36,887 - INFO - Processing: s3://thesis--ec331-s3/FCAS_RAISE1SEC-Volume-Bids/PUBLIC_DVD_BIDPEROFFER1_202311010000.parquet/part.373.parquet
2025-03-19 18:56:36,891 - INFO - Wrote original 0 rows to s3://thesis--ec331-s3/de-duped-volume-bids/PUBLIC_DVD_BIDPEROFFER1_202311010000.parquet/part.37.parquet
2025-03-19 18:56:36,892 - INFO - Target: s3://thesis--ec331-s3/de-duped-volume-bids/PUBLIC_DVD_BIDPEROFFER1_202311010000.parquet/part.373.parquet
2025-03-19 18:56:36,980 - INFO - Processing: s3://thesis--ec331-s3/FCAS_RAISE1SEC-Volume-Bids/PUBLIC_DVD_BIDPEROFFER1_202311010000.parquet/part.374.parquet
2025-03-19 18:56:36,994 - INFO - Target: s3://thesis--ec331-s3/de-duped-volume-bids/PUBLIC_DVD_BIDPEROFFER1_202311010000.parquet/part.374.parquet
2025-03-19 18:56:37,082 - INFO - Read 0 rows from s3://thesis--ec331-s3/FCAS_RAISE1SEC-Volume-Bids/PUBLIC_DVD_BIDPEROFFER1_202311010000.parquet/part.372.parquet
2025-03-19 18:56:37,087 - INFO - No duplicates found in s3://thesis--ec331-s3/FCAS_RAISE1SEC-Volume-Bids/PUBLIC_DVD_BIDPEROFFER1_202311010000.parquet/part.372.parquet
2025-03-19 18:56:37,088 - WARNING - Empty DataFrame will be written.
2025-03-19 18:56:37,138 - INFO - Wrote original 0 rows to s3://thesis--ec331-s3/de-duped-volume-bids/PUBLIC_DVD_BIDPEROFFER1_202311010000.parquet/part.371.parquet
2025-03-19 18:56:37,228 - INFO - Processing: s3://thesis--ec331-s3/FCAS_RAISE1SEC-Volume-Bids/PUBLIC_DVD_BIDPEROFFER1_202311010000.parquet/part.375.parquet
2025-03-19 18:56:37,230 - INFO - Target: s3://thesis--ec331-s3/de-duped-volume-bids/PUBLIC_DVD_BIDPEROFFER1_202311010000.parquet/part.375.parquet
2025-03-19 18:56:37,333 - INFO - Read 0 rows from s3://thesis--ec331-s3/FCAS_RAISE1SEC-Volume-Bids/PUBLIC_DVD_BIDPEROFFER1_202311010000.parquet/part.373.parquet
2025-03-19 18:56:37,343 - INFO - No duplicates found in s3://thesis--ec331-s3/FCAS_RAISE1SEC-Volume-Bids/PUBLIC_DVD_BIDPEROFFER1_202311010000.parquet/part.373.parquet
2025-03-19 18:56:37,344 - INFO - Read 0 rows from s3://thesis--ec331-s3/FCAS_RAISE1SEC-Volume-Bids/PUBLIC_DVD_BIDPEROFFER1_202311010000.parquet/part.374.parquet
2025-03-19 18:56:37,346 - WARNING - Empty DataFrame will be written.
2025-03-19 18:56:37,348 - INFO - No duplicates found in s3://thesis--ec331-s3/FCAS_RAISE1SEC-Volume-Bids/PUBLIC_DVD_BIDPEROFFER1_202311010000.parquet/part.374.parquet
2025-03-19 18:56:37,360 - WARNING - Empty DataFrame will be written.
2025-03-19 18:56:37,416 - INFO - Wrote original 0 rows to s3://thesis--ec331-s3/de-duped-volume-bids/PUBLIC_DVD_BIDPEROFFER1_202311010000.parquet/part.372.parquet
2025-03-19 18:56:37,510 - INFO - Processing: s3://thesis--ec331-s3/FCAS_RAISE1SEC-Volume-Bids/PUBLIC_DVD_BIDPEROFFER1_202311010000.parquet/part.376.parquet
2025-03-19 18:56:37,512 - INFO - Target: s3://thesis--ec331-s3/de-duped-volume-bids/PUBLIC_DVD_BIDPEROFFER1_202311010000.parquet/part.376.parquet
2025-03-19 18:56:37,575 - INFO - Read 0 rows from s3://thesis--ec331-s3/FCAS_RAISE1SEC-Volume-Bids/PUBLIC_DVD_BIDPEROFFER1_202311010000.parquet/part.375.parquet
2025-03-19 18:56:37,579 - INFO - No duplicates found in s3://thesis--ec331-s3/FCAS_RAISE1SEC-Volume-Bids/PUBLIC_DVD_BIDPEROFFER1_202311010000.parquet/part.375.parquet
2025-03-19 18:56:37,580 - WARNING - Empty DataFrame will be written.
2025-03-19 18:56:37,687 - INFO - Wrote original 0 rows to s3://thesis--ec331-s3/de-duped-volume-bids/PUBLIC_DVD_BIDPEROFFER1_202311010000.parquet/part.373.parquet
2025-03-19 18:56:37,775 - INFO - Processing: s3://thesis--ec331-s3/FCAS_RAISE1SEC-Volume-Bids/PUBLIC_DVD_BIDPEROFFER1_202311010000.parquet/part.377.parquet
2025-03-19 18:56:37,779 - INFO - Wrote original 0 rows to s3://thesis--ec331-s3/de-duped-volume-bids/PUBLIC_DVD_BIDPEROFFER1_202311010000.parquet/part.374.parquet
2025-03-19 18:56:37,781 - INFO - Target: s3://thesis--ec331-s3/de-duped-volume-bids/PUBLIC_DVD_BIDPEROFFER1_202311010000.parquet/part.377.parquet
2025-03-19 18:56:37,867 - INFO - Processing: s3://thesis--ec331-s3/FCAS_RAISE1SEC-Volume-Bids/PUBLIC_DVD_BIDPEROFFER1_202311010000.parquet/part.378.parquet
2025-03-19 18:56:37,882 - INFO - Target: s3://thesis--ec331-s3/de-duped-volume-bids/PUBLIC_DVD_BIDPEROFFER1_202311010000.parquet/part.378.parquet
2025-03-19 18:56:37,928 - INFO - Read 0 rows from s3://thesis--ec331-s3/FCAS_RAISE1SEC-Volume-Bids/PUBLIC_DVD_BIDPEROFFER1_202311010000.parquet/part.376.parquet
2025-03-19 18:56:37,931 - INFO - No duplicates found in s3://thesis--ec331-s3/FCAS_RAISE1SEC-Volume-Bids/PUBLIC_DVD_BIDPEROFFER1_202311010000.parquet/part.376.parquet
2025-03-19 18:56:37,932 - WARNING - Empty DataFrame will be written.
2025-03-19 18:56:37,938 - INFO - Wrote original 0 rows to s3://thesis--ec331-s3/de-duped-volume-bids/PUBLIC_DVD_BIDPEROFFER1_202311010000.parquet/part.375.parquet
2025-03-19 18:56:38,040 - INFO - Processing: s3://thesis--ec331-s3/FCAS_RAISE1SEC-Volume-Bids/PUBLIC_DVD_BIDPEROFFER1_202311010000.parquet/part.379.parquet
2025-03-19 18:56:38,042 - INFO - Target: s3://thesis--ec331-s3/de-duped-volume-bids/PUBLIC_DVD_BIDPEROFFER1_202311010000.parquet/part.379.parquet
2025-03-19 18:56:38,255 - INFO - Read 0 rows from s3://thesis--ec331-s3/FCAS_RAISE1SEC-Volume-Bids/PUBLIC_DVD_BIDPEROFFER1_202311010000.parquet/part.377.parquet
2025-03-19 18:56:38,258 - INFO - No duplicates found in s3://thesis--ec331-s3/FCAS_RAISE1SEC-Volume-Bids/PUBLIC_DVD_BIDPEROFFER1_202311010000.parquet/part.377.parquet
2025-03-19 18:56:38,259 - WARNING - Empty DataFrame will be written.
2025-03-19 18:56:38,287 - INFO - Read 0 rows from s3://thesis--ec331-s3/FCAS_RAISE1SEC-Volume-Bids/PUBLIC_DVD_BIDPEROFFER1_202311010000.parquet/part.378.parquet
2025-03-19 18:56:38,289 - INFO - No duplicates found in s3://thesis--ec331-s3/FCAS_RAISE1SEC-Volume-Bids/PUBLIC_DVD_BIDPEROFFER1_202311010000.parquet/part.378.parquet
2025-03-19 18:56:38,293 - WARNING - Empty DataFrame will be written.
2025-03-19 18:56:38,309 - INFO - Wrote original 0 rows to s3://thesis--ec331-s3/de-duped-volume-bids/PUBLIC_DVD_BIDPEROFFER1_202311010000.parquet/part.376.parquet
2025-03-19 18:56:38,400 - INFO - Processing: s3://thesis--ec331-s3/FCAS_RAISE1SEC-Volume-Bids/PUBLIC_DVD_BIDPEROFFER1_202311010000.parquet/part.38.parquet
2025-03-19 18:56:38,404 - INFO - Target: s3://thesis--ec331-s3/de-duped-volume-bids/PUBLIC_DVD_BIDPEROFFER1_202311010000.parquet/part.38.parquet
2025-03-19 18:56:38,430 - INFO - Read 0 rows from s3://thesis--ec331-s3/FCAS_RAISE1SEC-Volume-Bids/PUBLIC_DVD_BIDPEROFFER1_202311010000.parquet/part.379.parquet
2025-03-19 18:56:38,434 - INFO - No duplicates found in s3://thesis--ec331-s3/FCAS_RAISE1SEC-Volume-Bids/PUBLIC_DVD_BIDPEROFFER1_202311010000.parquet/part.379.parquet
2025-03-19 18:56:38,435 - WARNING - Empty DataFrame will be written.
2025-03-19 18:56:38,660 - INFO - Wrote original 0 rows to s3://thesis--ec331-s3/de-duped-volume-bids/PUBLIC_DVD_BIDPEROFFER1_202311010000.parquet/part.377.parquet
2025-03-19 18:56:38,750 - INFO - Processing: s3://thesis--ec331-s3/FCAS_RAISE1SEC-Volume-Bids/PUBLIC_DVD_BIDPEROFFER1_202311010000.parquet/part.380.parquet
2025-03-19 18:56:38,755 - INFO - Wrote original 0 rows to s3://thesis--ec331-s3/de-duped-volume-bids/PUBLIC_DVD_BIDPEROFFER1_202311010000.parquet/part.378.parquet
2025-03-19 18:56:38,757 - INFO - Target: s3://thesis--ec331-s3/de-duped-volume-bids/PUBLIC_DVD_BIDPEROFFER1_202311010000.parquet/part.380.parquet
2025-03-19 18:56:38,841 - INFO - Processing: s3://thesis--ec331-s3/FCAS_RAISE1SEC-Volume-Bids/PUBLIC_DVD_BIDPEROFFER1_202311010000.parquet/part.381.parquet
2025-03-19 18:56:38,849 - INFO - Wrote original 0 rows to s3://thesis--ec331-s3/de-duped-volume-bids/PUBLIC_DVD_BIDPEROFFER1_202311010000.parquet/part.379.parquet
2025-03-19 18:56:38,850 - INFO - Target: s3://thesis--ec331-s3/de-duped-volume-bids/PUBLIC_DVD_BIDPEROFFER1_202311010000.parquet/part.381.parquet
2025-03-19 18:56:38,939 - INFO - Processing: s3://thesis--ec331-s3/FCAS_RAISE1SEC-Volume-Bids/PUBLIC_DVD_BIDPEROFFER1_202311010000.parquet/part.382.parquet
2025-03-19 18:56:38,952 - INFO - Target: s3://thesis--ec331-s3/de-duped-volume-bids/PUBLIC_DVD_BIDPEROFFER1_202311010000.parquet/part.382.parquet
2025-03-19 18:56:38,973 - INFO - Read 0 rows from s3://thesis--ec331-s3/FCAS_RAISE1SEC-Volume-Bids/PUBLIC_DVD_BIDPEROFFER1_202311010000.parquet/part.38.parquet
2025-03-19 18:56:38,976 - INFO - No duplicates found in s3://thesis--ec331-s3/FCAS_RAISE1SEC-Volume-Bids/PUBLIC_DVD_BIDPEROFFER1_202311010000.parquet/part.38.parquet
2025-03-19 18:56:38,977 - WARNING - Empty DataFrame will be written.
2025-03-19 18:56:39,193 - INFO - Read 0 rows from s3://thesis--ec331-s3/FCAS_RAISE1SEC-Volume-Bids/PUBLIC_DVD_BIDPEROFFER1_202311010000.parquet/part.380.parquet
2025-03-19 18:56:39,201 - INFO - No duplicates found in s3://thesis--ec331-s3/FCAS_RAISE1SEC-Volume-Bids/PUBLIC_DVD_BIDPEROFFER1_202311010000.parquet/part.380.parquet
2025-03-19 18:56:39,207 - WARNING - Empty DataFrame will be written.
2025-03-19 18:56:39,231 - INFO - Read 0 rows from s3://thesis--ec331-s3/FCAS_RAISE1SEC-Volume-Bids/PUBLIC_DVD_BIDPEROFFER1_202311010000.parquet/part.382.parquet
2025-03-19 18:56:39,236 - INFO - No duplicates found in s3://thesis--ec331-s3/FCAS_RAISE1SEC-Volume-Bids/PUBLIC_DVD_BIDPEROFFER1_202311010000.parquet/part.382.parquet
2025-03-19 18:56:39,237 - WARNING - Empty DataFrame will be written.
2025-03-19 18:56:39,241 - INFO - Wrote original 0 rows to s3://thesis--ec331-s3/de-duped-volume-bids/PUBLIC_DVD_BIDPEROFFER1_202311010000.parquet/part.38.parquet
2025-03-19 18:56:39,342 - INFO - Processing: s3://thesis--ec331-s3/FCAS_RAISE1SEC-Volume-Bids/PUBLIC_DVD_BIDPEROFFER1_202311010000.parquet/part.383.parquet
2025-03-19 18:56:39,352 - INFO - Target: s3://thesis--ec331-s3/de-duped-volume-bids/PUBLIC_DVD_BIDPEROFFER1_202311010000.parquet/part.383.parquet
2025-03-19 18:56:39,382 - INFO - Read 0 rows from s3://thesis--ec331-s3/FCAS_RAISE1SEC-Volume-Bids/PUBLIC_DVD_BIDPEROFFER1_202311010000.parquet/part.381.parquet
2025-03-19 18:56:39,385 - INFO - No duplicates found in s3://thesis--ec331-s3/FCAS_RAISE1SEC-Volume-Bids/PUBLIC_DVD_BIDPEROFFER1_202311010000.parquet/part.381.parquet
2025-03-19 18:56:39,387 - WARNING - Empty DataFrame will be written.
2025-03-19 18:56:39,598 - INFO - Wrote original 0 rows to s3://thesis--ec331-s3/de-duped-volume-bids/PUBLIC_DVD_BIDPEROFFER1_202311010000.parquet/part.380.parquet
2025-03-19 18:56:39,695 - INFO - Processing: s3://thesis--ec331-s3/FCAS_RAISE1SEC-Volume-Bids/PUBLIC_DVD_BIDPEROFFER1_202311010000.parquet/part.384.parquet
2025-03-19 18:56:39,697 - INFO - Target: s3://thesis--ec331-s3/de-duped-volume-bids/PUBLIC_DVD_BIDPEROFFER1_202311010000.parquet/part.384.parquet
2025-03-19 18:56:39,719 - INFO - Read 0 rows from s3://thesis--ec331-s3/FCAS_RAISE1SEC-Volume-Bids/PUBLIC_DVD_BIDPEROFFER1_202311010000.parquet/part.383.parquet
2025-03-19 18:56:39,724 - INFO - Wrote original 0 rows to s3://thesis--ec331-s3/de-duped-volume-bids/PUBLIC_DVD_BIDPEROFFER1_202311010000.parquet/part.382.parquet
2025-03-19 18:56:39,726 - INFO - Wrote original 0 rows to s3://thesis--ec331-s3/de-duped-volume-bids/PUBLIC_DVD_BIDPEROFFER1_202311010000.parquet/part.381.parquet
2025-03-19 18:56:39,728 - INFO - No duplicates found in s3://thesis--ec331-s3/FCAS_RAISE1SEC-Volume-Bids/PUBLIC_DVD_BIDPEROFFER1_202311010000.parquet/part.383.parquet
2025-03-19 18:56:39,821 - INFO - Processing: s3://thesis--ec331-s3/FCAS_RAISE1SEC-Volume-Bids/PUBLIC_DVD_BIDPEROFFER1_202311010000.parquet/part.385.parquet
2025-03-19 18:56:39,910 - INFO - Processing: s3://thesis--ec331-s3/FCAS_RAISE1SEC-Volume-Bids/PUBLIC_DVD_BIDPEROFFER1_202311010000.parquet/part.386.parquet
2025-03-19 18:56:39,912 - WARNING - Empty DataFrame will be written.
2025-03-19 18:56:39,913 - INFO - Target: s3://thesis--ec331-s3/de-duped-volume-bids/PUBLIC_DVD_BIDPEROFFER1_202311010000.parquet/part.385.parquet
2025-03-19 18:56:39,914 - INFO - Target: s3://thesis--ec331-s3/de-duped-volume-bids/PUBLIC_DVD_BIDPEROFFER1_202311010000.parquet/part.386.parquet
2025-03-19 18:56:40,142 - INFO - Read 0 rows from s3://thesis--ec331-s3/FCAS_RAISE1SEC-Volume-Bids/PUBLIC_DVD_BIDPEROFFER1_202311010000.parquet/part.384.parquet
2025-03-19 18:56:40,150 - INFO - No duplicates found in s3://thesis--ec331-s3/FCAS_RAISE1SEC-Volume-Bids/PUBLIC_DVD_BIDPEROFFER1_202311010000.parquet/part.384.parquet
2025-03-19 18:56:40,152 - WARNING - Empty DataFrame will be written.
2025-03-19 18:56:40,181 - INFO - Wrote original 0 rows to s3://thesis--ec331-s3/de-duped-volume-bids/PUBLIC_DVD_BIDPEROFFER1_202311010000.parquet/part.383.parquet
2025-03-19 18:56:40,288 - INFO - Processing: s3://thesis--ec331-s3/FCAS_RAISE1SEC-Volume-Bids/PUBLIC_DVD_BIDPEROFFER1_202311010000.parquet/part.387.parquet
2025-03-19 18:56:40,293 - INFO - Target: s3://thesis--ec331-s3/de-duped-volume-bids/PUBLIC_DVD_BIDPEROFFER1_202311010000.parquet/part.387.parquet
2025-03-19 18:56:40,323 - INFO - Read 0 rows from s3://thesis--ec331-s3/FCAS_RAISE1SEC-Volume-Bids/PUBLIC_DVD_BIDPEROFFER1_202311010000.parquet/part.385.parquet
2025-03-19 18:56:40,326 - INFO - No duplicates found in s3://thesis--ec331-s3/FCAS_RAISE1SEC-Volume-Bids/PUBLIC_DVD_BIDPEROFFER1_202311010000.parquet/part.385.parquet
2025-03-19 18:56:40,327 - WARNING - Empty DataFrame will be written.
2025-03-19 18:56:40,351 - INFO - Read 0 rows from s3://thesis--ec331-s3/FCAS_RAISE1SEC-Volume-Bids/PUBLIC_DVD_BIDPEROFFER1_202311010000.parquet/part.386.parquet
2025-03-19 18:56:40,354 - INFO - No duplicates found in s3://thesis--ec331-s3/FCAS_RAISE1SEC-Volume-Bids/PUBLIC_DVD_BIDPEROFFER1_202311010000.parquet/part.386.parquet
2025-03-19 18:56:40,355 - WARNING - Empty DataFrame will be written.
2025-03-19 18:56:40,435 - INFO - Wrote original 0 rows to s3://thesis--ec331-s3/de-duped-volume-bids/PUBLIC_DVD_BIDPEROFFER1_202311010000.parquet/part.384.parquet
2025-03-19 18:56:40,524 - INFO - Processing: s3://thesis--ec331-s3/FCAS_RAISE1SEC-Volume-Bids/PUBLIC_DVD_BIDPEROFFER1_202311010000.parquet/part.388.parquet
2025-03-19 18:56:40,525 - INFO - Target: s3://thesis--ec331-s3/de-duped-volume-bids/PUBLIC_DVD_BIDPEROFFER1_202311010000.parquet/part.388.parquet
2025-03-19 18:56:40,611 - INFO - Read 0 rows from s3://thesis--ec331-s3/FCAS_RAISE1SEC-Volume-Bids/PUBLIC_DVD_BIDPEROFFER1_202311010000.parquet/part.387.parquet
2025-03-19 18:56:40,615 - INFO - No duplicates found in s3://thesis--ec331-s3/FCAS_RAISE1SEC-Volume-Bids/PUBLIC_DVD_BIDPEROFFER1_202311010000.parquet/part.387.parquet
2025-03-19 18:56:40,617 - WARNING - Empty DataFrame will be written.
2025-03-19 18:56:40,681 - INFO - Wrote original 0 rows to s3://thesis--ec331-s3/de-duped-volume-bids/PUBLIC_DVD_BIDPEROFFER1_202311010000.parquet/part.386.parquet
2025-03-19 18:56:40,769 - INFO - Processing: s3://thesis--ec331-s3/FCAS_RAISE1SEC-Volume-Bids/PUBLIC_DVD_BIDPEROFFER1_202311010000.parquet/part.389.parquet
2025-03-19 18:56:40,772 - INFO - Wrote original 0 rows to s3://thesis--ec331-s3/de-duped-volume-bids/PUBLIC_DVD_BIDPEROFFER1_202311010000.parquet/part.385.parquet
2025-03-19 18:56:40,774 - INFO - Target: s3://thesis--ec331-s3/de-duped-volume-bids/PUBLIC_DVD_BIDPEROFFER1_202311010000.parquet/part.389.parquet
2025-03-19 18:56:40,858 - INFO - Processing: s3://thesis--ec331-s3/FCAS_RAISE1SEC-Volume-Bids/PUBLIC_DVD_BIDPEROFFER1_202311010000.parquet/part.39.parquet
2025-03-19 18:56:40,876 - INFO - Target: s3://thesis--ec331-s3/de-duped-volume-bids/PUBLIC_DVD_BIDPEROFFER1_202311010000.parquet/part.39.parquet
2025-03-19 18:56:40,962 - INFO - Read 0 rows from s3://thesis--ec331-s3/FCAS_RAISE1SEC-Volume-Bids/PUBLIC_DVD_BIDPEROFFER1_202311010000.parquet/part.388.parquet
2025-03-19 18:56:40,965 - INFO - No duplicates found in s3://thesis--ec331-s3/FCAS_RAISE1SEC-Volume-Bids/PUBLIC_DVD_BIDPEROFFER1_202311010000.parquet/part.388.parquet
2025-03-19 18:56:40,968 - WARNING - Empty DataFrame will be written.
2025-03-19 18:56:41,025 - INFO - Wrote original 0 rows to s3://thesis--ec331-s3/de-duped-volume-bids/PUBLIC_DVD_BIDPEROFFER1_202311010000.parquet/part.387.parquet
2025-03-19 18:56:41,111 - INFO - Processing: s3://thesis--ec331-s3/FCAS_RAISE1SEC-Volume-Bids/PUBLIC_DVD_BIDPEROFFER1_202311010000.parquet/part.390.parquet
2025-03-19 18:56:41,112 - INFO - Target: s3://thesis--ec331-s3/de-duped-volume-bids/PUBLIC_DVD_BIDPEROFFER1_202311010000.parquet/part.390.parquet
2025-03-19 18:56:41,190 - INFO - Read 0 rows from s3://thesis--ec331-s3/FCAS_RAISE1SEC-Volume-Bids/PUBLIC_DVD_BIDPEROFFER1_202311010000.parquet/part.39.parquet
2025-03-19 18:56:41,195 - INFO - No duplicates found in s3://thesis--ec331-s3/FCAS_RAISE1SEC-Volume-Bids/PUBLIC_DVD_BIDPEROFFER1_202311010000.parquet/part.39.parquet
2025-03-19 18:56:41,197 - WARNING - Empty DataFrame will be written.
2025-03-19 18:56:41,229 - INFO - Read 0 rows from s3://thesis--ec331-s3/FCAS_RAISE1SEC-Volume-Bids/PUBLIC_DVD_BIDPEROFFER1_202311010000.parquet/part.389.parquet
2025-03-19 18:56:41,232 - INFO - No duplicates found in s3://thesis--ec331-s3/FCAS_RAISE1SEC-Volume-Bids/PUBLIC_DVD_BIDPEROFFER1_202311010000.parquet/part.389.parquet
2025-03-19 18:56:41,233 - WARNING - Empty DataFrame will be written.
2025-03-19 18:56:41,272 - INFO - Wrote original 0 rows to s3://thesis--ec331-s3/de-duped-volume-bids/PUBLIC_DVD_BIDPEROFFER1_202311010000.parquet/part.388.parquet
2025-03-19 18:56:41,366 - INFO - Processing: s3://thesis--ec331-s3/FCAS_RAISE1SEC-Volume-Bids/PUBLIC_DVD_BIDPEROFFER1_202311010000.parquet/part.391.parquet
2025-03-19 18:56:41,368 - INFO - Target: s3://thesis--ec331-s3/de-duped-volume-bids/PUBLIC_DVD_BIDPEROFFER1_202311010000.parquet/part.391.parquet
2025-03-19 18:56:41,453 - INFO - Read 0 rows from s3://thesis--ec331-s3/FCAS_RAISE1SEC-Volume-Bids/PUBLIC_DVD_BIDPEROFFER1_202311010000.parquet/part.390.parquet
2025-03-19 18:56:41,456 - INFO - No duplicates found in s3://thesis--ec331-s3/FCAS_RAISE1SEC-Volume-Bids/PUBLIC_DVD_BIDPEROFFER1_202311010000.parquet/part.390.parquet
2025-03-19 18:56:41,457 - WARNING - Empty DataFrame will be written.
2025-03-19 18:56:41,514 - INFO - Wrote original 0 rows to s3://thesis--ec331-s3/de-duped-volume-bids/PUBLIC_DVD_BIDPEROFFER1_202311010000.parquet/part.39.parquet
2025-03-19 18:56:41,601 - INFO - Processing: s3://thesis--ec331-s3/FCAS_RAISE1SEC-Volume-Bids/PUBLIC_DVD_BIDPEROFFER1_202311010000.parquet/part.392.parquet
2025-03-19 18:56:41,602 - INFO - Target: s3://thesis--ec331-s3/de-duped-volume-bids/PUBLIC_DVD_BIDPEROFFER1_202311010000.parquet/part.392.parquet
2025-03-19 18:56:41,616 - INFO - Wrote original 0 rows to s3://thesis--ec331-s3/de-duped-volume-bids/PUBLIC_DVD_BIDPEROFFER1_202311010000.parquet/part.389.parquet
2025-03-19 18:56:41,710 - INFO - Processing: s3://thesis--ec331-s3/FCAS_RAISE1SEC-Volume-Bids/PUBLIC_DVD_BIDPEROFFER1_202311010000.parquet/part.393.parquet
2025-03-19 18:56:41,711 - INFO - Target: s3://thesis--ec331-s3/de-duped-volume-bids/PUBLIC_DVD_BIDPEROFFER1_202311010000.parquet/part.393.parquet
2025-03-19 18:56:41,777 - INFO - Read 0 rows from s3://thesis--ec331-s3/FCAS_RAISE1SEC-Volume-Bids/PUBLIC_DVD_BIDPEROFFER1_202311010000.parquet/part.391.parquet
2025-03-19 18:56:41,785 - INFO - No duplicates found in s3://thesis--ec331-s3/FCAS_RAISE1SEC-Volume-Bids/PUBLIC_DVD_BIDPEROFFER1_202311010000.parquet/part.391.parquet
2025-03-19 18:56:41,787 - WARNING - Empty DataFrame will be written.
2025-03-19 18:56:41,858 - INFO - Wrote original 0 rows to s3://thesis--ec331-s3/de-duped-volume-bids/PUBLIC_DVD_BIDPEROFFER1_202311010000.parquet/part.390.parquet
2025-03-19 18:56:41,947 - INFO - Processing: s3://thesis--ec331-s3/FCAS_RAISE1SEC-Volume-Bids/PUBLIC_DVD_BIDPEROFFER1_202311010000.parquet/part.394.parquet
2025-03-19 18:56:41,949 - INFO - Target: s3://thesis--ec331-s3/de-duped-volume-bids/PUBLIC_DVD_BIDPEROFFER1_202311010000.parquet/part.394.parquet
2025-03-19 18:56:42,056 - INFO - Read 0 rows from s3://thesis--ec331-s3/FCAS_RAISE1SEC-Volume-Bids/PUBLIC_DVD_BIDPEROFFER1_202311010000.parquet/part.392.parquet
2025-03-19 18:56:42,059 - INFO - No duplicates found in s3://thesis--ec331-s3/FCAS_RAISE1SEC-Volume-Bids/PUBLIC_DVD_BIDPEROFFER1_202311010000.parquet/part.392.parquet
2025-03-19 18:56:42,060 - WARNING - Empty DataFrame will be written.
2025-03-19 18:56:42,088 - INFO - Read 0 rows from s3://thesis--ec331-s3/FCAS_RAISE1SEC-Volume-Bids/PUBLIC_DVD_BIDPEROFFER1_202311010000.parquet/part.393.parquet
2025-03-19 18:56:42,091 - INFO - No duplicates found in s3://thesis--ec331-s3/FCAS_RAISE1SEC-Volume-Bids/PUBLIC_DVD_BIDPEROFFER1_202311010000.parquet/part.393.parquet
2025-03-19 18:56:42,092 - WARNING - Empty DataFrame will be written.
2025-03-19 18:56:42,109 - INFO - Wrote original 0 rows to s3://thesis--ec331-s3/de-duped-volume-bids/PUBLIC_DVD_BIDPEROFFER1_202311010000.parquet/part.391.parquet
2025-03-19 18:56:42,202 - INFO - Processing: s3://thesis--ec331-s3/FCAS_RAISE1SEC-Volume-Bids/PUBLIC_DVD_BIDPEROFFER1_202311010000.parquet/part.395.parquet
2025-03-19 18:56:42,204 - INFO - Target: s3://thesis--ec331-s3/de-duped-volume-bids/PUBLIC_DVD_BIDPEROFFER1_202311010000.parquet/part.395.parquet
2025-03-19 18:56:42,292 - INFO - Read 0 rows from s3://thesis--ec331-s3/FCAS_RAISE1SEC-Volume-Bids/PUBLIC_DVD_BIDPEROFFER1_202311010000.parquet/part.394.parquet
2025-03-19 18:56:42,301 - INFO - No duplicates found in s3://thesis--ec331-s3/FCAS_RAISE1SEC-Volume-Bids/PUBLIC_DVD_BIDPEROFFER1_202311010000.parquet/part.394.parquet
2025-03-19 18:56:42,303 - WARNING - Empty DataFrame will be written.
2025-03-19 18:56:42,448 - INFO - Read 0 rows from s3://thesis--ec331-s3/FCAS_RAISE1SEC-Volume-Bids/PUBLIC_DVD_BIDPEROFFER1_202311010000.parquet/part.395.parquet
2025-03-19 18:56:42,451 - INFO - Wrote original 0 rows to s3://thesis--ec331-s3/de-duped-volume-bids/PUBLIC_DVD_BIDPEROFFER1_202311010000.parquet/part.392.parquet
2025-03-19 18:56:42,454 - INFO - No duplicates found in s3://thesis--ec331-s3/FCAS_RAISE1SEC-Volume-Bids/PUBLIC_DVD_BIDPEROFFER1_202311010000.parquet/part.395.parquet
2025-03-19 18:56:42,542 - INFO - Processing: s3://thesis--ec331-s3/FCAS_RAISE1SEC-Volume-Bids/PUBLIC_DVD_BIDPEROFFER1_202311010000.parquet/part.396.parquet
2025-03-19 18:56:42,545 - INFO - Wrote original 0 rows to s3://thesis--ec331-s3/de-duped-volume-bids/PUBLIC_DVD_BIDPEROFFER1_202311010000.parquet/part.393.parquet
2025-03-19 18:56:42,546 - WARNING - Empty DataFrame will be written.
2025-03-19 18:56:42,547 - INFO - Target: s3://thesis--ec331-s3/de-duped-volume-bids/PUBLIC_DVD_BIDPEROFFER1_202311010000.parquet/part.396.parquet
2025-03-19 18:56:42,630 - INFO - Processing: s3://thesis--ec331-s3/FCAS_RAISE1SEC-Volume-Bids/PUBLIC_DVD_BIDPEROFFER1_202311010000.parquet/part.397.parquet
2025-03-19 18:56:42,653 - INFO - Target: s3://thesis--ec331-s3/de-duped-volume-bids/PUBLIC_DVD_BIDPEROFFER1_202311010000.parquet/part.397.parquet
2025-03-19 18:56:42,707 - INFO - Wrote original 0 rows to s3://thesis--ec331-s3/de-duped-volume-bids/PUBLIC_DVD_BIDPEROFFER1_202311010000.parquet/part.394.parquet
2025-03-19 18:56:42,793 - INFO - Processing: s3://thesis--ec331-s3/FCAS_RAISE1SEC-Volume-Bids/PUBLIC_DVD_BIDPEROFFER1_202311010000.parquet/part.398.parquet
2025-03-19 18:56:42,795 - INFO - Target: s3://thesis--ec331-s3/de-duped-volume-bids/PUBLIC_DVD_BIDPEROFFER1_202311010000.parquet/part.398.parquet
2025-03-19 18:56:42,969 - INFO - Wrote original 0 rows to s3://thesis--ec331-s3/de-duped-volume-bids/PUBLIC_DVD_BIDPEROFFER1_202311010000.parquet/part.395.parquet
2025-03-19 18:56:43,058 - INFO - Processing: s3://thesis--ec331-s3/FCAS_RAISE1SEC-Volume-Bids/PUBLIC_DVD_BIDPEROFFER1_202311010000.parquet/part.399.parquet
2025-03-19 18:56:43,068 - INFO - Target: s3://thesis--ec331-s3/de-duped-volume-bids/PUBLIC_DVD_BIDPEROFFER1_202311010000.parquet/part.399.parquet
2025-03-19 18:56:43,096 - INFO - Read 0 rows from s3://thesis--ec331-s3/FCAS_RAISE1SEC-Volume-Bids/PUBLIC_DVD_BIDPEROFFER1_202311010000.parquet/part.397.parquet
2025-03-19 18:56:43,104 - INFO - No duplicates found in s3://thesis--ec331-s3/FCAS_RAISE1SEC-Volume-Bids/PUBLIC_DVD_BIDPEROFFER1_202311010000.parquet/part.397.parquet
2025-03-19 18:56:43,106 - INFO - Read 0 rows from s3://thesis--ec331-s3/FCAS_RAISE1SEC-Volume-Bids/PUBLIC_DVD_BIDPEROFFER1_202311010000.parquet/part.396.parquet
2025-03-19 18:56:43,107 - WARNING - Empty DataFrame will be written.
2025-03-19 18:56:43,111 - INFO - No duplicates found in s3://thesis--ec331-s3/FCAS_RAISE1SEC-Volume-Bids/PUBLIC_DVD_BIDPEROFFER1_202311010000.parquet/part.396.parquet
2025-03-19 18:56:43,123 - WARNING - Empty DataFrame will be written.
2025-03-19 18:56:43,162 - INFO - Read 0 rows from s3://thesis--ec331-s3/FCAS_RAISE1SEC-Volume-Bids/PUBLIC_DVD_BIDPEROFFER1_202311010000.parquet/part.398.parquet
2025-03-19 18:56:43,166 - INFO - No duplicates found in s3://thesis--ec331-s3/FCAS_RAISE1SEC-Volume-Bids/PUBLIC_DVD_BIDPEROFFER1_202311010000.parquet/part.398.parquet
2025-03-19 18:56:43,168 - WARNING - Empty DataFrame will be written.
2025-03-19 18:56:43,336 - INFO - Read 0 rows from s3://thesis--ec331-s3/FCAS_RAISE1SEC-Volume-Bids/PUBLIC_DVD_BIDPEROFFER1_202311010000.parquet/part.399.parquet
2025-03-19 18:56:43,339 - INFO - No duplicates found in s3://thesis--ec331-s3/FCAS_RAISE1SEC-Volume-Bids/PUBLIC_DVD_BIDPEROFFER1_202311010000.parquet/part.399.parquet
2025-03-19 18:56:43,340 - WARNING - Empty DataFrame will be written.
2025-03-19 18:56:43,395 - INFO - Wrote original 0 rows to s3://thesis--ec331-s3/de-duped-volume-bids/PUBLIC_DVD_BIDPEROFFER1_202311010000.parquet/part.397.parquet
2025-03-19 18:56:43,484 - INFO - Processing: s3://thesis--ec331-s3/FCAS_RAISE1SEC-Volume-Bids/PUBLIC_DVD_BIDPEROFFER1_202311010000.parquet/part.4.parquet
2025-03-19 18:56:43,489 - INFO - Wrote original 0 rows to s3://thesis--ec331-s3/de-duped-volume-bids/PUBLIC_DVD_BIDPEROFFER1_202311010000.parquet/part.398.parquet
2025-03-19 18:56:43,490 - INFO - Target: s3://thesis--ec331-s3/de-duped-volume-bids/PUBLIC_DVD_BIDPEROFFER1_202311010000.parquet/part.4.parquet
2025-03-19 18:56:43,574 - INFO - Processing: s3://thesis--ec331-s3/FCAS_RAISE1SEC-Volume-Bids/PUBLIC_DVD_BIDPEROFFER1_202311010000.parquet/part.40.parquet
2025-03-19 18:56:43,578 - INFO - Wrote original 0 rows to s3://thesis--ec331-s3/de-duped-volume-bids/PUBLIC_DVD_BIDPEROFFER1_202311010000.parquet/part.396.parquet
2025-03-19 18:56:43,591 - INFO - Target: s3://thesis--ec331-s3/de-duped-volume-bids/PUBLIC_DVD_BIDPEROFFER1_202311010000.parquet/part.40.parquet
2025-03-19 18:56:43,685 - INFO - Processing: s3://thesis--ec331-s3/FCAS_RAISE1SEC-Volume-Bids/PUBLIC_DVD_BIDPEROFFER1_202311010000.parquet/part.400.parquet
2025-03-19 18:56:43,690 - INFO - Target: s3://thesis--ec331-s3/de-duped-volume-bids/PUBLIC_DVD_BIDPEROFFER1_202311010000.parquet/part.400.parquet
2025-03-19 18:56:43,829 - INFO - Wrote original 0 rows to s3://thesis--ec331-s3/de-duped-volume-bids/PUBLIC_DVD_BIDPEROFFER1_202311010000.parquet/part.399.parquet
2025-03-19 18:56:43,927 - INFO - Processing: s3://thesis--ec331-s3/FCAS_RAISE1SEC-Volume-Bids/PUBLIC_DVD_BIDPEROFFER1_202311010000.parquet/part.401.parquet
2025-03-19 18:56:43,933 - INFO - Target: s3://thesis--ec331-s3/de-duped-volume-bids/PUBLIC_DVD_BIDPEROFFER1_202311010000.parquet/part.401.parquet
2025-03-19 18:56:43,997 - INFO - Read 0 rows from s3://thesis--ec331-s3/FCAS_RAISE1SEC-Volume-Bids/PUBLIC_DVD_BIDPEROFFER1_202311010000.parquet/part.4.parquet
2025-03-19 18:56:44,009 - INFO - No duplicates found in s3://thesis--ec331-s3/FCAS_RAISE1SEC-Volume-Bids/PUBLIC_DVD_BIDPEROFFER1_202311010000.parquet/part.4.parquet
2025-03-19 18:56:44,010 - WARNING - Empty DataFrame will be written.
2025-03-19 18:56:44,047 - INFO - Read 0 rows from s3://thesis--ec331-s3/FCAS_RAISE1SEC-Volume-Bids/PUBLIC_DVD_BIDPEROFFER1_202311010000.parquet/part.400.parquet
2025-03-19 18:56:44,051 - INFO - No duplicates found in s3://thesis--ec331-s3/FCAS_RAISE1SEC-Volume-Bids/PUBLIC_DVD_BIDPEROFFER1_202311010000.parquet/part.400.parquet
2025-03-19 18:56:44,052 - WARNING - Empty DataFrame will be written.
2025-03-19 18:56:44,070 - INFO - Read 0 rows from s3://thesis--ec331-s3/FCAS_RAISE1SEC-Volume-Bids/PUBLIC_DVD_BIDPEROFFER1_202311010000.parquet/part.40.parquet
2025-03-19 18:56:44,081 - INFO - No duplicates found in s3://thesis--ec331-s3/FCAS_RAISE1SEC-Volume-Bids/PUBLIC_DVD_BIDPEROFFER1_202311010000.parquet/part.40.parquet
2025-03-19 18:56:44,082 - WARNING - Empty DataFrame will be written.
2025-03-19 18:56:44,193 - INFO - Read 0 rows from s3://thesis--ec331-s3/FCAS_RAISE1SEC-Volume-Bids/PUBLIC_DVD_BIDPEROFFER1_202311010000.parquet/part.401.parquet
2025-03-19 18:56:44,201 - INFO - No duplicates found in s3://thesis--ec331-s3/FCAS_RAISE1SEC-Volume-Bids/PUBLIC_DVD_BIDPEROFFER1_202311010000.parquet/part.401.parquet
2025-03-19 18:56:44,204 - WARNING - Empty DataFrame will be written.
2025-03-19 18:56:44,273 - INFO - Wrote original 0 rows to s3://thesis--ec331-s3/de-duped-volume-bids/PUBLIC_DVD_BIDPEROFFER1_202311010000.parquet/part.4.parquet
2025-03-19 18:56:44,372 - INFO - Processing: s3://thesis--ec331-s3/FCAS_RAISE1SEC-Volume-Bids/PUBLIC_DVD_BIDPEROFFER1_202311010000.parquet/part.402.parquet
2025-03-19 18:56:44,374 - INFO - Target: s3://thesis--ec331-s3/de-duped-volume-bids/PUBLIC_DVD_BIDPEROFFER1_202311010000.parquet/part.402.parquet
2025-03-19 18:56:44,401 - INFO - Wrote original 0 rows to s3://thesis--ec331-s3/de-duped-volume-bids/PUBLIC_DVD_BIDPEROFFER1_202311010000.parquet/part.400.parquet
2025-03-19 18:56:44,497 - INFO - Processing: s3://thesis--ec331-s3/FCAS_RAISE1SEC-Volume-Bids/PUBLIC_DVD_BIDPEROFFER1_202311010000.parquet/part.403.parquet
2025-03-19 18:56:44,498 - INFO - Target: s3://thesis--ec331-s3/de-duped-volume-bids/PUBLIC_DVD_BIDPEROFFER1_202311010000.parquet/part.403.parquet
2025-03-19 18:56:44,532 - INFO - Wrote original 0 rows to s3://thesis--ec331-s3/de-duped-volume-bids/PUBLIC_DVD_BIDPEROFFER1_202311010000.parquet/part.40.parquet
2025-03-19 18:56:44,624 - INFO - Processing: s3://thesis--ec331-s3/FCAS_RAISE1SEC-Volume-Bids/PUBLIC_DVD_BIDPEROFFER1_202311010000.parquet/part.404.parquet
2025-03-19 18:56:44,627 - INFO - Target: s3://thesis--ec331-s3/de-duped-volume-bids/PUBLIC_DVD_BIDPEROFFER1_202311010000.parquet/part.404.parquet
2025-03-19 18:56:44,629 - INFO - Wrote original 0 rows to s3://thesis--ec331-s3/de-duped-volume-bids/PUBLIC_DVD_BIDPEROFFER1_202311010000.parquet/part.401.parquet
2025-03-19 18:56:44,733 - INFO - Processing: s3://thesis--ec331-s3/FCAS_RAISE1SEC-Volume-Bids/PUBLIC_DVD_BIDPEROFFER1_202311010000.parquet/part.405.parquet
2025-03-19 18:56:44,734 - INFO - Target: s3://thesis--ec331-s3/de-duped-volume-bids/PUBLIC_DVD_BIDPEROFFER1_202311010000.parquet/part.405.parquet
2025-03-19 18:56:44,846 - INFO - Read 0 rows from s3://thesis--ec331-s3/FCAS_RAISE1SEC-Volume-Bids/PUBLIC_DVD_BIDPEROFFER1_202311010000.parquet/part.402.parquet
2025-03-19 18:56:44,849 - INFO - No duplicates found in s3://thesis--ec331-s3/FCAS_RAISE1SEC-Volume-Bids/PUBLIC_DVD_BIDPEROFFER1_202311010000.parquet/part.402.parquet
2025-03-19 18:56:44,850 - WARNING - Empty DataFrame will be written.
2025-03-19 18:56:44,924 - INFO - Read 0 rows from s3://thesis--ec331-s3/FCAS_RAISE1SEC-Volume-Bids/PUBLIC_DVD_BIDPEROFFER1_202311010000.parquet/part.403.parquet
2025-03-19 18:56:44,927 - INFO - No duplicates found in s3://thesis--ec331-s3/FCAS_RAISE1SEC-Volume-Bids/PUBLIC_DVD_BIDPEROFFER1_202311010000.parquet/part.403.parquet
2025-03-19 18:56:44,934 - WARNING - Empty DataFrame will be written.
2025-03-19 18:56:44,993 - INFO - Read 0 rows from s3://thesis--ec331-s3/FCAS_RAISE1SEC-Volume-Bids/PUBLIC_DVD_BIDPEROFFER1_202311010000.parquet/part.404.parquet
2025-03-19 18:56:44,999 - INFO - No duplicates found in s3://thesis--ec331-s3/FCAS_RAISE1SEC-Volume-Bids/PUBLIC_DVD_BIDPEROFFER1_202311010000.parquet/part.404.parquet
2025-03-19 18:56:45,000 - WARNING - Empty DataFrame will be written.
2025-03-19 18:56:45,024 - INFO - Read 0 rows from s3://thesis--ec331-s3/FCAS_RAISE1SEC-Volume-Bids/PUBLIC_DVD_BIDPEROFFER1_202311010000.parquet/part.405.parquet
2025-03-19 18:56:45,027 - INFO - No duplicates found in s3://thesis--ec331-s3/FCAS_RAISE1SEC-Volume-Bids/PUBLIC_DVD_BIDPEROFFER1_202311010000.parquet/part.405.parquet
2025-03-19 18:56:45,029 - WARNING - Empty DataFrame will be written.
2025-03-19 18:56:45,119 - INFO - Wrote original 0 rows to s3://thesis--ec331-s3/de-duped-volume-bids/PUBLIC_DVD_BIDPEROFFER1_202311010000.parquet/part.402.parquet
2025-03-19 18:56:45,211 - INFO - Processing: s3://thesis--ec331-s3/FCAS_RAISE1SEC-Volume-Bids/PUBLIC_DVD_BIDPEROFFER1_202311010000.parquet/part.406.parquet
2025-03-19 18:56:45,212 - INFO - Target: s3://thesis--ec331-s3/de-duped-volume-bids/PUBLIC_DVD_BIDPEROFFER1_202311010000.parquet/part.406.parquet
2025-03-19 18:56:45,271 - INFO - Wrote original 0 rows to s3://thesis--ec331-s3/de-duped-volume-bids/PUBLIC_DVD_BIDPEROFFER1_202311010000.parquet/part.403.parquet
2025-03-19 18:56:45,362 - INFO - Processing: s3://thesis--ec331-s3/FCAS_RAISE1SEC-Volume-Bids/PUBLIC_DVD_BIDPEROFFER1_202311010000.parquet/part.407.parquet
2025-03-19 18:56:45,364 - INFO - Target: s3://thesis--ec331-s3/de-duped-volume-bids/PUBLIC_DVD_BIDPEROFFER1_202311010000.parquet/part.407.parquet
2025-03-19 18:56:45,419 - INFO - Wrote original 0 rows to s3://thesis--ec331-s3/de-duped-volume-bids/PUBLIC_DVD_BIDPEROFFER1_202311010000.parquet/part.404.parquet
2025-03-19 18:56:45,422 - INFO - Wrote original 0 rows to s3://thesis--ec331-s3/de-duped-volume-bids/PUBLIC_DVD_BIDPEROFFER1_202311010000.parquet/part.405.parquet
2025-03-19 18:56:45,508 - INFO - Processing: s3://thesis--ec331-s3/FCAS_RAISE1SEC-Volume-Bids/PUBLIC_DVD_BIDPEROFFER1_202311010000.parquet/part.408.parquet
2025-03-19 18:56:45,599 - INFO - Processing: s3://thesis--ec331-s3/FCAS_RAISE1SEC-Volume-Bids/PUBLIC_DVD_BIDPEROFFER1_202311010000.parquet/part.409.parquet
2025-03-19 18:56:45,599 - INFO - Target: s3://thesis--ec331-s3/de-duped-volume-bids/PUBLIC_DVD_BIDPEROFFER1_202311010000.parquet/part.408.parquet
2025-03-19 18:56:45,600 - INFO - Target: s3://thesis--ec331-s3/de-duped-volume-bids/PUBLIC_DVD_BIDPEROFFER1_202311010000.parquet/part.409.parquet
2025-03-19 18:56:45,685 - INFO - Read 0 rows from s3://thesis--ec331-s3/FCAS_RAISE1SEC-Volume-Bids/PUBLIC_DVD_BIDPEROFFER1_202311010000.parquet/part.406.parquet
2025-03-19 18:56:45,688 - INFO - No duplicates found in s3://thesis--ec331-s3/FCAS_RAISE1SEC-Volume-Bids/PUBLIC_DVD_BIDPEROFFER1_202311010000.parquet/part.406.parquet
2025-03-19 18:56:45,689 - WARNING - Empty DataFrame will be written.
2025-03-19 18:56:45,818 - INFO - Read 0 rows from s3://thesis--ec331-s3/FCAS_RAISE1SEC-Volume-Bids/PUBLIC_DVD_BIDPEROFFER1_202311010000.parquet/part.407.parquet
2025-03-19 18:56:45,827 - INFO - No duplicates found in s3://thesis--ec331-s3/FCAS_RAISE1SEC-Volume-Bids/PUBLIC_DVD_BIDPEROFFER1_202311010000.parquet/part.407.parquet
2025-03-19 18:56:45,828 - WARNING - Empty DataFrame will be written.
2025-03-19 18:56:45,882 - INFO - Read 0 rows from s3://thesis--ec331-s3/FCAS_RAISE1SEC-Volume-Bids/PUBLIC_DVD_BIDPEROFFER1_202311010000.parquet/part.408.parquet
2025-03-19 18:56:45,885 - INFO - No duplicates found in s3://thesis--ec331-s3/FCAS_RAISE1SEC-Volume-Bids/PUBLIC_DVD_BIDPEROFFER1_202311010000.parquet/part.408.parquet
2025-03-19 18:56:45,885 - WARNING - Empty DataFrame will be written.
2025-03-19 18:56:45,920 - INFO - Read 0 rows from s3://thesis--ec331-s3/FCAS_RAISE1SEC-Volume-Bids/PUBLIC_DVD_BIDPEROFFER1_202311010000.parquet/part.409.parquet
2025-03-19 18:56:45,925 - INFO - Wrote original 0 rows to s3://thesis--ec331-s3/de-duped-volume-bids/PUBLIC_DVD_BIDPEROFFER1_202311010000.parquet/part.406.parquet
2025-03-19 18:56:45,927 - INFO - No duplicates found in s3://thesis--ec331-s3/FCAS_RAISE1SEC-Volume-Bids/PUBLIC_DVD_BIDPEROFFER1_202311010000.parquet/part.409.parquet
2025-03-19 18:56:46,022 - INFO - Processing: s3://thesis--ec331-s3/FCAS_RAISE1SEC-Volume-Bids/PUBLIC_DVD_BIDPEROFFER1_202311010000.parquet/part.41.parquet
2025-03-19 18:56:46,024 - WARNING - Empty DataFrame will be written.
2025-03-19 18:56:46,025 - INFO - Target: s3://thesis--ec331-s3/de-duped-volume-bids/PUBLIC_DVD_BIDPEROFFER1_202311010000.parquet/part.41.parquet
2025-03-19 18:56:46,160 - INFO - Wrote original 0 rows to s3://thesis--ec331-s3/de-duped-volume-bids/PUBLIC_DVD_BIDPEROFFER1_202311010000.parquet/part.407.parquet
2025-03-19 18:56:46,250 - INFO - Processing: s3://thesis--ec331-s3/FCAS_RAISE1SEC-Volume-Bids/PUBLIC_DVD_BIDPEROFFER1_202311010000.parquet/part.410.parquet
2025-03-19 18:56:46,252 - INFO - Target: s3://thesis--ec331-s3/de-duped-volume-bids/PUBLIC_DVD_BIDPEROFFER1_202311010000.parquet/part.410.parquet
2025-03-19 18:56:46,297 - INFO - Wrote original 0 rows to s3://thesis--ec331-s3/de-duped-volume-bids/PUBLIC_DVD_BIDPEROFFER1_202311010000.parquet/part.408.parquet
2025-03-19 18:56:46,388 - INFO - Processing: s3://thesis--ec331-s3/FCAS_RAISE1SEC-Volume-Bids/PUBLIC_DVD_BIDPEROFFER1_202311010000.parquet/part.411.parquet
2025-03-19 18:56:46,389 - INFO - Target: s3://thesis--ec331-s3/de-duped-volume-bids/PUBLIC_DVD_BIDPEROFFER1_202311010000.parquet/part.411.parquet
2025-03-19 18:56:46,401 - INFO - Wrote original 0 rows to s3://thesis--ec331-s3/de-duped-volume-bids/PUBLIC_DVD_BIDPEROFFER1_202311010000.parquet/part.409.parquet
2025-03-19 18:56:46,496 - INFO - Processing: s3://thesis--ec331-s3/FCAS_RAISE1SEC-Volume-Bids/PUBLIC_DVD_BIDPEROFFER1_202311010000.parquet/part.412.parquet
2025-03-19 18:56:46,502 - INFO - Target: s3://thesis--ec331-s3/de-duped-volume-bids/PUBLIC_DVD_BIDPEROFFER1_202311010000.parquet/part.412.parquet
2025-03-19 18:56:46,559 - INFO - Read 0 rows from s3://thesis--ec331-s3/FCAS_RAISE1SEC-Volume-Bids/PUBLIC_DVD_BIDPEROFFER1_202311010000.parquet/part.41.parquet
2025-03-19 18:56:46,562 - INFO - No duplicates found in s3://thesis--ec331-s3/FCAS_RAISE1SEC-Volume-Bids/PUBLIC_DVD_BIDPEROFFER1_202311010000.parquet/part.41.parquet
2025-03-19 18:56:46,563 - WARNING - Empty DataFrame will be written.
2025-03-19 18:56:46,690 - INFO - Read 0 rows from s3://thesis--ec331-s3/FCAS_RAISE1SEC-Volume-Bids/PUBLIC_DVD_BIDPEROFFER1_202311010000.parquet/part.410.parquet
2025-03-19 18:56:46,693 - INFO - No duplicates found in s3://thesis--ec331-s3/FCAS_RAISE1SEC-Volume-Bids/PUBLIC_DVD_BIDPEROFFER1_202311010000.parquet/part.410.parquet
2025-03-19 18:56:46,694 - WARNING - Empty DataFrame will be written.
2025-03-19 18:56:46,767 - INFO - Read 0 rows from s3://thesis--ec331-s3/FCAS_RAISE1SEC-Volume-Bids/PUBLIC_DVD_BIDPEROFFER1_202311010000.parquet/part.411.parquet
2025-03-19 18:56:46,771 - INFO - No duplicates found in s3://thesis--ec331-s3/FCAS_RAISE1SEC-Volume-Bids/PUBLIC_DVD_BIDPEROFFER1_202311010000.parquet/part.411.parquet
2025-03-19 18:56:46,772 - WARNING - Empty DataFrame will be written.
2025-03-19 18:56:46,788 - INFO - Wrote original 0 rows to s3://thesis--ec331-s3/de-duped-volume-bids/PUBLIC_DVD_BIDPEROFFER1_202311010000.parquet/part.41.parquet
2025-03-19 18:56:46,883 - INFO - Processing: s3://thesis--ec331-s3/FCAS_RAISE1SEC-Volume-Bids/PUBLIC_DVD_BIDPEROFFER1_202311010000.parquet/part.413.parquet
2025-03-19 18:56:46,884 - INFO - Target: s3://thesis--ec331-s3/de-duped-volume-bids/PUBLIC_DVD_BIDPEROFFER1_202311010000.parquet/part.413.parquet
2025-03-19 18:56:46,910 - INFO - Read 0 rows from s3://thesis--ec331-s3/FCAS_RAISE1SEC-Volume-Bids/PUBLIC_DVD_BIDPEROFFER1_202311010000.parquet/part.412.parquet
2025-03-19 18:56:46,915 - INFO - No duplicates found in s3://thesis--ec331-s3/FCAS_RAISE1SEC-Volume-Bids/PUBLIC_DVD_BIDPEROFFER1_202311010000.parquet/part.412.parquet
2025-03-19 18:56:46,916 - WARNING - Empty DataFrame will be written.
2025-03-19 18:56:47,058 - INFO - Wrote original 0 rows to s3://thesis--ec331-s3/de-duped-volume-bids/PUBLIC_DVD_BIDPEROFFER1_202311010000.parquet/part.410.parquet
2025-03-19 18:56:47,151 - INFO - Processing: s3://thesis--ec331-s3/FCAS_RAISE1SEC-Volume-Bids/PUBLIC_DVD_BIDPEROFFER1_202311010000.parquet/part.414.parquet
2025-03-19 18:56:47,158 - INFO - Target: s3://thesis--ec331-s3/de-duped-volume-bids/PUBLIC_DVD_BIDPEROFFER1_202311010000.parquet/part.414.parquet
2025-03-19 18:56:47,219 - INFO - Wrote original 0 rows to s3://thesis--ec331-s3/de-duped-volume-bids/PUBLIC_DVD_BIDPEROFFER1_202311010000.parquet/part.411.parquet
2025-03-19 18:56:47,221 - INFO - Read 0 rows from s3://thesis--ec331-s3/FCAS_RAISE1SEC-Volume-Bids/PUBLIC_DVD_BIDPEROFFER1_202311010000.parquet/part.413.parquet
2025-03-19 18:56:47,309 - INFO - Processing: s3://thesis--ec331-s3/FCAS_RAISE1SEC-Volume-Bids/PUBLIC_DVD_BIDPEROFFER1_202311010000.parquet/part.415.parquet
2025-03-19 18:56:47,312 - INFO - No duplicates found in s3://thesis--ec331-s3/FCAS_RAISE1SEC-Volume-Bids/PUBLIC_DVD_BIDPEROFFER1_202311010000.parquet/part.413.parquet
2025-03-19 18:56:47,314 - INFO - Wrote original 0 rows to s3://thesis--ec331-s3/de-duped-volume-bids/PUBLIC_DVD_BIDPEROFFER1_202311010000.parquet/part.412.parquet
2025-03-19 18:56:47,316 - INFO - Target: s3://thesis--ec331-s3/de-duped-volume-bids/PUBLIC_DVD_BIDPEROFFER1_202311010000.parquet/part.415.parquet
2025-03-19 18:56:47,316 - WARNING - Empty DataFrame will be written.
2025-03-19 18:56:47,404 - INFO - Processing: s3://thesis--ec331-s3/FCAS_RAISE1SEC-Volume-Bids/PUBLIC_DVD_BIDPEROFFER1_202311010000.parquet/part.416.parquet
2025-03-19 18:56:47,429 - INFO - Target: s3://thesis--ec331-s3/de-duped-volume-bids/PUBLIC_DVD_BIDPEROFFER1_202311010000.parquet/part.416.parquet
2025-03-19 18:56:47,571 - INFO - Read 0 rows from s3://thesis--ec331-s3/FCAS_RAISE1SEC-Volume-Bids/PUBLIC_DVD_BIDPEROFFER1_202311010000.parquet/part.414.parquet
2025-03-19 18:56:47,574 - INFO - No duplicates found in s3://thesis--ec331-s3/FCAS_RAISE1SEC-Volume-Bids/PUBLIC_DVD_BIDPEROFFER1_202311010000.parquet/part.414.parquet
2025-03-19 18:56:47,575 - WARNING - Empty DataFrame will be written.
2025-03-19 18:56:47,669 - INFO - Wrote original 0 rows to s3://thesis--ec331-s3/de-duped-volume-bids/PUBLIC_DVD_BIDPEROFFER1_202311010000.parquet/part.413.parquet
2025-03-19 18:56:47,755 - INFO - Processing: s3://thesis--ec331-s3/FCAS_RAISE1SEC-Volume-Bids/PUBLIC_DVD_BIDPEROFFER1_202311010000.parquet/part.417.parquet
2025-03-19 18:56:47,758 - INFO - Target: s3://thesis--ec331-s3/de-duped-volume-bids/PUBLIC_DVD_BIDPEROFFER1_202311010000.parquet/part.417.parquet
2025-03-19 18:56:47,784 - INFO - Read 0 rows from s3://thesis--ec331-s3/FCAS_RAISE1SEC-Volume-Bids/PUBLIC_DVD_BIDPEROFFER1_202311010000.parquet/part.415.parquet
2025-03-19 18:56:47,792 - INFO - Read 0 rows from s3://thesis--ec331-s3/FCAS_RAISE1SEC-Volume-Bids/PUBLIC_DVD_BIDPEROFFER1_202311010000.parquet/part.416.parquet
2025-03-19 18:56:47,795 - INFO - No duplicates found in s3://thesis--ec331-s3/FCAS_RAISE1SEC-Volume-Bids/PUBLIC_DVD_BIDPEROFFER1_202311010000.parquet/part.415.parquet
2025-03-19 18:56:47,797 - INFO - No duplicates found in s3://thesis--ec331-s3/FCAS_RAISE1SEC-Volume-Bids/PUBLIC_DVD_BIDPEROFFER1_202311010000.parquet/part.416.parquet
2025-03-19 18:56:47,798 - WARNING - Empty DataFrame will be written.
2025-03-19 18:56:47,799 - WARNING - Empty DataFrame will be written.
2025-03-19 18:56:47,862 - INFO - Wrote original 0 rows to s3://thesis--ec331-s3/de-duped-volume-bids/PUBLIC_DVD_BIDPEROFFER1_202311010000.parquet/part.414.parquet
2025-03-19 18:56:47,951 - INFO - Processing: s3://thesis--ec331-s3/FCAS_RAISE1SEC-Volume-Bids/PUBLIC_DVD_BIDPEROFFER1_202311010000.parquet/part.418.parquet
2025-03-19 18:56:47,952 - INFO - Target: s3://thesis--ec331-s3/de-duped-volume-bids/PUBLIC_DVD_BIDPEROFFER1_202311010000.parquet/part.418.parquet
2025-03-19 18:56:48,045 - INFO - Read 0 rows from s3://thesis--ec331-s3/FCAS_RAISE1SEC-Volume-Bids/PUBLIC_DVD_BIDPEROFFER1_202311010000.parquet/part.417.parquet
2025-03-19 18:56:48,049 - INFO - No duplicates found in s3://thesis--ec331-s3/FCAS_RAISE1SEC-Volume-Bids/PUBLIC_DVD_BIDPEROFFER1_202311010000.parquet/part.417.parquet
2025-03-19 18:56:48,056 - WARNING - Empty DataFrame will be written.
2025-03-19 18:56:48,091 - INFO - Wrote original 0 rows to s3://thesis--ec331-s3/de-duped-volume-bids/PUBLIC_DVD_BIDPEROFFER1_202311010000.parquet/part.415.parquet
2025-03-19 18:56:48,179 - INFO - Processing: s3://thesis--ec331-s3/FCAS_RAISE1SEC-Volume-Bids/PUBLIC_DVD_BIDPEROFFER1_202311010000.parquet/part.419.parquet
2025-03-19 18:56:48,180 - INFO - Target: s3://thesis--ec331-s3/de-duped-volume-bids/PUBLIC_DVD_BIDPEROFFER1_202311010000.parquet/part.419.parquet
2025-03-19 18:56:48,204 - INFO - Wrote original 0 rows to s3://thesis--ec331-s3/de-duped-volume-bids/PUBLIC_DVD_BIDPEROFFER1_202311010000.parquet/part.416.parquet
2025-03-19 18:56:48,295 - INFO - Processing: s3://thesis--ec331-s3/FCAS_RAISE1SEC-Volume-Bids/PUBLIC_DVD_BIDPEROFFER1_202311010000.parquet/part.42.parquet
2025-03-19 18:56:48,301 - INFO - Target: s3://thesis--ec331-s3/de-duped-volume-bids/PUBLIC_DVD_BIDPEROFFER1_202311010000.parquet/part.42.parquet
2025-03-19 18:56:48,356 - INFO - Read 0 rows from s3://thesis--ec331-s3/FCAS_RAISE1SEC-Volume-Bids/PUBLIC_DVD_BIDPEROFFER1_202311010000.parquet/part.418.parquet
2025-03-19 18:56:48,358 - INFO - Wrote original 0 rows to s3://thesis--ec331-s3/de-duped-volume-bids/PUBLIC_DVD_BIDPEROFFER1_202311010000.parquet/part.417.parquet
2025-03-19 18:56:48,361 - INFO - No duplicates found in s3://thesis--ec331-s3/FCAS_RAISE1SEC-Volume-Bids/PUBLIC_DVD_BIDPEROFFER1_202311010000.parquet/part.418.parquet
2025-03-19 18:56:48,449 - INFO - Processing: s3://thesis--ec331-s3/FCAS_RAISE1SEC-Volume-Bids/PUBLIC_DVD_BIDPEROFFER1_202311010000.parquet/part.420.parquet
2025-03-19 18:56:48,451 - WARNING - Empty DataFrame will be written.
2025-03-19 18:56:48,452 - INFO - Target: s3://thesis--ec331-s3/de-duped-volume-bids/PUBLIC_DVD_BIDPEROFFER1_202311010000.parquet/part.420.parquet
2025-03-19 18:56:48,552 - INFO - Read 0 rows from s3://thesis--ec331-s3/FCAS_RAISE1SEC-Volume-Bids/PUBLIC_DVD_BIDPEROFFER1_202311010000.parquet/part.419.parquet
2025-03-19 18:56:48,556 - INFO - No duplicates found in s3://thesis--ec331-s3/FCAS_RAISE1SEC-Volume-Bids/PUBLIC_DVD_BIDPEROFFER1_202311010000.parquet/part.419.parquet
2025-03-19 18:56:48,557 - WARNING - Empty DataFrame will be written.
2025-03-19 18:56:48,727 - INFO - Read 0 rows from s3://thesis--ec331-s3/FCAS_RAISE1SEC-Volume-Bids/PUBLIC_DVD_BIDPEROFFER1_202311010000.parquet/part.42.parquet
2025-03-19 18:56:48,730 - INFO - No duplicates found in s3://thesis--ec331-s3/FCAS_RAISE1SEC-Volume-Bids/PUBLIC_DVD_BIDPEROFFER1_202311010000.parquet/part.42.parquet
2025-03-19 18:56:48,733 - INFO - Wrote original 0 rows to s3://thesis--ec331-s3/de-duped-volume-bids/PUBLIC_DVD_BIDPEROFFER1_202311010000.parquet/part.418.parquet
2025-03-19 18:56:48,734 - WARNING - Empty DataFrame will be written.
2025-03-19 18:56:48,825 - INFO - Processing: s3://thesis--ec331-s3/FCAS_RAISE1SEC-Volume-Bids/PUBLIC_DVD_BIDPEROFFER1_202311010000.parquet/part.421.parquet
2025-03-19 18:56:48,840 - INFO - Target: s3://thesis--ec331-s3/de-duped-volume-bids/PUBLIC_DVD_BIDPEROFFER1_202311010000.parquet/part.421.parquet
2025-03-19 18:56:48,864 - INFO - Read 0 rows from s3://thesis--ec331-s3/FCAS_RAISE1SEC-Volume-Bids/PUBLIC_DVD_BIDPEROFFER1_202311010000.parquet/part.420.parquet
2025-03-19 18:56:48,867 - INFO - No duplicates found in s3://thesis--ec331-s3/FCAS_RAISE1SEC-Volume-Bids/PUBLIC_DVD_BIDPEROFFER1_202311010000.parquet/part.420.parquet
2025-03-19 18:56:48,868 - WARNING - Empty DataFrame will be written.
2025-03-19 18:56:48,909 - INFO - Wrote original 0 rows to s3://thesis--ec331-s3/de-duped-volume-bids/PUBLIC_DVD_BIDPEROFFER1_202311010000.parquet/part.419.parquet
2025-03-19 18:56:49,005 - INFO - Processing: s3://thesis--ec331-s3/FCAS_RAISE1SEC-Volume-Bids/PUBLIC_DVD_BIDPEROFFER1_202311010000.parquet/part.422.parquet
2025-03-19 18:56:49,008 - INFO - Target: s3://thesis--ec331-s3/de-duped-volume-bids/PUBLIC_DVD_BIDPEROFFER1_202311010000.parquet/part.422.parquet
2025-03-19 18:56:49,181 - INFO - Read 0 rows from s3://thesis--ec331-s3/FCAS_RAISE1SEC-Volume-Bids/PUBLIC_DVD_BIDPEROFFER1_202311010000.parquet/part.421.parquet
2025-03-19 18:56:49,185 - INFO - No duplicates found in s3://thesis--ec331-s3/FCAS_RAISE1SEC-Volume-Bids/PUBLIC_DVD_BIDPEROFFER1_202311010000.parquet/part.421.parquet
2025-03-19 18:56:49,186 - WARNING - Empty DataFrame will be written.
2025-03-19 18:56:49,209 - INFO - Wrote original 0 rows to s3://thesis--ec331-s3/de-duped-volume-bids/PUBLIC_DVD_BIDPEROFFER1_202311010000.parquet/part.420.parquet
2025-03-19 18:56:49,213 - INFO - Wrote original 0 rows to s3://thesis--ec331-s3/de-duped-volume-bids/PUBLIC_DVD_BIDPEROFFER1_202311010000.parquet/part.42.parquet
2025-03-19 18:56:49,308 - INFO - Processing: s3://thesis--ec331-s3/FCAS_RAISE1SEC-Volume-Bids/PUBLIC_DVD_BIDPEROFFER1_202311010000.parquet/part.423.parquet
2025-03-19 18:56:49,409 - INFO - Processing: s3://thesis--ec331-s3/FCAS_RAISE1SEC-Volume-Bids/PUBLIC_DVD_BIDPEROFFER1_202311010000.parquet/part.424.parquet
2025-03-19 18:56:49,409 - INFO - Target: s3://thesis--ec331-s3/de-duped-volume-bids/PUBLIC_DVD_BIDPEROFFER1_202311010000.parquet/part.423.parquet
2025-03-19 18:56:49,415 - INFO - Target: s3://thesis--ec331-s3/de-duped-volume-bids/PUBLIC_DVD_BIDPEROFFER1_202311010000.parquet/part.424.parquet
2025-03-19 18:56:49,453 - INFO - Read 0 rows from s3://thesis--ec331-s3/FCAS_RAISE1SEC-Volume-Bids/PUBLIC_DVD_BIDPEROFFER1_202311010000.parquet/part.422.parquet
2025-03-19 18:56:49,456 - INFO - No duplicates found in s3://thesis--ec331-s3/FCAS_RAISE1SEC-Volume-Bids/PUBLIC_DVD_BIDPEROFFER1_202311010000.parquet/part.422.parquet
2025-03-19 18:56:49,457 - WARNING - Empty DataFrame will be written.
2025-03-19 18:56:49,578 - INFO - Wrote original 0 rows to s3://thesis--ec331-s3/de-duped-volume-bids/PUBLIC_DVD_BIDPEROFFER1_202311010000.parquet/part.421.parquet
2025-03-19 18:56:49,676 - INFO - Processing: s3://thesis--ec331-s3/FCAS_RAISE1SEC-Volume-Bids/PUBLIC_DVD_BIDPEROFFER1_202311010000.parquet/part.425.parquet
2025-03-19 18:56:49,677 - INFO - Target: s3://thesis--ec331-s3/de-duped-volume-bids/PUBLIC_DVD_BIDPEROFFER1_202311010000.parquet/part.425.parquet
2025-03-19 18:56:49,736 - INFO - Wrote original 0 rows to s3://thesis--ec331-s3/de-duped-volume-bids/PUBLIC_DVD_BIDPEROFFER1_202311010000.parquet/part.422.parquet
2025-03-19 18:56:49,834 - INFO - Processing: s3://thesis--ec331-s3/FCAS_RAISE1SEC-Volume-Bids/PUBLIC_DVD_BIDPEROFFER1_202311010000.parquet/part.426.parquet
2025-03-19 18:56:49,841 - INFO - Target: s3://thesis--ec331-s3/de-duped-volume-bids/PUBLIC_DVD_BIDPEROFFER1_202311010000.parquet/part.426.parquet
2025-03-19 18:56:49,868 - INFO - Read 0 rows from s3://thesis--ec331-s3/FCAS_RAISE1SEC-Volume-Bids/PUBLIC_DVD_BIDPEROFFER1_202311010000.parquet/part.424.parquet
2025-03-19 18:56:49,873 - INFO - No duplicates found in s3://thesis--ec331-s3/FCAS_RAISE1SEC-Volume-Bids/PUBLIC_DVD_BIDPEROFFER1_202311010000.parquet/part.424.parquet
2025-03-19 18:56:49,874 - WARNING - Empty DataFrame will be written.
2025-03-19 18:56:49,898 - INFO - Read 0 rows from s3://thesis--ec331-s3/FCAS_RAISE1SEC-Volume-Bids/PUBLIC_DVD_BIDPEROFFER1_202311010000.parquet/part.423.parquet
2025-03-19 18:56:49,901 - INFO - No duplicates found in s3://thesis--ec331-s3/FCAS_RAISE1SEC-Volume-Bids/PUBLIC_DVD_BIDPEROFFER1_202311010000.parquet/part.423.parquet
2025-03-19 18:56:49,903 - WARNING - Empty DataFrame will be written.
2025-03-19 18:56:50,046 - INFO - Read 0 rows from s3://thesis--ec331-s3/FCAS_RAISE1SEC-Volume-Bids/PUBLIC_DVD_BIDPEROFFER1_202311010000.parquet/part.425.parquet
2025-03-19 18:56:50,055 - INFO - No duplicates found in s3://thesis--ec331-s3/FCAS_RAISE1SEC-Volume-Bids/PUBLIC_DVD_BIDPEROFFER1_202311010000.parquet/part.425.parquet
2025-03-19 18:56:50,056 - WARNING - Empty DataFrame will be written.
2025-03-19 18:56:50,137 - INFO - Read 0 rows from s3://thesis--ec331-s3/FCAS_RAISE1SEC-Volume-Bids/PUBLIC_DVD_BIDPEROFFER1_202311010000.parquet/part.426.parquet
2025-03-19 18:56:50,142 - INFO - Wrote original 0 rows to s3://thesis--ec331-s3/de-duped-volume-bids/PUBLIC_DVD_BIDPEROFFER1_202311010000.parquet/part.423.parquet
2025-03-19 18:56:50,144 - INFO - No duplicates found in s3://thesis--ec331-s3/FCAS_RAISE1SEC-Volume-Bids/PUBLIC_DVD_BIDPEROFFER1_202311010000.parquet/part.426.parquet
2025-03-19 18:56:50,241 - INFO - Processing: s3://thesis--ec331-s3/FCAS_RAISE1SEC-Volume-Bids/PUBLIC_DVD_BIDPEROFFER1_202311010000.parquet/part.427.parquet
2025-03-19 18:56:50,244 - INFO - Wrote original 0 rows to s3://thesis--ec331-s3/de-duped-volume-bids/PUBLIC_DVD_BIDPEROFFER1_202311010000.parquet/part.424.parquet
2025-03-19 18:56:50,251 - WARNING - Empty DataFrame will be written.
2025-03-19 18:56:50,252 - INFO - Target: s3://thesis--ec331-s3/de-duped-volume-bids/PUBLIC_DVD_BIDPEROFFER1_202311010000.parquet/part.427.parquet
2025-03-19 18:56:50,347 - INFO - Processing: s3://thesis--ec331-s3/FCAS_RAISE1SEC-Volume-Bids/PUBLIC_DVD_BIDPEROFFER1_202311010000.parquet/part.428.parquet
2025-03-19 18:56:50,366 - INFO - Target: s3://thesis--ec331-s3/de-duped-volume-bids/PUBLIC_DVD_BIDPEROFFER1_202311010000.parquet/part.428.parquet
2025-03-19 18:56:50,478 - INFO - Wrote original 0 rows to s3://thesis--ec331-s3/de-duped-volume-bids/PUBLIC_DVD_BIDPEROFFER1_202311010000.parquet/part.425.parquet
2025-03-19 18:56:50,575 - INFO - Processing: s3://thesis--ec331-s3/FCAS_RAISE1SEC-Volume-Bids/PUBLIC_DVD_BIDPEROFFER1_202311010000.parquet/part.429.parquet
2025-03-19 18:56:50,577 - INFO - Target: s3://thesis--ec331-s3/de-duped-volume-bids/PUBLIC_DVD_BIDPEROFFER1_202311010000.parquet/part.429.parquet
2025-03-19 18:56:50,662 - INFO - Read 0 rows from s3://thesis--ec331-s3/FCAS_RAISE1SEC-Volume-Bids/PUBLIC_DVD_BIDPEROFFER1_202311010000.parquet/part.428.parquet
2025-03-19 18:56:50,672 - INFO - No duplicates found in s3://thesis--ec331-s3/FCAS_RAISE1SEC-Volume-Bids/PUBLIC_DVD_BIDPEROFFER1_202311010000.parquet/part.428.parquet
2025-03-19 18:56:50,674 - WARNING - Empty DataFrame will be written.
2025-03-19 18:56:50,701 - INFO - Read 0 rows from s3://thesis--ec331-s3/FCAS_RAISE1SEC-Volume-Bids/PUBLIC_DVD_BIDPEROFFER1_202311010000.parquet/part.427.parquet
2025-03-19 18:56:50,704 - INFO - No duplicates found in s3://thesis--ec331-s3/FCAS_RAISE1SEC-Volume-Bids/PUBLIC_DVD_BIDPEROFFER1_202311010000.parquet/part.427.parquet
2025-03-19 18:56:50,705 - WARNING - Empty DataFrame will be written.
2025-03-19 18:56:50,722 - INFO - Wrote original 0 rows to s3://thesis--ec331-s3/de-duped-volume-bids/PUBLIC_DVD_BIDPEROFFER1_202311010000.parquet/part.426.parquet
2025-03-19 18:56:50,812 - INFO - Processing: s3://thesis--ec331-s3/FCAS_RAISE1SEC-Volume-Bids/PUBLIC_DVD_BIDPEROFFER1_202311010000.parquet/part.43.parquet
2025-03-19 18:56:50,814 - INFO - Target: s3://thesis--ec331-s3/de-duped-volume-bids/PUBLIC_DVD_BIDPEROFFER1_202311010000.parquet/part.43.parquet
2025-03-19 18:56:50,924 - INFO - Read 0 rows from s3://thesis--ec331-s3/FCAS_RAISE1SEC-Volume-Bids/PUBLIC_DVD_BIDPEROFFER1_202311010000.parquet/part.429.parquet
2025-03-19 18:56:50,934 - INFO - No duplicates found in s3://thesis--ec331-s3/FCAS_RAISE1SEC-Volume-Bids/PUBLIC_DVD_BIDPEROFFER1_202311010000.parquet/part.429.parquet
2025-03-19 18:56:50,936 - WARNING - Empty DataFrame will be written.
2025-03-19 18:56:51,069 - INFO - Read 0 rows from s3://thesis--ec331-s3/FCAS_RAISE1SEC-Volume-Bids/PUBLIC_DVD_BIDPEROFFER1_202311010000.parquet/part.43.parquet
2025-03-19 18:56:51,072 - INFO - No duplicates found in s3://thesis--ec331-s3/FCAS_RAISE1SEC-Volume-Bids/PUBLIC_DVD_BIDPEROFFER1_202311010000.parquet/part.43.parquet
2025-03-19 18:56:51,073 - WARNING - Empty DataFrame will be written.
2025-03-19 18:56:51,080 - INFO - Wrote original 0 rows to s3://thesis--ec331-s3/de-duped-volume-bids/PUBLIC_DVD_BIDPEROFFER1_202311010000.parquet/part.428.parquet
2025-03-19 18:56:51,182 - INFO - Processing: s3://thesis--ec331-s3/FCAS_RAISE1SEC-Volume-Bids/PUBLIC_DVD_BIDPEROFFER1_202311010000.parquet/part.430.parquet
2025-03-19 18:56:51,186 - INFO - Wrote original 0 rows to s3://thesis--ec331-s3/de-duped-volume-bids/PUBLIC_DVD_BIDPEROFFER1_202311010000.parquet/part.427.parquet
2025-03-19 18:56:51,189 - INFO - Target: s3://thesis--ec331-s3/de-duped-volume-bids/PUBLIC_DVD_BIDPEROFFER1_202311010000.parquet/part.430.parquet
2025-03-19 18:56:51,278 - INFO - Processing: s3://thesis--ec331-s3/FCAS_RAISE1SEC-Volume-Bids/PUBLIC_DVD_BIDPEROFFER1_202311010000.parquet/part.431.parquet
2025-03-19 18:56:51,290 - INFO - Target: s3://thesis--ec331-s3/de-duped-volume-bids/PUBLIC_DVD_BIDPEROFFER1_202311010000.parquet/part.431.parquet
2025-03-19 18:56:51,331 - INFO - Wrote original 0 rows to s3://thesis--ec331-s3/de-duped-volume-bids/PUBLIC_DVD_BIDPEROFFER1_202311010000.parquet/part.429.parquet
2025-03-19 18:56:51,418 - INFO - Processing: s3://thesis--ec331-s3/FCAS_RAISE1SEC-Volume-Bids/PUBLIC_DVD_BIDPEROFFER1_202311010000.parquet/part.432.parquet
2025-03-19 18:56:51,420 - INFO - Target: s3://thesis--ec331-s3/de-duped-volume-bids/PUBLIC_DVD_BIDPEROFFER1_202311010000.parquet/part.432.parquet
2025-03-19 18:56:51,585 - INFO - Wrote original 0 rows to s3://thesis--ec331-s3/de-duped-volume-bids/PUBLIC_DVD_BIDPEROFFER1_202311010000.parquet/part.43.parquet
2025-03-19 18:56:51,681 - INFO - Processing: s3://thesis--ec331-s3/FCAS_RAISE1SEC-Volume-Bids/PUBLIC_DVD_BIDPEROFFER1_202311010000.parquet/part.433.parquet
2025-03-19 18:56:51,686 - INFO - Target: s3://thesis--ec331-s3/de-duped-volume-bids/PUBLIC_DVD_BIDPEROFFER1_202311010000.parquet/part.433.parquet
2025-03-19 18:56:51,710 - INFO - Read 0 rows from s3://thesis--ec331-s3/FCAS_RAISE1SEC-Volume-Bids/PUBLIC_DVD_BIDPEROFFER1_202311010000.parquet/part.431.parquet
2025-03-19 18:56:51,724 - INFO - No duplicates found in s3://thesis--ec331-s3/FCAS_RAISE1SEC-Volume-Bids/PUBLIC_DVD_BIDPEROFFER1_202311010000.parquet/part.431.parquet
2025-03-19 18:56:51,726 - INFO - Read 0 rows from s3://thesis--ec331-s3/FCAS_RAISE1SEC-Volume-Bids/PUBLIC_DVD_BIDPEROFFER1_202311010000.parquet/part.430.parquet
2025-03-19 18:56:51,727 - WARNING - Empty DataFrame will be written.
2025-03-19 18:56:51,730 - INFO - No duplicates found in s3://thesis--ec331-s3/FCAS_RAISE1SEC-Volume-Bids/PUBLIC_DVD_BIDPEROFFER1_202311010000.parquet/part.430.parquet
2025-03-19 18:56:51,742 - WARNING - Empty DataFrame will be written.
2025-03-19 18:56:51,798 - INFO - Read 0 rows from s3://thesis--ec331-s3/FCAS_RAISE1SEC-Volume-Bids/PUBLIC_DVD_BIDPEROFFER1_202311010000.parquet/part.432.parquet
2025-03-19 18:56:51,802 - INFO - No duplicates found in s3://thesis--ec331-s3/FCAS_RAISE1SEC-Volume-Bids/PUBLIC_DVD_BIDPEROFFER1_202311010000.parquet/part.432.parquet
2025-03-19 18:56:51,803 - WARNING - Empty DataFrame will be written.
2025-03-19 18:56:51,964 - INFO - Read 0 rows from s3://thesis--ec331-s3/FCAS_RAISE1SEC-Volume-Bids/PUBLIC_DVD_BIDPEROFFER1_202311010000.parquet/part.433.parquet
2025-03-19 18:56:51,967 - INFO - No duplicates found in s3://thesis--ec331-s3/FCAS_RAISE1SEC-Volume-Bids/PUBLIC_DVD_BIDPEROFFER1_202311010000.parquet/part.433.parquet
2025-03-19 18:56:51,968 - WARNING - Empty DataFrame will be written.
2025-03-19 18:56:52,010 - INFO - Wrote original 0 rows to s3://thesis--ec331-s3/de-duped-volume-bids/PUBLIC_DVD_BIDPEROFFER1_202311010000.parquet/part.431.parquet
2025-03-19 18:56:52,106 - INFO - Processing: s3://thesis--ec331-s3/FCAS_RAISE1SEC-Volume-Bids/PUBLIC_DVD_BIDPEROFFER1_202311010000.parquet/part.434.parquet
2025-03-19 18:56:52,109 - INFO - Wrote original 0 rows to s3://thesis--ec331-s3/de-duped-volume-bids/PUBLIC_DVD_BIDPEROFFER1_202311010000.parquet/part.430.parquet
2025-03-19 18:56:52,112 - INFO - Target: s3://thesis--ec331-s3/de-duped-volume-bids/PUBLIC_DVD_BIDPEROFFER1_202311010000.parquet/part.434.parquet
2025-03-19 18:56:52,114 - INFO - Wrote original 0 rows to s3://thesis--ec331-s3/de-duped-volume-bids/PUBLIC_DVD_BIDPEROFFER1_202311010000.parquet/part.432.parquet
2025-03-19 18:56:52,203 - INFO - Processing: s3://thesis--ec331-s3/FCAS_RAISE1SEC-Volume-Bids/PUBLIC_DVD_BIDPEROFFER1_202311010000.parquet/part.435.parquet
2025-03-19 18:56:52,300 - INFO - Processing: s3://thesis--ec331-s3/FCAS_RAISE1SEC-Volume-Bids/PUBLIC_DVD_BIDPEROFFER1_202311010000.parquet/part.436.parquet
2025-03-19 18:56:52,308 - INFO - Target: s3://thesis--ec331-s3/de-duped-volume-bids/PUBLIC_DVD_BIDPEROFFER1_202311010000.parquet/part.435.parquet
2025-03-19 18:56:52,309 - INFO - Target: s3://thesis--ec331-s3/de-duped-volume-bids/PUBLIC_DVD_BIDPEROFFER1_202311010000.parquet/part.436.parquet
2025-03-19 18:56:52,447 - INFO - Wrote original 0 rows to s3://thesis--ec331-s3/de-duped-volume-bids/PUBLIC_DVD_BIDPEROFFER1_202311010000.parquet/part.433.parquet
2025-03-19 18:56:52,537 - INFO - Processing: s3://thesis--ec331-s3/FCAS_RAISE1SEC-Volume-Bids/PUBLIC_DVD_BIDPEROFFER1_202311010000.parquet/part.437.parquet
2025-03-19 18:56:52,539 - INFO - Target: s3://thesis--ec331-s3/de-duped-volume-bids/PUBLIC_DVD_BIDPEROFFER1_202311010000.parquet/part.437.parquet
2025-03-19 18:56:52,624 - INFO - Read 0 rows from s3://thesis--ec331-s3/FCAS_RAISE1SEC-Volume-Bids/PUBLIC_DVD_BIDPEROFFER1_202311010000.parquet/part.434.parquet
2025-03-19 18:56:52,627 - INFO - No duplicates found in s3://thesis--ec331-s3/FCAS_RAISE1SEC-Volume-Bids/PUBLIC_DVD_BIDPEROFFER1_202311010000.parquet/part.434.parquet
2025-03-19 18:56:52,628 - WARNING - Empty DataFrame will be written.
2025-03-19 18:56:52,655 - INFO - Read 0 rows from s3://thesis--ec331-s3/FCAS_RAISE1SEC-Volume-Bids/PUBLIC_DVD_BIDPEROFFER1_202311010000.parquet/part.435.parquet
2025-03-19 18:56:52,658 - INFO - No duplicates found in s3://thesis--ec331-s3/FCAS_RAISE1SEC-Volume-Bids/PUBLIC_DVD_BIDPEROFFER1_202311010000.parquet/part.435.parquet
2025-03-19 18:56:52,660 - WARNING - Empty DataFrame will be written.
2025-03-19 18:56:52,691 - INFO - Read 0 rows from s3://thesis--ec331-s3/FCAS_RAISE1SEC-Volume-Bids/PUBLIC_DVD_BIDPEROFFER1_202311010000.parquet/part.436.parquet
2025-03-19 18:56:52,694 - INFO - No duplicates found in s3://thesis--ec331-s3/FCAS_RAISE1SEC-Volume-Bids/PUBLIC_DVD_BIDPEROFFER1_202311010000.parquet/part.436.parquet
2025-03-19 18:56:52,695 - WARNING - Empty DataFrame will be written.
2025-03-19 18:56:52,774 - INFO - Read 0 rows from s3://thesis--ec331-s3/FCAS_RAISE1SEC-Volume-Bids/PUBLIC_DVD_BIDPEROFFER1_202311010000.parquet/part.437.parquet
2025-03-19 18:56:52,776 - INFO - No duplicates found in s3://thesis--ec331-s3/FCAS_RAISE1SEC-Volume-Bids/PUBLIC_DVD_BIDPEROFFER1_202311010000.parquet/part.437.parquet
2025-03-19 18:56:52,777 - WARNING - Empty DataFrame will be written.
2025-03-19 18:56:52,898 - INFO - Wrote original 0 rows to s3://thesis--ec331-s3/de-duped-volume-bids/PUBLIC_DVD_BIDPEROFFER1_202311010000.parquet/part.434.parquet
2025-03-19 18:56:52,992 - INFO - Processing: s3://thesis--ec331-s3/FCAS_RAISE1SEC-Volume-Bids/PUBLIC_DVD_BIDPEROFFER1_202311010000.parquet/part.438.parquet
2025-03-19 18:56:52,995 - INFO - Target: s3://thesis--ec331-s3/de-duped-volume-bids/PUBLIC_DVD_BIDPEROFFER1_202311010000.parquet/part.438.parquet
2025-03-19 18:56:53,018 - INFO - Wrote original 0 rows to s3://thesis--ec331-s3/de-duped-volume-bids/PUBLIC_DVD_BIDPEROFFER1_202311010000.parquet/part.436.parquet
2025-03-19 18:56:53,110 - INFO - Wrote original 0 rows to s3://thesis--ec331-s3/de-duped-volume-bids/PUBLIC_DVD_BIDPEROFFER1_202311010000.parquet/part.435.parquet
2025-03-19 18:56:53,110 - INFO - Processing: s3://thesis--ec331-s3/FCAS_RAISE1SEC-Volume-Bids/PUBLIC_DVD_BIDPEROFFER1_202311010000.parquet/part.439.parquet
2025-03-19 18:56:53,200 - INFO - Processing: s3://thesis--ec331-s3/FCAS_RAISE1SEC-Volume-Bids/PUBLIC_DVD_BIDPEROFFER1_202311010000.parquet/part.44.parquet
2025-03-19 18:56:53,202 - INFO - Wrote original 0 rows to s3://thesis--ec331-s3/de-duped-volume-bids/PUBLIC_DVD_BIDPEROFFER1_202311010000.parquet/part.437.parquet
2025-03-19 18:56:53,203 - INFO - Target: s3://thesis--ec331-s3/de-duped-volume-bids/PUBLIC_DVD_BIDPEROFFER1_202311010000.parquet/part.439.parquet
2025-03-19 18:56:53,205 - INFO - Target: s3://thesis--ec331-s3/de-duped-volume-bids/PUBLIC_DVD_BIDPEROFFER1_202311010000.parquet/part.44.parquet
2025-03-19 18:56:53,299 - INFO - Processing: s3://thesis--ec331-s3/FCAS_RAISE1SEC-Volume-Bids/PUBLIC_DVD_BIDPEROFFER1_202311010000.parquet/part.440.parquet
2025-03-19 18:56:53,319 - INFO - Target: s3://thesis--ec331-s3/de-duped-volume-bids/PUBLIC_DVD_BIDPEROFFER1_202311010000.parquet/part.440.parquet
2025-03-19 18:56:53,496 - INFO - Read 0 rows from s3://thesis--ec331-s3/FCAS_RAISE1SEC-Volume-Bids/PUBLIC_DVD_BIDPEROFFER1_202311010000.parquet/part.438.parquet
2025-03-19 18:56:53,499 - INFO - No duplicates found in s3://thesis--ec331-s3/FCAS_RAISE1SEC-Volume-Bids/PUBLIC_DVD_BIDPEROFFER1_202311010000.parquet/part.438.parquet
2025-03-19 18:56:53,500 - WARNING - Empty DataFrame will be written.
2025-03-19 18:56:53,617 - INFO - Read 0 rows from s3://thesis--ec331-s3/FCAS_RAISE1SEC-Volume-Bids/PUBLIC_DVD_BIDPEROFFER1_202311010000.parquet/part.440.parquet
2025-03-19 18:56:53,620 - INFO - No duplicates found in s3://thesis--ec331-s3/FCAS_RAISE1SEC-Volume-Bids/PUBLIC_DVD_BIDPEROFFER1_202311010000.parquet/part.440.parquet
2025-03-19 18:56:53,621 - WARNING - Empty DataFrame will be written.
2025-03-19 18:56:53,648 - INFO - Read 0 rows from s3://thesis--ec331-s3/FCAS_RAISE1SEC-Volume-Bids/PUBLIC_DVD_BIDPEROFFER1_202311010000.parquet/part.44.parquet
2025-03-19 18:56:53,651 - INFO - No duplicates found in s3://thesis--ec331-s3/FCAS_RAISE1SEC-Volume-Bids/PUBLIC_DVD_BIDPEROFFER1_202311010000.parquet/part.44.parquet
2025-03-19 18:56:53,652 - WARNING - Empty DataFrame will be written.
2025-03-19 18:56:53,683 - INFO - Read 0 rows from s3://thesis--ec331-s3/FCAS_RAISE1SEC-Volume-Bids/PUBLIC_DVD_BIDPEROFFER1_202311010000.parquet/part.439.parquet
2025-03-19 18:56:53,686 - INFO - No duplicates found in s3://thesis--ec331-s3/FCAS_RAISE1SEC-Volume-Bids/PUBLIC_DVD_BIDPEROFFER1_202311010000.parquet/part.439.parquet
2025-03-19 18:56:53,687 - WARNING - Empty DataFrame will be written.
2025-03-19 18:56:53,724 - INFO - Wrote original 0 rows to s3://thesis--ec331-s3/de-duped-volume-bids/PUBLIC_DVD_BIDPEROFFER1_202311010000.parquet/part.438.parquet
2025-03-19 18:56:53,823 - INFO - Processing: s3://thesis--ec331-s3/FCAS_RAISE1SEC-Volume-Bids/PUBLIC_DVD_BIDPEROFFER1_202311010000.parquet/part.441.parquet
2025-03-19 18:56:53,825 - INFO - Target: s3://thesis--ec331-s3/de-duped-volume-bids/PUBLIC_DVD_BIDPEROFFER1_202311010000.parquet/part.441.parquet
2025-03-19 18:56:53,979 - INFO - Wrote original 0 rows to s3://thesis--ec331-s3/de-duped-volume-bids/PUBLIC_DVD_BIDPEROFFER1_202311010000.parquet/part.44.parquet
2025-03-19 18:56:54,071 - INFO - Processing: s3://thesis--ec331-s3/FCAS_RAISE1SEC-Volume-Bids/PUBLIC_DVD_BIDPEROFFER1_202311010000.parquet/part.442.parquet
2025-03-19 18:56:54,076 - INFO - Wrote original 0 rows to s3://thesis--ec331-s3/de-duped-volume-bids/PUBLIC_DVD_BIDPEROFFER1_202311010000.parquet/part.439.parquet
2025-03-19 18:56:54,076 - INFO - Target: s3://thesis--ec331-s3/de-duped-volume-bids/PUBLIC_DVD_BIDPEROFFER1_202311010000.parquet/part.442.parquet
2025-03-19 18:56:54,169 - INFO - Processing: s3://thesis--ec331-s3/FCAS_RAISE1SEC-Volume-Bids/PUBLIC_DVD_BIDPEROFFER1_202311010000.parquet/part.443.parquet
2025-03-19 18:56:54,174 - INFO - Wrote original 0 rows to s3://thesis--ec331-s3/de-duped-volume-bids/PUBLIC_DVD_BIDPEROFFER1_202311010000.parquet/part.440.parquet
2025-03-19 18:56:54,179 - INFO - Target: s3://thesis--ec331-s3/de-duped-volume-bids/PUBLIC_DVD_BIDPEROFFER1_202311010000.parquet/part.443.parquet
2025-03-19 18:56:54,280 - INFO - Processing: s3://thesis--ec331-s3/FCAS_RAISE1SEC-Volume-Bids/PUBLIC_DVD_BIDPEROFFER1_202311010000.parquet/part.444.parquet
2025-03-19 18:56:54,296 - INFO - Target: s3://thesis--ec331-s3/de-duped-volume-bids/PUBLIC_DVD_BIDPEROFFER1_202311010000.parquet/part.444.parquet
2025-03-19 18:56:54,764 - INFO - Read 257,064 rows from s3://thesis--ec331-s3/FCAS_RAISE1SEC-Volume-Bids/PUBLIC_DVD_BIDPEROFFER1_202311010000.parquet/part.441.parquet
2025-03-19 18:56:54,782 - INFO - Read 32,172 rows from s3://thesis--ec331-s3/FCAS_RAISE1SEC-Volume-Bids/PUBLIC_DVD_BIDPEROFFER1_202311010000.parquet/part.444.parquet
2025-03-19 18:56:54,868 - INFO - Found 32,172 rows (100.00%) with duplicate keys
2025-03-19 18:56:54,908 - INFO - Removed 31,884 duplicate rows
2025-03-19 18:56:55,068 - INFO - Found 256,855 rows (99.92%) with duplicate keys
2025-03-19 18:56:55,706 - INFO - Removed 255,991 duplicate rows
2025-03-19 18:56:55,930 - INFO - Read 509,862 rows from s3://thesis--ec331-s3/FCAS_RAISE1SEC-Volume-Bids/PUBLIC_DVD_BIDPEROFFER1_202311010000.parquet/part.442.parquet
2025-03-19 18:56:55,956 - INFO - Read 509,862 rows from s3://thesis--ec331-s3/FCAS_RAISE1SEC-Volume-Bids/PUBLIC_DVD_BIDPEROFFER1_202311010000.parquet/part.443.parquet
2025-03-19 18:56:56,174 - INFO - Wrote 288 rows to s3://thesis--ec331-s3/de-duped-volume-bids/PUBLIC_DVD_BIDPEROFFER1_202311010000.parquet/part.444.parquet
2025-03-19 18:56:56,418 - INFO - Processing: s3://thesis--ec331-s3/FCAS_RAISE1SEC-Volume-Bids/PUBLIC_DVD_BIDPEROFFER1_202311010000.parquet/part.445.parquet
2025-03-19 18:56:56,435 - INFO - Target: s3://thesis--ec331-s3/de-duped-volume-bids/PUBLIC_DVD_BIDPEROFFER1_202311010000.parquet/part.445.parquet
2025-03-19 18:56:56,506 - INFO - Wrote 1,073 rows to s3://thesis--ec331-s3/de-duped-volume-bids/PUBLIC_DVD_BIDPEROFFER1_202311010000.parquet/part.441.parquet
2025-03-19 18:56:56,772 - INFO - Processing: s3://thesis--ec331-s3/FCAS_RAISE1SEC-Volume-Bids/PUBLIC_DVD_BIDPEROFFER1_202311010000.parquet/part.446.parquet
2025-03-19 18:56:56,774 - INFO - Target: s3://thesis--ec331-s3/de-duped-volume-bids/PUBLIC_DVD_BIDPEROFFER1_202311010000.parquet/part.446.parquet
2025-03-19 18:56:56,816 - INFO - Found 509,862 rows (100.00%) with duplicate keys
2025-03-19 18:56:56,856 - INFO - Found 509,862 rows (100.00%) with duplicate keys
2025-03-19 18:56:56,979 - INFO - Removed 507,846 duplicate rows
2025-03-19 18:56:57,002 - INFO - Removed 507,846 duplicate rows
2025-03-19 18:56:57,034 - INFO - Read 0 rows from s3://thesis--ec331-s3/FCAS_RAISE1SEC-Volume-Bids/PUBLIC_DVD_BIDPEROFFER1_202311010000.parquet/part.445.parquet
2025-03-19 18:56:57,038 - INFO - No duplicates found in s3://thesis--ec331-s3/FCAS_RAISE1SEC-Volume-Bids/PUBLIC_DVD_BIDPEROFFER1_202311010000.parquet/part.445.parquet
2025-03-19 18:56:57,045 - WARNING - Empty DataFrame will be written.
2025-03-19 18:56:57,097 - INFO - Read 0 rows from s3://thesis--ec331-s3/FCAS_RAISE1SEC-Volume-Bids/PUBLIC_DVD_BIDPEROFFER1_202311010000.parquet/part.446.parquet
2025-03-19 18:56:57,100 - INFO - No duplicates found in s3://thesis--ec331-s3/FCAS_RAISE1SEC-Volume-Bids/PUBLIC_DVD_BIDPEROFFER1_202311010000.parquet/part.446.parquet
2025-03-19 18:56:57,101 - WARNING - Empty DataFrame will be written.
2025-03-19 18:56:57,306 - INFO - Wrote original 0 rows to s3://thesis--ec331-s3/de-duped-volume-bids/PUBLIC_DVD_BIDPEROFFER1_202311010000.parquet/part.445.parquet
2025-03-19 18:56:57,400 - INFO - Processing: s3://thesis--ec331-s3/FCAS_RAISE1SEC-Volume-Bids/PUBLIC_DVD_BIDPEROFFER1_202311010000.parquet/part.447.parquet
2025-03-19 18:56:57,405 - INFO - Wrote 2,016 rows to s3://thesis--ec331-s3/de-duped-volume-bids/PUBLIC_DVD_BIDPEROFFER1_202311010000.parquet/part.442.parquet
2025-03-19 18:56:57,407 - INFO - Wrote 2,016 rows to s3://thesis--ec331-s3/de-duped-volume-bids/PUBLIC_DVD_BIDPEROFFER1_202311010000.parquet/part.443.parquet
2025-03-19 18:56:57,408 - INFO - Target: s3://thesis--ec331-s3/de-duped-volume-bids/PUBLIC_DVD_BIDPEROFFER1_202311010000.parquet/part.447.parquet
2025-03-19 18:56:57,655 - INFO - Processing: s3://thesis--ec331-s3/FCAS_RAISE1SEC-Volume-Bids/PUBLIC_DVD_BIDPEROFFER1_202311010000.parquet/part.448.parquet
2025-03-19 18:56:57,894 - INFO - Processing: s3://thesis--ec331-s3/FCAS_RAISE1SEC-Volume-Bids/PUBLIC_DVD_BIDPEROFFER1_202311010000.parquet/part.449.parquet
2025-03-19 18:56:57,898 - INFO - Wrote original 0 rows to s3://thesis--ec331-s3/de-duped-volume-bids/PUBLIC_DVD_BIDPEROFFER1_202311010000.parquet/part.446.parquet
2025-03-19 18:56:57,908 - INFO - Target: s3://thesis--ec331-s3/de-duped-volume-bids/PUBLIC_DVD_BIDPEROFFER1_202311010000.parquet/part.448.parquet
2025-03-19 18:56:57,911 - INFO - Target: s3://thesis--ec331-s3/de-duped-volume-bids/PUBLIC_DVD_BIDPEROFFER1_202311010000.parquet/part.449.parquet
2025-03-19 18:56:58,004 - INFO - Processing: s3://thesis--ec331-s3/FCAS_RAISE1SEC-Volume-Bids/PUBLIC_DVD_BIDPEROFFER1_202311010000.parquet/part.45.parquet
2025-03-19 18:56:58,025 - INFO - Target: s3://thesis--ec331-s3/de-duped-volume-bids/PUBLIC_DVD_BIDPEROFFER1_202311010000.parquet/part.45.parquet
2025-03-19 18:56:58,272 - INFO - Read 0 rows from s3://thesis--ec331-s3/FCAS_RAISE1SEC-Volume-Bids/PUBLIC_DVD_BIDPEROFFER1_202311010000.parquet/part.447.parquet
2025-03-19 18:56:58,276 - INFO - No duplicates found in s3://thesis--ec331-s3/FCAS_RAISE1SEC-Volume-Bids/PUBLIC_DVD_BIDPEROFFER1_202311010000.parquet/part.447.parquet
2025-03-19 18:56:58,277 - WARNING - Empty DataFrame will be written.
2025-03-19 18:56:58,305 - INFO - Read 0 rows from s3://thesis--ec331-s3/FCAS_RAISE1SEC-Volume-Bids/PUBLIC_DVD_BIDPEROFFER1_202311010000.parquet/part.448.parquet
2025-03-19 18:56:58,310 - INFO - No duplicates found in s3://thesis--ec331-s3/FCAS_RAISE1SEC-Volume-Bids/PUBLIC_DVD_BIDPEROFFER1_202311010000.parquet/part.448.parquet
2025-03-19 18:56:58,318 - INFO - Read 0 rows from s3://thesis--ec331-s3/FCAS_RAISE1SEC-Volume-Bids/PUBLIC_DVD_BIDPEROFFER1_202311010000.parquet/part.449.parquet
2025-03-19 18:56:58,319 - WARNING - Empty DataFrame will be written.
2025-03-19 18:56:58,321 - INFO - No duplicates found in s3://thesis--ec331-s3/FCAS_RAISE1SEC-Volume-Bids/PUBLIC_DVD_BIDPEROFFER1_202311010000.parquet/part.449.parquet
2025-03-19 18:56:58,339 - WARNING - Empty DataFrame will be written.
2025-03-19 18:56:58,373 - INFO - Read 0 rows from s3://thesis--ec331-s3/FCAS_RAISE1SEC-Volume-Bids/PUBLIC_DVD_BIDPEROFFER1_202311010000.parquet/part.45.parquet
2025-03-19 18:56:58,378 - INFO - No duplicates found in s3://thesis--ec331-s3/FCAS_RAISE1SEC-Volume-Bids/PUBLIC_DVD_BIDPEROFFER1_202311010000.parquet/part.45.parquet
2025-03-19 18:56:58,379 - WARNING - Empty DataFrame will be written.
2025-03-19 18:56:58,584 - INFO - Wrote original 0 rows to s3://thesis--ec331-s3/de-duped-volume-bids/PUBLIC_DVD_BIDPEROFFER1_202311010000.parquet/part.447.parquet
2025-03-19 18:56:58,684 - INFO - Processing: s3://thesis--ec331-s3/FCAS_RAISE1SEC-Volume-Bids/PUBLIC_DVD_BIDPEROFFER1_202311010000.parquet/part.450.parquet
2025-03-19 18:56:58,685 - INFO - Target: s3://thesis--ec331-s3/de-duped-volume-bids/PUBLIC_DVD_BIDPEROFFER1_202311010000.parquet/part.450.parquet
2025-03-19 18:56:58,743 - INFO - Wrote original 0 rows to s3://thesis--ec331-s3/de-duped-volume-bids/PUBLIC_DVD_BIDPEROFFER1_202311010000.parquet/part.45.parquet
2025-03-19 18:56:58,746 - INFO - Wrote original 0 rows to s3://thesis--ec331-s3/de-duped-volume-bids/PUBLIC_DVD_BIDPEROFFER1_202311010000.parquet/part.448.parquet
2025-03-19 18:56:58,750 - INFO - Wrote original 0 rows to s3://thesis--ec331-s3/de-duped-volume-bids/PUBLIC_DVD_BIDPEROFFER1_202311010000.parquet/part.449.parquet
2025-03-19 18:56:58,841 - INFO - Processing: s3://thesis--ec331-s3/FCAS_RAISE1SEC-Volume-Bids/PUBLIC_DVD_BIDPEROFFER1_202311010000.parquet/part.451.parquet
2025-03-19 18:56:58,933 - INFO - Processing: s3://thesis--ec331-s3/FCAS_RAISE1SEC-Volume-Bids/PUBLIC_DVD_BIDPEROFFER1_202311010000.parquet/part.452.parquet
2025-03-19 18:56:59,021 - INFO - Processing: s3://thesis--ec331-s3/FCAS_RAISE1SEC-Volume-Bids/PUBLIC_DVD_BIDPEROFFER1_202311010000.parquet/part.453.parquet
2025-03-19 18:56:59,022 - INFO - Target: s3://thesis--ec331-s3/de-duped-volume-bids/PUBLIC_DVD_BIDPEROFFER1_202311010000.parquet/part.451.parquet
2025-03-19 18:56:59,023 - INFO - Target: s3://thesis--ec331-s3/de-duped-volume-bids/PUBLIC_DVD_BIDPEROFFER1_202311010000.parquet/part.452.parquet
2025-03-19 18:56:59,029 - INFO - Target: s3://thesis--ec331-s3/de-duped-volume-bids/PUBLIC_DVD_BIDPEROFFER1_202311010000.parquet/part.453.parquet
2025-03-19 18:56:59,212 - INFO - Read 0 rows from s3://thesis--ec331-s3/FCAS_RAISE1SEC-Volume-Bids/PUBLIC_DVD_BIDPEROFFER1_202311010000.parquet/part.450.parquet
2025-03-19 18:56:59,215 - INFO - No duplicates found in s3://thesis--ec331-s3/FCAS_RAISE1SEC-Volume-Bids/PUBLIC_DVD_BIDPEROFFER1_202311010000.parquet/part.450.parquet
2025-03-19 18:56:59,216 - WARNING - Empty DataFrame will be written.
2025-03-19 18:56:59,431 - INFO - Wrote original 0 rows to s3://thesis--ec331-s3/de-duped-volume-bids/PUBLIC_DVD_BIDPEROFFER1_202311010000.parquet/part.450.parquet
2025-03-19 18:56:59,568 - INFO - Processing: s3://thesis--ec331-s3/FCAS_RAISE1SEC-Volume-Bids/PUBLIC_DVD_BIDPEROFFER1_202311010000.parquet/part.454.parquet
2025-03-19 18:56:59,584 - INFO - Target: s3://thesis--ec331-s3/de-duped-volume-bids/PUBLIC_DVD_BIDPEROFFER1_202311010000.parquet/part.454.parquet
2025-03-19 18:57:00,020 - INFO - Read 109,436 rows from s3://thesis--ec331-s3/FCAS_RAISE1SEC-Volume-Bids/PUBLIC_DVD_BIDPEROFFER1_202311010000.parquet/part.451.parquet
2025-03-19 18:57:00,530 - INFO - Found 109,436 rows (100.00%) with duplicate keys
2025-03-19 18:57:00,581 - INFO - Removed 108,860 duplicate rows
2025-03-19 18:57:00,708 - INFO - Read 509,871 rows from s3://thesis--ec331-s3/FCAS_RAISE1SEC-Volume-Bids/PUBLIC_DVD_BIDPEROFFER1_202311010000.parquet/part.453.parquet
2025-03-19 18:57:00,732 - INFO - Read 509,861 rows from s3://thesis--ec331-s3/FCAS_RAISE1SEC-Volume-Bids/PUBLIC_DVD_BIDPEROFFER1_202311010000.parquet/part.452.parquet
2025-03-19 18:57:01,226 - INFO - Read 179,792 rows from s3://thesis--ec331-s3/FCAS_RAISE1SEC-Volume-Bids/PUBLIC_DVD_BIDPEROFFER1_202311010000.parquet/part.454.parquet
2025-03-19 18:57:01,315 - INFO - Found 509,871 rows (100.00%) with duplicate keys
2025-03-19 18:57:01,362 - INFO - Wrote 576 rows to s3://thesis--ec331-s3/de-duped-volume-bids/PUBLIC_DVD_BIDPEROFFER1_202311010000.parquet/part.451.parquet
2025-03-19 18:57:01,464 - INFO - Found 509,813 rows (99.99%) with duplicate keys
2025-03-19 18:57:01,580 - INFO - Processing: s3://thesis--ec331-s3/FCAS_RAISE1SEC-Volume-Bids/PUBLIC_DVD_BIDPEROFFER1_202311010000.parquet/part.455.parquet
2025-03-19 18:57:01,593 - INFO - Target: s3://thesis--ec331-s3/de-duped-volume-bids/PUBLIC_DVD_BIDPEROFFER1_202311010000.parquet/part.455.parquet
2025-03-19 18:57:01,652 - INFO - Found 179,792 rows (100.00%) with duplicate keys
2025-03-19 18:57:01,697 - INFO - Removed 508,040 duplicate rows
2025-03-19 18:57:01,716 - INFO - Removed 178,928 duplicate rows
2025-03-19 18:57:01,746 - INFO - Removed 507,925 duplicate rows
2025-03-19 18:57:01,873 - INFO - Read 0 rows from s3://thesis--ec331-s3/FCAS_RAISE1SEC-Volume-Bids/PUBLIC_DVD_BIDPEROFFER1_202311010000.parquet/part.455.parquet
2025-03-19 18:57:01,883 - INFO - No duplicates found in s3://thesis--ec331-s3/FCAS_RAISE1SEC-Volume-Bids/PUBLIC_DVD_BIDPEROFFER1_202311010000.parquet/part.455.parquet
2025-03-19 18:57:01,885 - WARNING - Empty DataFrame will be written.
2025-03-19 18:57:01,953 - INFO - Wrote 1,936 rows to s3://thesis--ec331-s3/de-duped-volume-bids/PUBLIC_DVD_BIDPEROFFER1_202311010000.parquet/part.452.parquet
2025-03-19 18:57:02,206 - INFO - Processing: s3://thesis--ec331-s3/FCAS_RAISE1SEC-Volume-Bids/PUBLIC_DVD_BIDPEROFFER1_202311010000.parquet/part.456.parquet
2025-03-19 18:57:02,207 - INFO - Target: s3://thesis--ec331-s3/de-duped-volume-bids/PUBLIC_DVD_BIDPEROFFER1_202311010000.parquet/part.456.parquet
2025-03-19 18:57:02,278 - INFO - Wrote 864 rows to s3://thesis--ec331-s3/de-duped-volume-bids/PUBLIC_DVD_BIDPEROFFER1_202311010000.parquet/part.454.parquet
2025-03-19 18:57:02,468 - INFO - Wrote 1,831 rows to s3://thesis--ec331-s3/de-duped-volume-bids/PUBLIC_DVD_BIDPEROFFER1_202311010000.parquet/part.453.parquet
2025-03-19 18:57:02,494 - INFO - Processing: s3://thesis--ec331-s3/FCAS_RAISE1SEC-Volume-Bids/PUBLIC_DVD_BIDPEROFFER1_202311010000.parquet/part.457.parquet
2025-03-19 18:57:02,739 - INFO - Processing: s3://thesis--ec331-s3/FCAS_RAISE1SEC-Volume-Bids/PUBLIC_DVD_BIDPEROFFER1_202311010000.parquet/part.458.parquet
2025-03-19 18:57:02,740 - INFO - Target: s3://thesis--ec331-s3/de-duped-volume-bids/PUBLIC_DVD_BIDPEROFFER1_202311010000.parquet/part.457.parquet
2025-03-19 18:57:02,746 - INFO - Target: s3://thesis--ec331-s3/de-duped-volume-bids/PUBLIC_DVD_BIDPEROFFER1_202311010000.parquet/part.458.parquet
2025-03-19 18:57:02,772 - INFO - Wrote original 0 rows to s3://thesis--ec331-s3/de-duped-volume-bids/PUBLIC_DVD_BIDPEROFFER1_202311010000.parquet/part.455.parquet
2025-03-19 18:57:02,873 - INFO - Processing: s3://thesis--ec331-s3/FCAS_RAISE1SEC-Volume-Bids/PUBLIC_DVD_BIDPEROFFER1_202311010000.parquet/part.459.parquet
2025-03-19 18:57:02,874 - INFO - Target: s3://thesis--ec331-s3/de-duped-volume-bids/PUBLIC_DVD_BIDPEROFFER1_202311010000.parquet/part.459.parquet
2025-03-19 18:57:02,955 - INFO - Read 0 rows from s3://thesis--ec331-s3/FCAS_RAISE1SEC-Volume-Bids/PUBLIC_DVD_BIDPEROFFER1_202311010000.parquet/part.456.parquet
2025-03-19 18:57:02,957 - INFO - No duplicates found in s3://thesis--ec331-s3/FCAS_RAISE1SEC-Volume-Bids/PUBLIC_DVD_BIDPEROFFER1_202311010000.parquet/part.456.parquet
2025-03-19 18:57:02,958 - WARNING - Empty DataFrame will be written.
2025-03-19 18:57:03,067 - INFO - Read 0 rows from s3://thesis--ec331-s3/FCAS_RAISE1SEC-Volume-Bids/PUBLIC_DVD_BIDPEROFFER1_202311010000.parquet/part.458.parquet
2025-03-19 18:57:03,076 - INFO - No duplicates found in s3://thesis--ec331-s3/FCAS_RAISE1SEC-Volume-Bids/PUBLIC_DVD_BIDPEROFFER1_202311010000.parquet/part.458.parquet
2025-03-19 18:57:03,077 - WARNING - Empty DataFrame will be written.
2025-03-19 18:57:03,107 - INFO - Read 0 rows from s3://thesis--ec331-s3/FCAS_RAISE1SEC-Volume-Bids/PUBLIC_DVD_BIDPEROFFER1_202311010000.parquet/part.457.parquet
2025-03-19 18:57:03,111 - INFO - No duplicates found in s3://thesis--ec331-s3/FCAS_RAISE1SEC-Volume-Bids/PUBLIC_DVD_BIDPEROFFER1_202311010000.parquet/part.457.parquet
2025-03-19 18:57:03,112 - WARNING - Empty DataFrame will be written.
2025-03-19 18:57:03,144 - INFO - Read 0 rows from s3://thesis--ec331-s3/FCAS_RAISE1SEC-Volume-Bids/PUBLIC_DVD_BIDPEROFFER1_202311010000.parquet/part.459.parquet
2025-03-19 18:57:03,147 - INFO - No duplicates found in s3://thesis--ec331-s3/FCAS_RAISE1SEC-Volume-Bids/PUBLIC_DVD_BIDPEROFFER1_202311010000.parquet/part.459.parquet
2025-03-19 18:57:03,148 - WARNING - Empty DataFrame will be written.
2025-03-19 18:57:03,165 - INFO - Wrote original 0 rows to s3://thesis--ec331-s3/de-duped-volume-bids/PUBLIC_DVD_BIDPEROFFER1_202311010000.parquet/part.456.parquet
2025-03-19 18:57:03,264 - INFO - Processing: s3://thesis--ec331-s3/FCAS_RAISE1SEC-Volume-Bids/PUBLIC_DVD_BIDPEROFFER1_202311010000.parquet/part.46.parquet
2025-03-19 18:57:03,269 - INFO - Target: s3://thesis--ec331-s3/de-duped-volume-bids/PUBLIC_DVD_BIDPEROFFER1_202311010000.parquet/part.46.parquet
2025-03-19 18:57:03,441 - INFO - Wrote original 0 rows to s3://thesis--ec331-s3/de-duped-volume-bids/PUBLIC_DVD_BIDPEROFFER1_202311010000.parquet/part.458.parquet
2025-03-19 18:57:03,534 - INFO - Processing: s3://thesis--ec331-s3/FCAS_RAISE1SEC-Volume-Bids/PUBLIC_DVD_BIDPEROFFER1_202311010000.parquet/part.460.parquet
2025-03-19 18:57:03,535 - INFO - Target: s3://thesis--ec331-s3/de-duped-volume-bids/PUBLIC_DVD_BIDPEROFFER1_202311010000.parquet/part.460.parquet
2025-03-19 18:57:03,600 - INFO - Wrote original 0 rows to s3://thesis--ec331-s3/de-duped-volume-bids/PUBLIC_DVD_BIDPEROFFER1_202311010000.parquet/part.459.parquet
2025-03-19 18:57:03,695 - INFO - Processing: s3://thesis--ec331-s3/FCAS_RAISE1SEC-Volume-Bids/PUBLIC_DVD_BIDPEROFFER1_202311010000.parquet/part.461.parquet
2025-03-19 18:57:03,699 - INFO - Wrote original 0 rows to s3://thesis--ec331-s3/de-duped-volume-bids/PUBLIC_DVD_BIDPEROFFER1_202311010000.parquet/part.457.parquet
2025-03-19 18:57:03,700 - INFO - Target: s3://thesis--ec331-s3/de-duped-volume-bids/PUBLIC_DVD_BIDPEROFFER1_202311010000.parquet/part.461.parquet
2025-03-19 18:57:03,802 - INFO - Processing: s3://thesis--ec331-s3/FCAS_RAISE1SEC-Volume-Bids/PUBLIC_DVD_BIDPEROFFER1_202311010000.parquet/part.462.parquet
2025-03-19 18:57:03,814 - INFO - Target: s3://thesis--ec331-s3/de-duped-volume-bids/PUBLIC_DVD_BIDPEROFFER1_202311010000.parquet/part.462.parquet
2025-03-19 18:57:03,836 - INFO - Read 0 rows from s3://thesis--ec331-s3/FCAS_RAISE1SEC-Volume-Bids/PUBLIC_DVD_BIDPEROFFER1_202311010000.parquet/part.46.parquet
2025-03-19 18:57:03,839 - INFO - No duplicates found in s3://thesis--ec331-s3/FCAS_RAISE1SEC-Volume-Bids/PUBLIC_DVD_BIDPEROFFER1_202311010000.parquet/part.46.parquet
2025-03-19 18:57:03,840 - WARNING - Empty DataFrame will be written.
2025-03-19 18:57:03,947 - INFO - Read 0 rows from s3://thesis--ec331-s3/FCAS_RAISE1SEC-Volume-Bids/PUBLIC_DVD_BIDPEROFFER1_202311010000.parquet/part.460.parquet
2025-03-19 18:57:03,950 - INFO - No duplicates found in s3://thesis--ec331-s3/FCAS_RAISE1SEC-Volume-Bids/PUBLIC_DVD_BIDPEROFFER1_202311010000.parquet/part.460.parquet
2025-03-19 18:57:03,951 - WARNING - Empty DataFrame will be written.
2025-03-19 18:57:04,053 - INFO - Read 0 rows from s3://thesis--ec331-s3/FCAS_RAISE1SEC-Volume-Bids/PUBLIC_DVD_BIDPEROFFER1_202311010000.parquet/part.461.parquet
2025-03-19 18:57:04,056 - INFO - No duplicates found in s3://thesis--ec331-s3/FCAS_RAISE1SEC-Volume-Bids/PUBLIC_DVD_BIDPEROFFER1_202311010000.parquet/part.461.parquet
2025-03-19 18:57:04,057 - WARNING - Empty DataFrame will be written.
2025-03-19 18:57:04,103 - INFO - Wrote original 0 rows to s3://thesis--ec331-s3/de-duped-volume-bids/PUBLIC_DVD_BIDPEROFFER1_202311010000.parquet/part.46.parquet
2025-03-19 18:57:04,198 - INFO - Processing: s3://thesis--ec331-s3/FCAS_RAISE1SEC-Volume-Bids/PUBLIC_DVD_BIDPEROFFER1_202311010000.parquet/part.463.parquet
2025-03-19 18:57:04,201 - INFO - Target: s3://thesis--ec331-s3/de-duped-volume-bids/PUBLIC_DVD_BIDPEROFFER1_202311010000.parquet/part.463.parquet
2025-03-19 18:57:04,254 - INFO - Wrote original 0 rows to s3://thesis--ec331-s3/de-duped-volume-bids/PUBLIC_DVD_BIDPEROFFER1_202311010000.parquet/part.460.parquet
2025-03-19 18:57:04,357 - INFO - Processing: s3://thesis--ec331-s3/FCAS_RAISE1SEC-Volume-Bids/PUBLIC_DVD_BIDPEROFFER1_202311010000.parquet/part.464.parquet
2025-03-19 18:57:04,359 - INFO - Target: s3://thesis--ec331-s3/de-duped-volume-bids/PUBLIC_DVD_BIDPEROFFER1_202311010000.parquet/part.464.parquet
2025-03-19 18:57:04,429 - INFO - Wrote original 0 rows to s3://thesis--ec331-s3/de-duped-volume-bids/PUBLIC_DVD_BIDPEROFFER1_202311010000.parquet/part.461.parquet
2025-03-19 18:57:04,523 - INFO - Processing: s3://thesis--ec331-s3/FCAS_RAISE1SEC-Volume-Bids/PUBLIC_DVD_BIDPEROFFER1_202311010000.parquet/part.465.parquet
2025-03-19 18:57:04,524 - INFO - Target: s3://thesis--ec331-s3/de-duped-volume-bids/PUBLIC_DVD_BIDPEROFFER1_202311010000.parquet/part.465.parquet
2025-03-19 18:57:04,998 - INFO - Read 0 rows from s3://thesis--ec331-s3/FCAS_RAISE1SEC-Volume-Bids/PUBLIC_DVD_BIDPEROFFER1_202311010000.parquet/part.465.parquet
2025-03-19 18:57:05,004 - INFO - No duplicates found in s3://thesis--ec331-s3/FCAS_RAISE1SEC-Volume-Bids/PUBLIC_DVD_BIDPEROFFER1_202311010000.parquet/part.465.parquet
2025-03-19 18:57:05,009 - WARNING - Empty DataFrame will be written.
2025-03-19 18:57:05,023 - INFO - Read 471,660 rows from s3://thesis--ec331-s3/FCAS_RAISE1SEC-Volume-Bids/PUBLIC_DVD_BIDPEROFFER1_202311010000.parquet/part.462.parquet
2025-03-19 18:57:05,933 - INFO - Found 471,660 rows (100.00%) with duplicate keys
2025-03-19 18:57:06,051 - INFO - Wrote original 0 rows to s3://thesis--ec331-s3/de-duped-volume-bids/PUBLIC_DVD_BIDPEROFFER1_202311010000.parquet/part.465.parquet
2025-03-19 18:57:06,152 - INFO - Processing: s3://thesis--ec331-s3/FCAS_RAISE1SEC-Volume-Bids/PUBLIC_DVD_BIDPEROFFER1_202311010000.parquet/part.466.parquet
2025-03-19 18:57:06,155 - INFO - Read 327,441 rows from s3://thesis--ec331-s3/FCAS_RAISE1SEC-Volume-Bids/PUBLIC_DVD_BIDPEROFFER1_202311010000.parquet/part.464.parquet
2025-03-19 18:57:06,160 - INFO - Target: s3://thesis--ec331-s3/de-duped-volume-bids/PUBLIC_DVD_BIDPEROFFER1_202311010000.parquet/part.466.parquet
2025-03-19 18:57:06,225 - INFO - Removed 469,932 duplicate rows
2025-03-19 18:57:06,298 - INFO - Read 509,859 rows from s3://thesis--ec331-s3/FCAS_RAISE1SEC-Volume-Bids/PUBLIC_DVD_BIDPEROFFER1_202311010000.parquet/part.463.parquet
2025-03-19 18:57:06,538 - INFO - Found 327,441 rows (100.00%) with duplicate keys
2025-03-19 18:57:06,619 - INFO - Read 0 rows from s3://thesis--ec331-s3/FCAS_RAISE1SEC-Volume-Bids/PUBLIC_DVD_BIDPEROFFER1_202311010000.parquet/part.466.parquet
2025-03-19 18:57:06,627 - INFO - No duplicates found in s3://thesis--ec331-s3/FCAS_RAISE1SEC-Volume-Bids/PUBLIC_DVD_BIDPEROFFER1_202311010000.parquet/part.466.parquet
2025-03-19 18:57:06,629 - WARNING - Empty DataFrame will be written.
2025-03-19 18:57:06,663 - INFO - Removed 326,289 duplicate rows
2025-03-19 18:57:06,681 - INFO - Found 509,859 rows (100.00%) with duplicate keys
2025-03-19 18:57:06,746 - INFO - Wrote 1,728 rows to s3://thesis--ec331-s3/de-duped-volume-bids/PUBLIC_DVD_BIDPEROFFER1_202311010000.parquet/part.462.parquet
2025-03-19 18:57:07,002 - INFO - Processing: s3://thesis--ec331-s3/FCAS_RAISE1SEC-Volume-Bids/PUBLIC_DVD_BIDPEROFFER1_202311010000.parquet/part.467.parquet
2025-03-19 18:57:07,004 - INFO - Target: s3://thesis--ec331-s3/de-duped-volume-bids/PUBLIC_DVD_BIDPEROFFER1_202311010000.parquet/part.467.parquet
2025-03-19 18:57:07,033 - INFO - Removed 507,843 duplicate rows
2025-03-19 18:57:07,166 - INFO - Wrote 1,152 rows to s3://thesis--ec331-s3/de-duped-volume-bids/PUBLIC_DVD_BIDPEROFFER1_202311010000.parquet/part.464.parquet
2025-03-19 18:57:07,397 - INFO - Processing: s3://thesis--ec331-s3/FCAS_RAISE1SEC-Volume-Bids/PUBLIC_DVD_BIDPEROFFER1_202311010000.parquet/part.468.parquet
2025-03-19 18:57:07,400 - INFO - Wrote original 0 rows to s3://thesis--ec331-s3/de-duped-volume-bids/PUBLIC_DVD_BIDPEROFFER1_202311010000.parquet/part.466.parquet
2025-03-19 18:57:07,401 - INFO - Target: s3://thesis--ec331-s3/de-duped-volume-bids/PUBLIC_DVD_BIDPEROFFER1_202311010000.parquet/part.468.parquet
2025-03-19 18:57:07,492 - INFO - Processing: s3://thesis--ec331-s3/FCAS_RAISE1SEC-Volume-Bids/PUBLIC_DVD_BIDPEROFFER1_202311010000.parquet/part.469.parquet
2025-03-19 18:57:07,511 - INFO - Target: s3://thesis--ec331-s3/de-duped-volume-bids/PUBLIC_DVD_BIDPEROFFER1_202311010000.parquet/part.469.parquet
2025-03-19 18:57:07,546 - INFO - Wrote 2,016 rows to s3://thesis--ec331-s3/de-duped-volume-bids/PUBLIC_DVD_BIDPEROFFER1_202311010000.parquet/part.463.parquet
2025-03-19 18:57:07,806 - INFO - Processing: s3://thesis--ec331-s3/FCAS_RAISE1SEC-Volume-Bids/PUBLIC_DVD_BIDPEROFFER1_202311010000.parquet/part.47.parquet
2025-03-19 18:57:07,807 - INFO - Target: s3://thesis--ec331-s3/de-duped-volume-bids/PUBLIC_DVD_BIDPEROFFER1_202311010000.parquet/part.47.parquet
2025-03-19 18:57:07,840 - INFO - Read 0 rows from s3://thesis--ec331-s3/FCAS_RAISE1SEC-Volume-Bids/PUBLIC_DVD_BIDPEROFFER1_202311010000.parquet/part.467.parquet
2025-03-19 18:57:07,843 - INFO - No duplicates found in s3://thesis--ec331-s3/FCAS_RAISE1SEC-Volume-Bids/PUBLIC_DVD_BIDPEROFFER1_202311010000.parquet/part.467.parquet
2025-03-19 18:57:07,844 - WARNING - Empty DataFrame will be written.
2025-03-19 18:57:08,030 - INFO - Read 0 rows from s3://thesis--ec331-s3/FCAS_RAISE1SEC-Volume-Bids/PUBLIC_DVD_BIDPEROFFER1_202311010000.parquet/part.469.parquet
2025-03-19 18:57:08,033 - INFO - No duplicates found in s3://thesis--ec331-s3/FCAS_RAISE1SEC-Volume-Bids/PUBLIC_DVD_BIDPEROFFER1_202311010000.parquet/part.469.parquet
2025-03-19 18:57:08,044 - WARNING - Empty DataFrame will be written.
2025-03-19 18:57:08,044 - INFO - Read 0 rows from s3://thesis--ec331-s3/FCAS_RAISE1SEC-Volume-Bids/PUBLIC_DVD_BIDPEROFFER1_202311010000.parquet/part.468.parquet
2025-03-19 18:57:08,058 - INFO - No duplicates found in s3://thesis--ec331-s3/FCAS_RAISE1SEC-Volume-Bids/PUBLIC_DVD_BIDPEROFFER1_202311010000.parquet/part.468.parquet
2025-03-19 18:57:08,060 - WARNING - Empty DataFrame will be written.
2025-03-19 18:57:08,081 - INFO - Wrote original 0 rows to s3://thesis--ec331-s3/de-duped-volume-bids/PUBLIC_DVD_BIDPEROFFER1_202311010000.parquet/part.467.parquet
2025-03-19 18:57:08,177 - INFO - Processing: s3://thesis--ec331-s3/FCAS_RAISE1SEC-Volume-Bids/PUBLIC_DVD_BIDPEROFFER1_202311010000.parquet/part.470.parquet
2025-03-19 18:57:08,179 - INFO - Target: s3://thesis--ec331-s3/de-duped-volume-bids/PUBLIC_DVD_BIDPEROFFER1_202311010000.parquet/part.470.parquet
2025-03-19 18:57:08,202 - INFO - Read 0 rows from s3://thesis--ec331-s3/FCAS_RAISE1SEC-Volume-Bids/PUBLIC_DVD_BIDPEROFFER1_202311010000.parquet/part.47.parquet
2025-03-19 18:57:08,205 - INFO - No duplicates found in s3://thesis--ec331-s3/FCAS_RAISE1SEC-Volume-Bids/PUBLIC_DVD_BIDPEROFFER1_202311010000.parquet/part.47.parquet
2025-03-19 18:57:08,206 - WARNING - Empty DataFrame will be written.
2025-03-19 18:57:08,420 - INFO - Read 0 rows from s3://thesis--ec331-s3/FCAS_RAISE1SEC-Volume-Bids/PUBLIC_DVD_BIDPEROFFER1_202311010000.parquet/part.470.parquet
2025-03-19 18:57:08,423 - INFO - No duplicates found in s3://thesis--ec331-s3/FCAS_RAISE1SEC-Volume-Bids/PUBLIC_DVD_BIDPEROFFER1_202311010000.parquet/part.470.parquet
2025-03-19 18:57:08,424 - WARNING - Empty DataFrame will be written.
2025-03-19 18:57:08,460 - INFO - Wrote original 0 rows to s3://thesis--ec331-s3/de-duped-volume-bids/PUBLIC_DVD_BIDPEROFFER1_202311010000.parquet/part.47.parquet
2025-03-19 18:57:08,557 - INFO - Processing: s3://thesis--ec331-s3/FCAS_RAISE1SEC-Volume-Bids/PUBLIC_DVD_BIDPEROFFER1_202311010000.parquet/part.471.parquet
2025-03-19 18:57:08,560 - INFO - Wrote original 0 rows to s3://thesis--ec331-s3/de-duped-volume-bids/PUBLIC_DVD_BIDPEROFFER1_202311010000.parquet/part.468.parquet
2025-03-19 18:57:08,563 - INFO - Target: s3://thesis--ec331-s3/de-duped-volume-bids/PUBLIC_DVD_BIDPEROFFER1_202311010000.parquet/part.471.parquet
2025-03-19 18:57:08,564 - INFO - Wrote original 0 rows to s3://thesis--ec331-s3/de-duped-volume-bids/PUBLIC_DVD_BIDPEROFFER1_202311010000.parquet/part.469.parquet
2025-03-19 18:57:08,657 - INFO - Processing: s3://thesis--ec331-s3/FCAS_RAISE1SEC-Volume-Bids/PUBLIC_DVD_BIDPEROFFER1_202311010000.parquet/part.472.parquet
2025-03-19 18:57:08,756 - INFO - Processing: s3://thesis--ec331-s3/FCAS_RAISE1SEC-Volume-Bids/PUBLIC_DVD_BIDPEROFFER1_202311010000.parquet/part.473.parquet
2025-03-19 18:57:08,761 - INFO - Target: s3://thesis--ec331-s3/de-duped-volume-bids/PUBLIC_DVD_BIDPEROFFER1_202311010000.parquet/part.472.parquet
2025-03-19 18:57:08,764 - INFO - Target: s3://thesis--ec331-s3/de-duped-volume-bids/PUBLIC_DVD_BIDPEROFFER1_202311010000.parquet/part.473.parquet
2025-03-19 18:57:08,905 - INFO - Wrote original 0 rows to s3://thesis--ec331-s3/de-duped-volume-bids/PUBLIC_DVD_BIDPEROFFER1_202311010000.parquet/part.470.parquet
2025-03-19 18:57:09,002 - INFO - Processing: s3://thesis--ec331-s3/FCAS_RAISE1SEC-Volume-Bids/PUBLIC_DVD_BIDPEROFFER1_202311010000.parquet/part.474.parquet
2025-03-19 18:57:09,004 - INFO - Target: s3://thesis--ec331-s3/de-duped-volume-bids/PUBLIC_DVD_BIDPEROFFER1_202311010000.parquet/part.474.parquet
2025-03-19 18:57:09,107 - INFO - Read 0 rows from s3://thesis--ec331-s3/FCAS_RAISE1SEC-Volume-Bids/PUBLIC_DVD_BIDPEROFFER1_202311010000.parquet/part.471.parquet
2025-03-19 18:57:09,110 - INFO - No duplicates found in s3://thesis--ec331-s3/FCAS_RAISE1SEC-Volume-Bids/PUBLIC_DVD_BIDPEROFFER1_202311010000.parquet/part.471.parquet
2025-03-19 18:57:09,112 - WARNING - Empty DataFrame will be written.
2025-03-19 18:57:09,350 - INFO - Wrote original 0 rows to s3://thesis--ec331-s3/de-duped-volume-bids/PUBLIC_DVD_BIDPEROFFER1_202311010000.parquet/part.471.parquet
2025-03-19 18:57:09,464 - INFO - Processing: s3://thesis--ec331-s3/FCAS_RAISE1SEC-Volume-Bids/PUBLIC_DVD_BIDPEROFFER1_202311010000.parquet/part.475.parquet
2025-03-19 18:57:09,481 - INFO - Target: s3://thesis--ec331-s3/de-duped-volume-bids/PUBLIC_DVD_BIDPEROFFER1_202311010000.parquet/part.475.parquet
2025-03-19 18:57:10,437 - INFO - Read 317,732 rows from s3://thesis--ec331-s3/FCAS_RAISE1SEC-Volume-Bids/PUBLIC_DVD_BIDPEROFFER1_202311010000.parquet/part.472.parquet
2025-03-19 18:57:10,519 - INFO - Read 0 rows from s3://thesis--ec331-s3/FCAS_RAISE1SEC-Volume-Bids/PUBLIC_DVD_BIDPEROFFER1_202311010000.parquet/part.475.parquet
2025-03-19 18:57:10,534 - INFO - No duplicates found in s3://thesis--ec331-s3/FCAS_RAISE1SEC-Volume-Bids/PUBLIC_DVD_BIDPEROFFER1_202311010000.parquet/part.475.parquet
2025-03-19 18:57:10,540 - WARNING - Empty DataFrame will be written.
2025-03-19 18:57:10,714 - INFO - Read 489,267 rows from s3://thesis--ec331-s3/FCAS_RAISE1SEC-Volume-Bids/PUBLIC_DVD_BIDPEROFFER1_202311010000.parquet/part.474.parquet
2025-03-19 18:57:10,738 - INFO - Found 317,732 rows (100.00%) with duplicate keys
2025-03-19 18:57:10,826 - INFO - Read 501,961 rows from s3://thesis--ec331-s3/FCAS_RAISE1SEC-Volume-Bids/PUBLIC_DVD_BIDPEROFFER1_202311010000.parquet/part.473.parquet
2025-03-19 18:57:11,016 - INFO - Wrote original 0 rows to s3://thesis--ec331-s3/de-duped-volume-bids/PUBLIC_DVD_BIDPEROFFER1_202311010000.parquet/part.475.parquet
2025-03-19 18:57:11,022 - INFO - Removed 316,580 duplicate rows
2025-03-19 18:57:11,187 - INFO - Processing: s3://thesis--ec331-s3/FCAS_RAISE1SEC-Volume-Bids/PUBLIC_DVD_BIDPEROFFER1_202311010000.parquet/part.476.parquet
2025-03-19 18:57:11,226 - INFO - Target: s3://thesis--ec331-s3/de-duped-volume-bids/PUBLIC_DVD_BIDPEROFFER1_202311010000.parquet/part.476.parquet
2025-03-19 18:57:11,315 - INFO - Found 489,267 rows (100.00%) with duplicate keys
2025-03-19 18:57:11,398 - INFO - Found 501,961 rows (100.00%) with duplicate keys
2025-03-19 18:57:11,482 - INFO - Removed 487,539 duplicate rows
2025-03-19 18:57:11,519 - INFO - Removed 499,945 duplicate rows
2025-03-19 18:57:11,537 - INFO - Wrote 1,152 rows to s3://thesis--ec331-s3/de-duped-volume-bids/PUBLIC_DVD_BIDPEROFFER1_202311010000.parquet/part.472.parquet
2025-03-19 18:57:11,752 - INFO - Processing: s3://thesis--ec331-s3/FCAS_RAISE1SEC-Volume-Bids/PUBLIC_DVD_BIDPEROFFER1_202311010000.parquet/part.477.parquet
2025-03-19 18:57:11,756 - INFO - Target: s3://thesis--ec331-s3/de-duped-volume-bids/PUBLIC_DVD_BIDPEROFFER1_202311010000.parquet/part.477.parquet
2025-03-19 18:57:11,783 - INFO - Read 0 rows from s3://thesis--ec331-s3/FCAS_RAISE1SEC-Volume-Bids/PUBLIC_DVD_BIDPEROFFER1_202311010000.parquet/part.476.parquet
2025-03-19 18:57:11,788 - INFO - No duplicates found in s3://thesis--ec331-s3/FCAS_RAISE1SEC-Volume-Bids/PUBLIC_DVD_BIDPEROFFER1_202311010000.parquet/part.476.parquet
2025-03-19 18:57:11,790 - WARNING - Empty DataFrame will be written.
2025-03-19 18:57:11,906 - INFO - Wrote 1,728 rows to s3://thesis--ec331-s3/de-duped-volume-bids/PUBLIC_DVD_BIDPEROFFER1_202311010000.parquet/part.474.parquet
2025-03-19 18:57:12,165 - INFO - Processing: s3://thesis--ec331-s3/FCAS_RAISE1SEC-Volume-Bids/PUBLIC_DVD_BIDPEROFFER1_202311010000.parquet/part.478.parquet
2025-03-19 18:57:12,166 - INFO - Target: s3://thesis--ec331-s3/de-duped-volume-bids/PUBLIC_DVD_BIDPEROFFER1_202311010000.parquet/part.478.parquet
2025-03-19 18:57:12,204 - INFO - Wrote original 0 rows to s3://thesis--ec331-s3/de-duped-volume-bids/PUBLIC_DVD_BIDPEROFFER1_202311010000.parquet/part.476.parquet
2025-03-19 18:57:12,302 - INFO - Processing: s3://thesis--ec331-s3/FCAS_RAISE1SEC-Volume-Bids/PUBLIC_DVD_BIDPEROFFER1_202311010000.parquet/part.479.parquet
2025-03-19 18:57:12,308 - INFO - Target: s3://thesis--ec331-s3/de-duped-volume-bids/PUBLIC_DVD_BIDPEROFFER1_202311010000.parquet/part.479.parquet
2025-03-19 18:57:12,343 - INFO - Read 0 rows from s3://thesis--ec331-s3/FCAS_RAISE1SEC-Volume-Bids/PUBLIC_DVD_BIDPEROFFER1_202311010000.parquet/part.477.parquet
2025-03-19 18:57:12,346 - INFO - No duplicates found in s3://thesis--ec331-s3/FCAS_RAISE1SEC-Volume-Bids/PUBLIC_DVD_BIDPEROFFER1_202311010000.parquet/part.477.parquet
2025-03-19 18:57:12,348 - WARNING - Empty DataFrame will be written.
2025-03-19 18:57:12,364 - INFO - Wrote 2,016 rows to s3://thesis--ec331-s3/de-duped-volume-bids/PUBLIC_DVD_BIDPEROFFER1_202311010000.parquet/part.473.parquet
2025-03-19 18:57:12,617 - INFO - Processing: s3://thesis--ec331-s3/FCAS_RAISE1SEC-Volume-Bids/PUBLIC_DVD_BIDPEROFFER1_202311010000.parquet/part.48.parquet
2025-03-19 18:57:12,618 - INFO - Target: s3://thesis--ec331-s3/de-duped-volume-bids/PUBLIC_DVD_BIDPEROFFER1_202311010000.parquet/part.48.parquet
2025-03-19 18:57:12,717 - INFO - Read 0 rows from s3://thesis--ec331-s3/FCAS_RAISE1SEC-Volume-Bids/PUBLIC_DVD_BIDPEROFFER1_202311010000.parquet/part.478.parquet
2025-03-19 18:57:12,721 - INFO - No duplicates found in s3://thesis--ec331-s3/FCAS_RAISE1SEC-Volume-Bids/PUBLIC_DVD_BIDPEROFFER1_202311010000.parquet/part.478.parquet
2025-03-19 18:57:12,722 - WARNING - Empty DataFrame will be written.
2025-03-19 18:57:12,858 - INFO - Read 0 rows from s3://thesis--ec331-s3/FCAS_RAISE1SEC-Volume-Bids/PUBLIC_DVD_BIDPEROFFER1_202311010000.parquet/part.479.parquet
2025-03-19 18:57:12,866 - INFO - No duplicates found in s3://thesis--ec331-s3/FCAS_RAISE1SEC-Volume-Bids/PUBLIC_DVD_BIDPEROFFER1_202311010000.parquet/part.479.parquet
2025-03-19 18:57:12,867 - WARNING - Empty DataFrame will be written.
2025-03-19 18:57:12,871 - INFO - Wrote original 0 rows to s3://thesis--ec331-s3/de-duped-volume-bids/PUBLIC_DVD_BIDPEROFFER1_202311010000.parquet/part.477.parquet
2025-03-19 18:57:12,976 - INFO - Processing: s3://thesis--ec331-s3/FCAS_RAISE1SEC-Volume-Bids/PUBLIC_DVD_BIDPEROFFER1_202311010000.parquet/part.480.parquet
2025-03-19 18:57:12,981 - INFO - Target: s3://thesis--ec331-s3/de-duped-volume-bids/PUBLIC_DVD_BIDPEROFFER1_202311010000.parquet/part.480.parquet
2025-03-19 18:57:13,008 - INFO - Read 0 rows from s3://thesis--ec331-s3/FCAS_RAISE1SEC-Volume-Bids/PUBLIC_DVD_BIDPEROFFER1_202311010000.parquet/part.48.parquet
2025-03-19 18:57:13,011 - INFO - No duplicates found in s3://thesis--ec331-s3/FCAS_RAISE1SEC-Volume-Bids/PUBLIC_DVD_BIDPEROFFER1_202311010000.parquet/part.48.parquet
2025-03-19 18:57:13,013 - WARNING - Empty DataFrame will be written.
2025-03-19 18:57:13,052 - INFO - Wrote original 0 rows to s3://thesis--ec331-s3/de-duped-volume-bids/PUBLIC_DVD_BIDPEROFFER1_202311010000.parquet/part.478.parquet
2025-03-19 18:57:13,147 - INFO - Processing: s3://thesis--ec331-s3/FCAS_RAISE1SEC-Volume-Bids/PUBLIC_DVD_BIDPEROFFER1_202311010000.parquet/part.481.parquet
2025-03-19 18:57:13,150 - INFO - Target: s3://thesis--ec331-s3/de-duped-volume-bids/PUBLIC_DVD_BIDPEROFFER1_202311010000.parquet/part.481.parquet
2025-03-19 18:57:13,308 - INFO - Wrote original 0 rows to s3://thesis--ec331-s3/de-duped-volume-bids/PUBLIC_DVD_BIDPEROFFER1_202311010000.parquet/part.479.parquet
2025-03-19 18:57:13,403 - INFO - Processing: s3://thesis--ec331-s3/FCAS_RAISE1SEC-Volume-Bids/PUBLIC_DVD_BIDPEROFFER1_202311010000.parquet/part.482.parquet
2025-03-19 18:57:13,415 - INFO - Wrote original 0 rows to s3://thesis--ec331-s3/de-duped-volume-bids/PUBLIC_DVD_BIDPEROFFER1_202311010000.parquet/part.48.parquet
2025-03-19 18:57:13,416 - INFO - Target: s3://thesis--ec331-s3/de-duped-volume-bids/PUBLIC_DVD_BIDPEROFFER1_202311010000.parquet/part.482.parquet
2025-03-19 18:57:13,509 - INFO - Processing: s3://thesis--ec331-s3/FCAS_RAISE1SEC-Volume-Bids/PUBLIC_DVD_BIDPEROFFER1_202311010000.parquet/part.483.parquet
2025-03-19 18:57:13,526 - INFO - Target: s3://thesis--ec331-s3/de-duped-volume-bids/PUBLIC_DVD_BIDPEROFFER1_202311010000.parquet/part.483.parquet
2025-03-19 18:57:13,554 - INFO - Read 0 rows from s3://thesis--ec331-s3/FCAS_RAISE1SEC-Volume-Bids/PUBLIC_DVD_BIDPEROFFER1_202311010000.parquet/part.480.parquet
2025-03-19 18:57:13,557 - INFO - No duplicates found in s3://thesis--ec331-s3/FCAS_RAISE1SEC-Volume-Bids/PUBLIC_DVD_BIDPEROFFER1_202311010000.parquet/part.480.parquet
2025-03-19 18:57:13,558 - WARNING - Empty DataFrame will be written.
2025-03-19 18:57:13,586 - INFO - Read 0 rows from s3://thesis--ec331-s3/FCAS_RAISE1SEC-Volume-Bids/PUBLIC_DVD_BIDPEROFFER1_202311010000.parquet/part.481.parquet
2025-03-19 18:57:13,589 - INFO - No duplicates found in s3://thesis--ec331-s3/FCAS_RAISE1SEC-Volume-Bids/PUBLIC_DVD_BIDPEROFFER1_202311010000.parquet/part.481.parquet
2025-03-19 18:57:13,590 - WARNING - Empty DataFrame will be written.
2025-03-19 18:57:13,815 - INFO - Wrote original 0 rows to s3://thesis--ec331-s3/de-duped-volume-bids/PUBLIC_DVD_BIDPEROFFER1_202311010000.parquet/part.480.parquet
2025-03-19 18:57:13,914 - INFO - Processing: s3://thesis--ec331-s3/FCAS_RAISE1SEC-Volume-Bids/PUBLIC_DVD_BIDPEROFFER1_202311010000.parquet/part.484.parquet
2025-03-19 18:57:13,919 - INFO - Wrote original 0 rows to s3://thesis--ec331-s3/de-duped-volume-bids/PUBLIC_DVD_BIDPEROFFER1_202311010000.parquet/part.481.parquet
2025-03-19 18:57:13,920 - INFO - Target: s3://thesis--ec331-s3/de-duped-volume-bids/PUBLIC_DVD_BIDPEROFFER1_202311010000.parquet/part.484.parquet
2025-03-19 18:57:14,010 - INFO - Processing: s3://thesis--ec331-s3/FCAS_RAISE1SEC-Volume-Bids/PUBLIC_DVD_BIDPEROFFER1_202311010000.parquet/part.485.parquet
2025-03-19 18:57:14,021 - INFO - Target: s3://thesis--ec331-s3/de-duped-volume-bids/PUBLIC_DVD_BIDPEROFFER1_202311010000.parquet/part.485.parquet
2025-03-19 18:57:14,096 - INFO - Read 84,470 rows from s3://thesis--ec331-s3/FCAS_RAISE1SEC-Volume-Bids/PUBLIC_DVD_BIDPEROFFER1_202311010000.parquet/part.482.parquet
2025-03-19 18:57:14,157 - INFO - Found 84,470 rows (100.00%) with duplicate keys
2025-03-19 18:57:14,174 - INFO - Removed 84,094 duplicate rows
2025-03-19 18:57:14,480 - INFO - Wrote 376 rows to s3://thesis--ec331-s3/de-duped-volume-bids/PUBLIC_DVD_BIDPEROFFER1_202311010000.parquet/part.482.parquet
2025-03-19 18:57:14,771 - INFO - Processing: s3://thesis--ec331-s3/FCAS_RAISE1SEC-Volume-Bids/PUBLIC_DVD_BIDPEROFFER1_202311010000.parquet/part.486.parquet
2025-03-19 18:57:14,827 - INFO - Target: s3://thesis--ec331-s3/de-duped-volume-bids/PUBLIC_DVD_BIDPEROFFER1_202311010000.parquet/part.486.parquet
2025-03-19 18:57:15,384 - INFO - Read 509,865 rows from s3://thesis--ec331-s3/FCAS_RAISE1SEC-Volume-Bids/PUBLIC_DVD_BIDPEROFFER1_202311010000.parquet/part.483.parquet
2025-03-19 18:57:15,397 - INFO - Read 204,764 rows from s3://thesis--ec331-s3/FCAS_RAISE1SEC-Volume-Bids/PUBLIC_DVD_BIDPEROFFER1_202311010000.parquet/part.485.parquet
2025-03-19 18:57:15,765 - INFO - Read 0 rows from s3://thesis--ec331-s3/FCAS_RAISE1SEC-Volume-Bids/PUBLIC_DVD_BIDPEROFFER1_202311010000.parquet/part.486.parquet
2025-03-19 18:57:15,810 - INFO - No duplicates found in s3://thesis--ec331-s3/FCAS_RAISE1SEC-Volume-Bids/PUBLIC_DVD_BIDPEROFFER1_202311010000.parquet/part.486.parquet
2025-03-19 18:57:15,825 - WARNING - Empty DataFrame will be written.
2025-03-19 18:57:15,859 - INFO - Found 204,764 rows (100.00%) with duplicate keys
2025-03-19 18:57:15,917 - INFO - Removed 203,900 duplicate rows
2025-03-19 18:57:15,927 - INFO - Found 509,859 rows (100.00%) with duplicate keys
2025-03-19 18:57:15,999 - INFO - Read 509,861 rows from s3://thesis--ec331-s3/FCAS_RAISE1SEC-Volume-Bids/PUBLIC_DVD_BIDPEROFFER1_202311010000.parquet/part.484.parquet
2025-03-19 18:57:16,188 - INFO - Removed 507,869 duplicate rows
2025-03-19 18:57:16,240 - INFO - Wrote original 0 rows to s3://thesis--ec331-s3/de-duped-volume-bids/PUBLIC_DVD_BIDPEROFFER1_202311010000.parquet/part.486.parquet
2025-03-19 18:57:16,350 - INFO - Processing: s3://thesis--ec331-s3/FCAS_RAISE1SEC-Volume-Bids/PUBLIC_DVD_BIDPEROFFER1_202311010000.parquet/part.487.parquet
2025-03-19 18:57:16,357 - INFO - Target: s3://thesis--ec331-s3/de-duped-volume-bids/PUBLIC_DVD_BIDPEROFFER1_202311010000.parquet/part.487.parquet
2025-03-19 18:57:16,392 - INFO - Wrote 864 rows to s3://thesis--ec331-s3/de-duped-volume-bids/PUBLIC_DVD_BIDPEROFFER1_202311010000.parquet/part.485.parquet
2025-03-19 18:57:16,583 - INFO - Found 509,861 rows (100.00%) with duplicate keys
2025-03-19 18:57:16,612 - INFO - Processing: s3://thesis--ec331-s3/FCAS_RAISE1SEC-Volume-Bids/PUBLIC_DVD_BIDPEROFFER1_202311010000.parquet/part.488.parquet
2025-03-19 18:57:16,621 - INFO - Target: s3://thesis--ec331-s3/de-duped-volume-bids/PUBLIC_DVD_BIDPEROFFER1_202311010000.parquet/part.488.parquet
2025-03-19 18:57:16,735 - INFO - Removed 507,845 duplicate rows
2025-03-19 18:57:16,830 - INFO - Wrote 1,996 rows to s3://thesis--ec331-s3/de-duped-volume-bids/PUBLIC_DVD_BIDPEROFFER1_202311010000.parquet/part.483.parquet
2025-03-19 18:57:17,077 - INFO - Processing: s3://thesis--ec331-s3/FCAS_RAISE1SEC-Volume-Bids/PUBLIC_DVD_BIDPEROFFER1_202311010000.parquet/part.489.parquet
2025-03-19 18:57:17,078 - INFO - Target: s3://thesis--ec331-s3/de-duped-volume-bids/PUBLIC_DVD_BIDPEROFFER1_202311010000.parquet/part.489.parquet
2025-03-19 18:57:17,102 - INFO - Read 0 rows from s3://thesis--ec331-s3/FCAS_RAISE1SEC-Volume-Bids/PUBLIC_DVD_BIDPEROFFER1_202311010000.parquet/part.487.parquet
2025-03-19 18:57:17,111 - INFO - No duplicates found in s3://thesis--ec331-s3/FCAS_RAISE1SEC-Volume-Bids/PUBLIC_DVD_BIDPEROFFER1_202311010000.parquet/part.487.parquet
2025-03-19 18:57:17,112 - WARNING - Empty DataFrame will be written.
2025-03-19 18:57:17,134 - INFO - Wrote 2,016 rows to s3://thesis--ec331-s3/de-duped-volume-bids/PUBLIC_DVD_BIDPEROFFER1_202311010000.parquet/part.484.parquet
2025-03-19 18:57:17,381 - INFO - Processing: s3://thesis--ec331-s3/FCAS_RAISE1SEC-Volume-Bids/PUBLIC_DVD_BIDPEROFFER1_202311010000.parquet/part.49.parquet
2025-03-19 18:57:17,384 - INFO - Target: s3://thesis--ec331-s3/de-duped-volume-bids/PUBLIC_DVD_BIDPEROFFER1_202311010000.parquet/part.49.parquet
2025-03-19 18:57:17,413 - INFO - Read 0 rows from s3://thesis--ec331-s3/FCAS_RAISE1SEC-Volume-Bids/PUBLIC_DVD_BIDPEROFFER1_202311010000.parquet/part.488.parquet
2025-03-19 18:57:17,416 - INFO - No duplicates found in s3://thesis--ec331-s3/FCAS_RAISE1SEC-Volume-Bids/PUBLIC_DVD_BIDPEROFFER1_202311010000.parquet/part.488.parquet
2025-03-19 18:57:17,417 - WARNING - Empty DataFrame will be written.
2025-03-19 18:57:17,601 - INFO - Read 0 rows from s3://thesis--ec331-s3/FCAS_RAISE1SEC-Volume-Bids/PUBLIC_DVD_BIDPEROFFER1_202311010000.parquet/part.489.parquet
2025-03-19 18:57:17,603 - INFO - No duplicates found in s3://thesis--ec331-s3/FCAS_RAISE1SEC-Volume-Bids/PUBLIC_DVD_BIDPEROFFER1_202311010000.parquet/part.489.parquet
2025-03-19 18:57:17,609 - WARNING - Empty DataFrame will be written.
2025-03-19 18:57:17,646 - INFO - Read 0 rows from s3://thesis--ec331-s3/FCAS_RAISE1SEC-Volume-Bids/PUBLIC_DVD_BIDPEROFFER1_202311010000.parquet/part.49.parquet
2025-03-19 18:57:17,648 - INFO - No duplicates found in s3://thesis--ec331-s3/FCAS_RAISE1SEC-Volume-Bids/PUBLIC_DVD_BIDPEROFFER1_202311010000.parquet/part.49.parquet
2025-03-19 18:57:17,650 - WARNING - Empty DataFrame will be written.
2025-03-19 18:57:17,667 - INFO - Wrote original 0 rows to s3://thesis--ec331-s3/de-duped-volume-bids/PUBLIC_DVD_BIDPEROFFER1_202311010000.parquet/part.487.parquet
2025-03-19 18:57:17,671 - INFO - Wrote original 0 rows to s3://thesis--ec331-s3/de-duped-volume-bids/PUBLIC_DVD_BIDPEROFFER1_202311010000.parquet/part.488.parquet
2025-03-19 18:57:17,764 - INFO - Processing: s3://thesis--ec331-s3/FCAS_RAISE1SEC-Volume-Bids/PUBLIC_DVD_BIDPEROFFER1_202311010000.parquet/part.490.parquet
2025-03-19 18:57:17,855 - INFO - Processing: s3://thesis--ec331-s3/FCAS_RAISE1SEC-Volume-Bids/PUBLIC_DVD_BIDPEROFFER1_202311010000.parquet/part.491.parquet
2025-03-19 18:57:17,856 - INFO - Target: s3://thesis--ec331-s3/de-duped-volume-bids/PUBLIC_DVD_BIDPEROFFER1_202311010000.parquet/part.490.parquet
2025-03-19 18:57:17,857 - INFO - Target: s3://thesis--ec331-s3/de-duped-volume-bids/PUBLIC_DVD_BIDPEROFFER1_202311010000.parquet/part.491.parquet
2025-03-19 18:57:18,022 - INFO - Wrote original 0 rows to s3://thesis--ec331-s3/de-duped-volume-bids/PUBLIC_DVD_BIDPEROFFER1_202311010000.parquet/part.489.parquet
2025-03-19 18:57:18,115 - INFO - Processing: s3://thesis--ec331-s3/FCAS_RAISE1SEC-Volume-Bids/PUBLIC_DVD_BIDPEROFFER1_202311010000.parquet/part.492.parquet
2025-03-19 18:57:18,117 - INFO - Target: s3://thesis--ec331-s3/de-duped-volume-bids/PUBLIC_DVD_BIDPEROFFER1_202311010000.parquet/part.492.parquet
2025-03-19 18:57:18,201 - INFO - Wrote original 0 rows to s3://thesis--ec331-s3/de-duped-volume-bids/PUBLIC_DVD_BIDPEROFFER1_202311010000.parquet/part.49.parquet
2025-03-19 18:57:18,293 - INFO - Processing: s3://thesis--ec331-s3/FCAS_RAISE1SEC-Volume-Bids/PUBLIC_DVD_BIDPEROFFER1_202311010000.parquet/part.493.parquet
2025-03-19 18:57:18,297 - INFO - Target: s3://thesis--ec331-s3/de-duped-volume-bids/PUBLIC_DVD_BIDPEROFFER1_202311010000.parquet/part.493.parquet
2025-03-19 18:57:18,320 - INFO - Read 0 rows from s3://thesis--ec331-s3/FCAS_RAISE1SEC-Volume-Bids/PUBLIC_DVD_BIDPEROFFER1_202311010000.parquet/part.490.parquet
2025-03-19 18:57:18,323 - INFO - No duplicates found in s3://thesis--ec331-s3/FCAS_RAISE1SEC-Volume-Bids/PUBLIC_DVD_BIDPEROFFER1_202311010000.parquet/part.490.parquet
2025-03-19 18:57:18,325 - WARNING - Empty DataFrame will be written.
2025-03-19 18:57:18,342 - INFO - Read 0 rows from s3://thesis--ec331-s3/FCAS_RAISE1SEC-Volume-Bids/PUBLIC_DVD_BIDPEROFFER1_202311010000.parquet/part.491.parquet
2025-03-19 18:57:18,365 - INFO - No duplicates found in s3://thesis--ec331-s3/FCAS_RAISE1SEC-Volume-Bids/PUBLIC_DVD_BIDPEROFFER1_202311010000.parquet/part.491.parquet
2025-03-19 18:57:18,367 - WARNING - Empty DataFrame will be written.
2025-03-19 18:57:18,407 - INFO - Read 0 rows from s3://thesis--ec331-s3/FCAS_RAISE1SEC-Volume-Bids/PUBLIC_DVD_BIDPEROFFER1_202311010000.parquet/part.492.parquet
2025-03-19 18:57:18,410 - INFO - No duplicates found in s3://thesis--ec331-s3/FCAS_RAISE1SEC-Volume-Bids/PUBLIC_DVD_BIDPEROFFER1_202311010000.parquet/part.492.parquet
2025-03-19 18:57:18,412 - WARNING - Empty DataFrame will be written.
2025-03-19 18:57:18,554 - INFO - Read 0 rows from s3://thesis--ec331-s3/FCAS_RAISE1SEC-Volume-Bids/PUBLIC_DVD_BIDPEROFFER1_202311010000.parquet/part.493.parquet
2025-03-19 18:57:18,557 - INFO - No duplicates found in s3://thesis--ec331-s3/FCAS_RAISE1SEC-Volume-Bids/PUBLIC_DVD_BIDPEROFFER1_202311010000.parquet/part.493.parquet
2025-03-19 18:57:18,558 - WARNING - Empty DataFrame will be written.
2025-03-19 18:57:18,647 - INFO - Wrote original 0 rows to s3://thesis--ec331-s3/de-duped-volume-bids/PUBLIC_DVD_BIDPEROFFER1_202311010000.parquet/part.490.parquet
2025-03-19 18:57:18,745 - INFO - Processing: s3://thesis--ec331-s3/FCAS_RAISE1SEC-Volume-Bids/PUBLIC_DVD_BIDPEROFFER1_202311010000.parquet/part.494.parquet
2025-03-19 18:57:18,750 - INFO - Wrote original 0 rows to s3://thesis--ec331-s3/de-duped-volume-bids/PUBLIC_DVD_BIDPEROFFER1_202311010000.parquet/part.492.parquet
2025-03-19 18:57:18,750 - INFO - Target: s3://thesis--ec331-s3/de-duped-volume-bids/PUBLIC_DVD_BIDPEROFFER1_202311010000.parquet/part.494.parquet
2025-03-19 18:57:18,853 - INFO - Processing: s3://thesis--ec331-s3/FCAS_RAISE1SEC-Volume-Bids/PUBLIC_DVD_BIDPEROFFER1_202311010000.parquet/part.495.parquet
2025-03-19 18:57:18,855 - INFO - Wrote original 0 rows to s3://thesis--ec331-s3/de-duped-volume-bids/PUBLIC_DVD_BIDPEROFFER1_202311010000.parquet/part.491.parquet
2025-03-19 18:57:18,865 - INFO - Target: s3://thesis--ec331-s3/de-duped-volume-bids/PUBLIC_DVD_BIDPEROFFER1_202311010000.parquet/part.495.parquet
2025-03-19 18:57:18,959 - INFO - Processing: s3://thesis--ec331-s3/FCAS_RAISE1SEC-Volume-Bids/PUBLIC_DVD_BIDPEROFFER1_202311010000.parquet/part.496.parquet
2025-03-19 18:57:18,970 - INFO - Target: s3://thesis--ec331-s3/de-duped-volume-bids/PUBLIC_DVD_BIDPEROFFER1_202311010000.parquet/part.496.parquet
2025-03-19 18:57:19,015 - INFO - Wrote original 0 rows to s3://thesis--ec331-s3/de-duped-volume-bids/PUBLIC_DVD_BIDPEROFFER1_202311010000.parquet/part.493.parquet
2025-03-19 18:57:19,112 - INFO - Processing: s3://thesis--ec331-s3/FCAS_RAISE1SEC-Volume-Bids/PUBLIC_DVD_BIDPEROFFER1_202311010000.parquet/part.497.parquet
2025-03-19 18:57:19,114 - INFO - Target: s3://thesis--ec331-s3/de-duped-volume-bids/PUBLIC_DVD_BIDPEROFFER1_202311010000.parquet/part.497.parquet
2025-03-19 18:57:19,315 - INFO - Read 0 rows from s3://thesis--ec331-s3/FCAS_RAISE1SEC-Volume-Bids/PUBLIC_DVD_BIDPEROFFER1_202311010000.parquet/part.495.parquet
2025-03-19 18:57:19,317 - INFO - No duplicates found in s3://thesis--ec331-s3/FCAS_RAISE1SEC-Volume-Bids/PUBLIC_DVD_BIDPEROFFER1_202311010000.parquet/part.495.parquet
2025-03-19 18:57:19,318 - WARNING - Empty DataFrame will be written.
2025-03-19 18:57:19,365 - INFO - Read 0 rows from s3://thesis--ec331-s3/FCAS_RAISE1SEC-Volume-Bids/PUBLIC_DVD_BIDPEROFFER1_202311010000.parquet/part.496.parquet
2025-03-19 18:57:19,367 - INFO - Read 0 rows from s3://thesis--ec331-s3/FCAS_RAISE1SEC-Volume-Bids/PUBLIC_DVD_BIDPEROFFER1_202311010000.parquet/part.494.parquet
2025-03-19 18:57:19,370 - INFO - No duplicates found in s3://thesis--ec331-s3/FCAS_RAISE1SEC-Volume-Bids/PUBLIC_DVD_BIDPEROFFER1_202311010000.parquet/part.496.parquet
2025-03-19 18:57:19,372 - INFO - No duplicates found in s3://thesis--ec331-s3/FCAS_RAISE1SEC-Volume-Bids/PUBLIC_DVD_BIDPEROFFER1_202311010000.parquet/part.494.parquet
2025-03-19 18:57:19,373 - WARNING - Empty DataFrame will be written.
2025-03-19 18:57:19,376 - WARNING - Empty DataFrame will be written.
2025-03-19 18:57:19,424 - INFO - Read 0 rows from s3://thesis--ec331-s3/FCAS_RAISE1SEC-Volume-Bids/PUBLIC_DVD_BIDPEROFFER1_202311010000.parquet/part.497.parquet
2025-03-19 18:57:19,427 - INFO - No duplicates found in s3://thesis--ec331-s3/FCAS_RAISE1SEC-Volume-Bids/PUBLIC_DVD_BIDPEROFFER1_202311010000.parquet/part.497.parquet
2025-03-19 18:57:19,428 - WARNING - Empty DataFrame will be written.
2025-03-19 18:57:19,601 - INFO - Wrote original 0 rows to s3://thesis--ec331-s3/de-duped-volume-bids/PUBLIC_DVD_BIDPEROFFER1_202311010000.parquet/part.495.parquet
2025-03-19 18:57:19,704 - INFO - Processing: s3://thesis--ec331-s3/FCAS_RAISE1SEC-Volume-Bids/PUBLIC_DVD_BIDPEROFFER1_202311010000.parquet/part.498.parquet
2025-03-19 18:57:19,706 - INFO - Target: s3://thesis--ec331-s3/de-duped-volume-bids/PUBLIC_DVD_BIDPEROFFER1_202311010000.parquet/part.498.parquet
2025-03-19 18:57:19,775 - INFO - Wrote original 0 rows to s3://thesis--ec331-s3/de-duped-volume-bids/PUBLIC_DVD_BIDPEROFFER1_202311010000.parquet/part.496.parquet
2025-03-19 18:57:19,877 - INFO - Wrote original 0 rows to s3://thesis--ec331-s3/de-duped-volume-bids/PUBLIC_DVD_BIDPEROFFER1_202311010000.parquet/part.494.parquet
2025-03-19 18:57:19,878 - INFO - Processing: s3://thesis--ec331-s3/FCAS_RAISE1SEC-Volume-Bids/PUBLIC_DVD_BIDPEROFFER1_202311010000.parquet/part.499.parquet
2025-03-19 18:57:19,880 - INFO - Wrote original 0 rows to s3://thesis--ec331-s3/de-duped-volume-bids/PUBLIC_DVD_BIDPEROFFER1_202311010000.parquet/part.497.parquet
2025-03-19 18:57:19,974 - INFO - Processing: s3://thesis--ec331-s3/FCAS_RAISE1SEC-Volume-Bids/PUBLIC_DVD_BIDPEROFFER1_202311010000.parquet/part.5.parquet
2025-03-19 18:57:19,975 - INFO - Target: s3://thesis--ec331-s3/de-duped-volume-bids/PUBLIC_DVD_BIDPEROFFER1_202311010000.parquet/part.499.parquet
2025-03-19 18:57:20,068 - INFO - Processing: s3://thesis--ec331-s3/FCAS_RAISE1SEC-Volume-Bids/PUBLIC_DVD_BIDPEROFFER1_202311010000.parquet/part.50.parquet
2025-03-19 18:57:20,069 - INFO - Target: s3://thesis--ec331-s3/de-duped-volume-bids/PUBLIC_DVD_BIDPEROFFER1_202311010000.parquet/part.5.parquet
2025-03-19 18:57:20,081 - INFO - Target: s3://thesis--ec331-s3/de-duped-volume-bids/PUBLIC_DVD_BIDPEROFFER1_202311010000.parquet/part.50.parquet
2025-03-19 18:57:20,156 - INFO - Read 0 rows from s3://thesis--ec331-s3/FCAS_RAISE1SEC-Volume-Bids/PUBLIC_DVD_BIDPEROFFER1_202311010000.parquet/part.498.parquet
2025-03-19 18:57:20,159 - INFO - No duplicates found in s3://thesis--ec331-s3/FCAS_RAISE1SEC-Volume-Bids/PUBLIC_DVD_BIDPEROFFER1_202311010000.parquet/part.498.parquet
2025-03-19 18:57:20,160 - WARNING - Empty DataFrame will be written.
2025-03-19 18:57:20,386 - INFO - Read 0 rows from s3://thesis--ec331-s3/FCAS_RAISE1SEC-Volume-Bids/PUBLIC_DVD_BIDPEROFFER1_202311010000.parquet/part.499.parquet
2025-03-19 18:57:20,391 - INFO - Wrote original 0 rows to s3://thesis--ec331-s3/de-duped-volume-bids/PUBLIC_DVD_BIDPEROFFER1_202311010000.parquet/part.498.parquet
2025-03-19 18:57:20,395 - INFO - No duplicates found in s3://thesis--ec331-s3/FCAS_RAISE1SEC-Volume-Bids/PUBLIC_DVD_BIDPEROFFER1_202311010000.parquet/part.499.parquet
2025-03-19 18:57:20,494 - INFO - Processing: s3://thesis--ec331-s3/FCAS_RAISE1SEC-Volume-Bids/PUBLIC_DVD_BIDPEROFFER1_202311010000.parquet/part.500.parquet
2025-03-19 18:57:20,495 - WARNING - Empty DataFrame will be written.
2025-03-19 18:57:20,497 - INFO - Target: s3://thesis--ec331-s3/de-duped-volume-bids/PUBLIC_DVD_BIDPEROFFER1_202311010000.parquet/part.500.parquet
2025-03-19 18:57:20,537 - INFO - Read 0 rows from s3://thesis--ec331-s3/FCAS_RAISE1SEC-Volume-Bids/PUBLIC_DVD_BIDPEROFFER1_202311010000.parquet/part.50.parquet
2025-03-19 18:57:20,544 - INFO - Read 0 rows from s3://thesis--ec331-s3/FCAS_RAISE1SEC-Volume-Bids/PUBLIC_DVD_BIDPEROFFER1_202311010000.parquet/part.5.parquet
2025-03-19 18:57:20,547 - INFO - No duplicates found in s3://thesis--ec331-s3/FCAS_RAISE1SEC-Volume-Bids/PUBLIC_DVD_BIDPEROFFER1_202311010000.parquet/part.50.parquet
2025-03-19 18:57:20,550 - INFO - No duplicates found in s3://thesis--ec331-s3/FCAS_RAISE1SEC-Volume-Bids/PUBLIC_DVD_BIDPEROFFER1_202311010000.parquet/part.5.parquet
2025-03-19 18:57:20,551 - WARNING - Empty DataFrame will be written.
2025-03-19 18:57:20,553 - WARNING - Empty DataFrame will be written.
2025-03-19 18:57:20,774 - INFO - Read 0 rows from s3://thesis--ec331-s3/FCAS_RAISE1SEC-Volume-Bids/PUBLIC_DVD_BIDPEROFFER1_202311010000.parquet/part.500.parquet
2025-03-19 18:57:20,777 - INFO - No duplicates found in s3://thesis--ec331-s3/FCAS_RAISE1SEC-Volume-Bids/PUBLIC_DVD_BIDPEROFFER1_202311010000.parquet/part.500.parquet
2025-03-19 18:57:20,778 - WARNING - Empty DataFrame will be written.
2025-03-19 18:57:20,814 - INFO - Wrote original 0 rows to s3://thesis--ec331-s3/de-duped-volume-bids/PUBLIC_DVD_BIDPEROFFER1_202311010000.parquet/part.499.parquet
2025-03-19 18:57:20,914 - INFO - Processing: s3://thesis--ec331-s3/FCAS_RAISE1SEC-Volume-Bids/PUBLIC_DVD_BIDPEROFFER1_202311010000.parquet/part.501.parquet
2025-03-19 18:57:20,917 - INFO - Wrote original 0 rows to s3://thesis--ec331-s3/de-duped-volume-bids/PUBLIC_DVD_BIDPEROFFER1_202311010000.parquet/part.5.parquet
2025-03-19 18:57:20,919 - INFO - Target: s3://thesis--ec331-s3/de-duped-volume-bids/PUBLIC_DVD_BIDPEROFFER1_202311010000.parquet/part.501.parquet
2025-03-19 18:57:21,015 - INFO - Processing: s3://thesis--ec331-s3/FCAS_RAISE1SEC-Volume-Bids/PUBLIC_DVD_BIDPEROFFER1_202311010000.parquet/part.502.parquet
2025-03-19 18:57:21,018 - INFO - Wrote original 0 rows to s3://thesis--ec331-s3/de-duped-volume-bids/PUBLIC_DVD_BIDPEROFFER1_202311010000.parquet/part.50.parquet
2025-03-19 18:57:21,034 - INFO - Target: s3://thesis--ec331-s3/de-duped-volume-bids/PUBLIC_DVD_BIDPEROFFER1_202311010000.parquet/part.502.parquet
2025-03-19 18:57:21,135 - INFO - Processing: s3://thesis--ec331-s3/FCAS_RAISE1SEC-Volume-Bids/PUBLIC_DVD_BIDPEROFFER1_202311010000.parquet/part.503.parquet
2025-03-19 18:57:21,142 - INFO - Target: s3://thesis--ec331-s3/de-duped-volume-bids/PUBLIC_DVD_BIDPEROFFER1_202311010000.parquet/part.503.parquet
2025-03-19 18:57:21,238 - INFO - Wrote original 0 rows to s3://thesis--ec331-s3/de-duped-volume-bids/PUBLIC_DVD_BIDPEROFFER1_202311010000.parquet/part.500.parquet
2025-03-19 18:57:21,333 - INFO - Processing: s3://thesis--ec331-s3/FCAS_RAISE1SEC-Volume-Bids/PUBLIC_DVD_BIDPEROFFER1_202311010000.parquet/part.504.parquet
2025-03-19 18:57:21,340 - INFO - Target: s3://thesis--ec331-s3/de-duped-volume-bids/PUBLIC_DVD_BIDPEROFFER1_202311010000.parquet/part.504.parquet
2025-03-19 18:57:21,429 - INFO - Read 0 rows from s3://thesis--ec331-s3/FCAS_RAISE1SEC-Volume-Bids/PUBLIC_DVD_BIDPEROFFER1_202311010000.parquet/part.501.parquet
2025-03-19 18:57:21,432 - INFO - No duplicates found in s3://thesis--ec331-s3/FCAS_RAISE1SEC-Volume-Bids/PUBLIC_DVD_BIDPEROFFER1_202311010000.parquet/part.501.parquet
2025-03-19 18:57:21,434 - WARNING - Empty DataFrame will be written.
2025-03-19 18:57:21,515 - INFO - Read 0 rows from s3://thesis--ec331-s3/FCAS_RAISE1SEC-Volume-Bids/PUBLIC_DVD_BIDPEROFFER1_202311010000.parquet/part.503.parquet
2025-03-19 18:57:21,518 - INFO - No duplicates found in s3://thesis--ec331-s3/FCAS_RAISE1SEC-Volume-Bids/PUBLIC_DVD_BIDPEROFFER1_202311010000.parquet/part.503.parquet
2025-03-19 18:57:21,519 - WARNING - Empty DataFrame will be written.
2025-03-19 18:57:21,554 - INFO - Read 0 rows from s3://thesis--ec331-s3/FCAS_RAISE1SEC-Volume-Bids/PUBLIC_DVD_BIDPEROFFER1_202311010000.parquet/part.502.parquet
2025-03-19 18:57:21,557 - INFO - No duplicates found in s3://thesis--ec331-s3/FCAS_RAISE1SEC-Volume-Bids/PUBLIC_DVD_BIDPEROFFER1_202311010000.parquet/part.502.parquet
2025-03-19 18:57:21,558 - WARNING - Empty DataFrame will be written.
2025-03-19 18:57:21,617 - INFO - Read 0 rows from s3://thesis--ec331-s3/FCAS_RAISE1SEC-Volume-Bids/PUBLIC_DVD_BIDPEROFFER1_202311010000.parquet/part.504.parquet
2025-03-19 18:57:21,620 - INFO - No duplicates found in s3://thesis--ec331-s3/FCAS_RAISE1SEC-Volume-Bids/PUBLIC_DVD_BIDPEROFFER1_202311010000.parquet/part.504.parquet
2025-03-19 18:57:21,621 - WARNING - Empty DataFrame will be written.
2025-03-19 18:57:21,678 - INFO - Wrote original 0 rows to s3://thesis--ec331-s3/de-duped-volume-bids/PUBLIC_DVD_BIDPEROFFER1_202311010000.parquet/part.501.parquet
2025-03-19 18:57:21,778 - INFO - Processing: s3://thesis--ec331-s3/FCAS_RAISE1SEC-Volume-Bids/PUBLIC_DVD_BIDPEROFFER1_202311010000.parquet/part.505.parquet
2025-03-19 18:57:21,780 - INFO - Target: s3://thesis--ec331-s3/de-duped-volume-bids/PUBLIC_DVD_BIDPEROFFER1_202311010000.parquet/part.505.parquet
2025-03-19 18:57:21,841 - INFO - Wrote original 0 rows to s3://thesis--ec331-s3/de-duped-volume-bids/PUBLIC_DVD_BIDPEROFFER1_202311010000.parquet/part.502.parquet
2025-03-19 18:57:21,845 - INFO - Wrote original 0 rows to s3://thesis--ec331-s3/de-duped-volume-bids/PUBLIC_DVD_BIDPEROFFER1_202311010000.parquet/part.503.parquet
2025-03-19 18:57:21,945 - INFO - Processing: s3://thesis--ec331-s3/FCAS_RAISE1SEC-Volume-Bids/PUBLIC_DVD_BIDPEROFFER1_202311010000.parquet/part.506.parquet
2025-03-19 18:57:22,039 - INFO - Processing: s3://thesis--ec331-s3/FCAS_RAISE1SEC-Volume-Bids/PUBLIC_DVD_BIDPEROFFER1_202311010000.parquet/part.507.parquet
2025-03-19 18:57:22,041 - INFO - Target: s3://thesis--ec331-s3/de-duped-volume-bids/PUBLIC_DVD_BIDPEROFFER1_202311010000.parquet/part.506.parquet
2025-03-19 18:57:22,042 - INFO - Target: s3://thesis--ec331-s3/de-duped-volume-bids/PUBLIC_DVD_BIDPEROFFER1_202311010000.parquet/part.507.parquet
2025-03-19 18:57:22,099 - INFO - Wrote original 0 rows to s3://thesis--ec331-s3/de-duped-volume-bids/PUBLIC_DVD_BIDPEROFFER1_202311010000.parquet/part.504.parquet
2025-03-19 18:57:22,193 - INFO - Processing: s3://thesis--ec331-s3/FCAS_RAISE1SEC-Volume-Bids/PUBLIC_DVD_BIDPEROFFER1_202311010000.parquet/part.508.parquet
2025-03-19 18:57:22,194 - INFO - Target: s3://thesis--ec331-s3/de-duped-volume-bids/PUBLIC_DVD_BIDPEROFFER1_202311010000.parquet/part.508.parquet
2025-03-19 18:57:22,299 - INFO - Read 0 rows from s3://thesis--ec331-s3/FCAS_RAISE1SEC-Volume-Bids/PUBLIC_DVD_BIDPEROFFER1_202311010000.parquet/part.505.parquet
2025-03-19 18:57:22,301 - INFO - No duplicates found in s3://thesis--ec331-s3/FCAS_RAISE1SEC-Volume-Bids/PUBLIC_DVD_BIDPEROFFER1_202311010000.parquet/part.505.parquet
2025-03-19 18:57:22,303 - WARNING - Empty DataFrame will be written.
2025-03-19 18:57:22,375 - INFO - Read 0 rows from s3://thesis--ec331-s3/FCAS_RAISE1SEC-Volume-Bids/PUBLIC_DVD_BIDPEROFFER1_202311010000.parquet/part.507.parquet
2025-03-19 18:57:22,380 - INFO - No duplicates found in s3://thesis--ec331-s3/FCAS_RAISE1SEC-Volume-Bids/PUBLIC_DVD_BIDPEROFFER1_202311010000.parquet/part.507.parquet
2025-03-19 18:57:22,387 - WARNING - Empty DataFrame will be written.
2025-03-19 18:57:22,423 - INFO - Read 0 rows from s3://thesis--ec331-s3/FCAS_RAISE1SEC-Volume-Bids/PUBLIC_DVD_BIDPEROFFER1_202311010000.parquet/part.506.parquet
2025-03-19 18:57:22,427 - INFO - No duplicates found in s3://thesis--ec331-s3/FCAS_RAISE1SEC-Volume-Bids/PUBLIC_DVD_BIDPEROFFER1_202311010000.parquet/part.506.parquet
2025-03-19 18:57:22,428 - WARNING - Empty DataFrame will be written.
2025-03-19 18:57:22,456 - INFO - Read 0 rows from s3://thesis--ec331-s3/FCAS_RAISE1SEC-Volume-Bids/PUBLIC_DVD_BIDPEROFFER1_202311010000.parquet/part.508.parquet
2025-03-19 18:57:22,459 - INFO - No duplicates found in s3://thesis--ec331-s3/FCAS_RAISE1SEC-Volume-Bids/PUBLIC_DVD_BIDPEROFFER1_202311010000.parquet/part.508.parquet
2025-03-19 18:57:22,460 - WARNING - Empty DataFrame will be written.
2025-03-19 18:57:22,565 - INFO - Wrote original 0 rows to s3://thesis--ec331-s3/de-duped-volume-bids/PUBLIC_DVD_BIDPEROFFER1_202311010000.parquet/part.505.parquet
2025-03-19 18:57:22,661 - INFO - Processing: s3://thesis--ec331-s3/FCAS_RAISE1SEC-Volume-Bids/PUBLIC_DVD_BIDPEROFFER1_202311010000.parquet/part.509.parquet
2025-03-19 18:57:22,668 - INFO - Target: s3://thesis--ec331-s3/de-duped-volume-bids/PUBLIC_DVD_BIDPEROFFER1_202311010000.parquet/part.509.parquet
2025-03-19 18:57:22,729 - INFO - Wrote original 0 rows to s3://thesis--ec331-s3/de-duped-volume-bids/PUBLIC_DVD_BIDPEROFFER1_202311010000.parquet/part.507.parquet
2025-03-19 18:57:22,827 - INFO - Processing: s3://thesis--ec331-s3/FCAS_RAISE1SEC-Volume-Bids/PUBLIC_DVD_BIDPEROFFER1_202311010000.parquet/part.51.parquet
2025-03-19 18:57:22,829 - INFO - Target: s3://thesis--ec331-s3/de-duped-volume-bids/PUBLIC_DVD_BIDPEROFFER1_202311010000.parquet/part.51.parquet
2025-03-19 18:57:22,879 - INFO - Wrote original 0 rows to s3://thesis--ec331-s3/de-duped-volume-bids/PUBLIC_DVD_BIDPEROFFER1_202311010000.parquet/part.506.parquet
2025-03-19 18:57:22,976 - INFO - Processing: s3://thesis--ec331-s3/FCAS_RAISE1SEC-Volume-Bids/PUBLIC_DVD_BIDPEROFFER1_202311010000.parquet/part.510.parquet
2025-03-19 18:57:22,981 - INFO - Wrote original 0 rows to s3://thesis--ec331-s3/de-duped-volume-bids/PUBLIC_DVD_BIDPEROFFER1_202311010000.parquet/part.508.parquet
2025-03-19 18:57:22,982 - INFO - Target: s3://thesis--ec331-s3/de-duped-volume-bids/PUBLIC_DVD_BIDPEROFFER1_202311010000.parquet/part.510.parquet
2025-03-19 18:57:23,076 - INFO - Processing: s3://thesis--ec331-s3/FCAS_RAISE1SEC-Volume-Bids/PUBLIC_DVD_BIDPEROFFER1_202311010000.parquet/part.511.parquet
2025-03-19 18:57:23,096 - INFO - Target: s3://thesis--ec331-s3/de-duped-volume-bids/PUBLIC_DVD_BIDPEROFFER1_202311010000.parquet/part.511.parquet
2025-03-19 18:57:23,158 - INFO - Read 0 rows from s3://thesis--ec331-s3/FCAS_RAISE1SEC-Volume-Bids/PUBLIC_DVD_BIDPEROFFER1_202311010000.parquet/part.509.parquet
2025-03-19 18:57:23,162 - INFO - No duplicates found in s3://thesis--ec331-s3/FCAS_RAISE1SEC-Volume-Bids/PUBLIC_DVD_BIDPEROFFER1_202311010000.parquet/part.509.parquet
2025-03-19 18:57:23,163 - WARNING - Empty DataFrame will be written.
2025-03-19 18:57:23,286 - INFO - Read 0 rows from s3://thesis--ec331-s3/FCAS_RAISE1SEC-Volume-Bids/PUBLIC_DVD_BIDPEROFFER1_202311010000.parquet/part.51.parquet
2025-03-19 18:57:23,289 - INFO - No duplicates found in s3://thesis--ec331-s3/FCAS_RAISE1SEC-Volume-Bids/PUBLIC_DVD_BIDPEROFFER1_202311010000.parquet/part.51.parquet
2025-03-19 18:57:23,290 - WARNING - Empty DataFrame will be written.
2025-03-19 18:57:23,355 - INFO - Read 0 rows from s3://thesis--ec331-s3/FCAS_RAISE1SEC-Volume-Bids/PUBLIC_DVD_BIDPEROFFER1_202311010000.parquet/part.511.parquet
2025-03-19 18:57:23,357 - INFO - No duplicates found in s3://thesis--ec331-s3/FCAS_RAISE1SEC-Volume-Bids/PUBLIC_DVD_BIDPEROFFER1_202311010000.parquet/part.511.parquet
2025-03-19 18:57:23,361 - INFO - Wrote original 0 rows to s3://thesis--ec331-s3/de-duped-volume-bids/PUBLIC_DVD_BIDPEROFFER1_202311010000.parquet/part.509.parquet
2025-03-19 18:57:23,363 - WARNING - Empty DataFrame will be written.
2025-03-19 18:57:23,459 - INFO - Processing: s3://thesis--ec331-s3/FCAS_RAISE1SEC-Volume-Bids/PUBLIC_DVD_BIDPEROFFER1_202311010000.parquet/part.512.parquet
2025-03-19 18:57:23,474 - INFO - Target: s3://thesis--ec331-s3/de-duped-volume-bids/PUBLIC_DVD_BIDPEROFFER1_202311010000.parquet/part.512.parquet
2025-03-19 18:57:23,507 - INFO - Read 0 rows from s3://thesis--ec331-s3/FCAS_RAISE1SEC-Volume-Bids/PUBLIC_DVD_BIDPEROFFER1_202311010000.parquet/part.510.parquet
2025-03-19 18:57:23,510 - INFO - No duplicates found in s3://thesis--ec331-s3/FCAS_RAISE1SEC-Volume-Bids/PUBLIC_DVD_BIDPEROFFER1_202311010000.parquet/part.510.parquet
2025-03-19 18:57:23,511 - WARNING - Empty DataFrame will be written.
2025-03-19 18:57:23,662 - INFO - Wrote original 0 rows to s3://thesis--ec331-s3/de-duped-volume-bids/PUBLIC_DVD_BIDPEROFFER1_202311010000.parquet/part.51.parquet
2025-03-19 18:57:23,758 - INFO - Processing: s3://thesis--ec331-s3/FCAS_RAISE1SEC-Volume-Bids/PUBLIC_DVD_BIDPEROFFER1_202311010000.parquet/part.513.parquet
2025-03-19 18:57:23,762 - INFO - Target: s3://thesis--ec331-s3/de-duped-volume-bids/PUBLIC_DVD_BIDPEROFFER1_202311010000.parquet/part.513.parquet
2025-03-19 18:57:23,813 - INFO - Read 0 rows from s3://thesis--ec331-s3/FCAS_RAISE1SEC-Volume-Bids/PUBLIC_DVD_BIDPEROFFER1_202311010000.parquet/part.512.parquet
2025-03-19 18:57:23,816 - INFO - No duplicates found in s3://thesis--ec331-s3/FCAS_RAISE1SEC-Volume-Bids/PUBLIC_DVD_BIDPEROFFER1_202311010000.parquet/part.512.parquet
2025-03-19 18:57:23,817 - WARNING - Empty DataFrame will be written.
2025-03-19 18:57:23,831 - INFO - Wrote original 0 rows to s3://thesis--ec331-s3/de-duped-volume-bids/PUBLIC_DVD_BIDPEROFFER1_202311010000.parquet/part.510.parquet
2025-03-19 18:57:23,926 - INFO - Processing: s3://thesis--ec331-s3/FCAS_RAISE1SEC-Volume-Bids/PUBLIC_DVD_BIDPEROFFER1_202311010000.parquet/part.514.parquet
2025-03-19 18:57:23,931 - INFO - Target: s3://thesis--ec331-s3/de-duped-volume-bids/PUBLIC_DVD_BIDPEROFFER1_202311010000.parquet/part.514.parquet
2025-03-19 18:57:23,933 - INFO - Wrote original 0 rows to s3://thesis--ec331-s3/de-duped-volume-bids/PUBLIC_DVD_BIDPEROFFER1_202311010000.parquet/part.511.parquet
2025-03-19 18:57:24,040 - INFO - Processing: s3://thesis--ec331-s3/FCAS_RAISE1SEC-Volume-Bids/PUBLIC_DVD_BIDPEROFFER1_202311010000.parquet/part.515.parquet
2025-03-19 18:57:24,041 - INFO - Target: s3://thesis--ec331-s3/de-duped-volume-bids/PUBLIC_DVD_BIDPEROFFER1_202311010000.parquet/part.515.parquet
2025-03-19 18:57:24,229 - INFO - Read 0 rows from s3://thesis--ec331-s3/FCAS_RAISE1SEC-Volume-Bids/PUBLIC_DVD_BIDPEROFFER1_202311010000.parquet/part.513.parquet
2025-03-19 18:57:24,232 - INFO - No duplicates found in s3://thesis--ec331-s3/FCAS_RAISE1SEC-Volume-Bids/PUBLIC_DVD_BIDPEROFFER1_202311010000.parquet/part.513.parquet
2025-03-19 18:57:24,238 - WARNING - Empty DataFrame will be written.
2025-03-19 18:57:24,287 - INFO - Read 0 rows from s3://thesis--ec331-s3/FCAS_RAISE1SEC-Volume-Bids/PUBLIC_DVD_BIDPEROFFER1_202311010000.parquet/part.514.parquet
2025-03-19 18:57:24,291 - INFO - No duplicates found in s3://thesis--ec331-s3/FCAS_RAISE1SEC-Volume-Bids/PUBLIC_DVD_BIDPEROFFER1_202311010000.parquet/part.514.parquet
2025-03-19 18:57:24,293 - INFO - Wrote original 0 rows to s3://thesis--ec331-s3/de-duped-volume-bids/PUBLIC_DVD_BIDPEROFFER1_202311010000.parquet/part.512.parquet
2025-03-19 18:57:24,294 - WARNING - Empty DataFrame will be written.
2025-03-19 18:57:24,392 - INFO - Processing: s3://thesis--ec331-s3/FCAS_RAISE1SEC-Volume-Bids/PUBLIC_DVD_BIDPEROFFER1_202311010000.parquet/part.516.parquet
2025-03-19 18:57:24,399 - INFO - Target: s3://thesis--ec331-s3/de-duped-volume-bids/PUBLIC_DVD_BIDPEROFFER1_202311010000.parquet/part.516.parquet
2025-03-19 18:57:24,438 - INFO - Read 0 rows from s3://thesis--ec331-s3/FCAS_RAISE1SEC-Volume-Bids/PUBLIC_DVD_BIDPEROFFER1_202311010000.parquet/part.515.parquet
2025-03-19 18:57:24,442 - INFO - No duplicates found in s3://thesis--ec331-s3/FCAS_RAISE1SEC-Volume-Bids/PUBLIC_DVD_BIDPEROFFER1_202311010000.parquet/part.515.parquet
2025-03-19 18:57:24,443 - WARNING - Empty DataFrame will be written.
2025-03-19 18:57:24,581 - INFO - Wrote original 0 rows to s3://thesis--ec331-s3/de-duped-volume-bids/PUBLIC_DVD_BIDPEROFFER1_202311010000.parquet/part.513.parquet
2025-03-19 18:57:24,672 - INFO - Processing: s3://thesis--ec331-s3/FCAS_RAISE1SEC-Volume-Bids/PUBLIC_DVD_BIDPEROFFER1_202311010000.parquet/part.517.parquet
2025-03-19 18:57:24,679 - INFO - Target: s3://thesis--ec331-s3/de-duped-volume-bids/PUBLIC_DVD_BIDPEROFFER1_202311010000.parquet/part.517.parquet
2025-03-19 18:57:24,740 - INFO - Wrote original 0 rows to s3://thesis--ec331-s3/de-duped-volume-bids/PUBLIC_DVD_BIDPEROFFER1_202311010000.parquet/part.514.parquet
2025-03-19 18:57:24,829 - INFO - Processing: s3://thesis--ec331-s3/FCAS_RAISE1SEC-Volume-Bids/PUBLIC_DVD_BIDPEROFFER1_202311010000.parquet/part.518.parquet
2025-03-19 18:57:24,834 - INFO - Wrote original 0 rows to s3://thesis--ec331-s3/de-duped-volume-bids/PUBLIC_DVD_BIDPEROFFER1_202311010000.parquet/part.515.parquet
2025-03-19 18:57:24,836 - INFO - Target: s3://thesis--ec331-s3/de-duped-volume-bids/PUBLIC_DVD_BIDPEROFFER1_202311010000.parquet/part.518.parquet
2025-03-19 18:57:24,929 - INFO - Processing: s3://thesis--ec331-s3/FCAS_RAISE1SEC-Volume-Bids/PUBLIC_DVD_BIDPEROFFER1_202311010000.parquet/part.519.parquet
2025-03-19 18:57:24,947 - INFO - Target: s3://thesis--ec331-s3/de-duped-volume-bids/PUBLIC_DVD_BIDPEROFFER1_202311010000.parquet/part.519.parquet
2025-03-19 18:57:24,970 - INFO - Read 0 rows from s3://thesis--ec331-s3/FCAS_RAISE1SEC-Volume-Bids/PUBLIC_DVD_BIDPEROFFER1_202311010000.parquet/part.516.parquet
2025-03-19 18:57:24,972 - INFO - No duplicates found in s3://thesis--ec331-s3/FCAS_RAISE1SEC-Volume-Bids/PUBLIC_DVD_BIDPEROFFER1_202311010000.parquet/part.516.parquet
2025-03-19 18:57:24,973 - WARNING - Empty DataFrame will be written.
2025-03-19 18:57:25,133 - INFO - Read 0 rows from s3://thesis--ec331-s3/FCAS_RAISE1SEC-Volume-Bids/PUBLIC_DVD_BIDPEROFFER1_202311010000.parquet/part.517.parquet
2025-03-19 18:57:25,136 - INFO - No duplicates found in s3://thesis--ec331-s3/FCAS_RAISE1SEC-Volume-Bids/PUBLIC_DVD_BIDPEROFFER1_202311010000.parquet/part.517.parquet
2025-03-19 18:57:25,137 - WARNING - Empty DataFrame will be written.
2025-03-19 18:57:25,185 - INFO - Wrote original 0 rows to s3://thesis--ec331-s3/de-duped-volume-bids/PUBLIC_DVD_BIDPEROFFER1_202311010000.parquet/part.516.parquet
2025-03-19 18:57:25,282 - INFO - Processing: s3://thesis--ec331-s3/FCAS_RAISE1SEC-Volume-Bids/PUBLIC_DVD_BIDPEROFFER1_202311010000.parquet/part.52.parquet
2025-03-19 18:57:25,289 - INFO - Target: s3://thesis--ec331-s3/de-duped-volume-bids/PUBLIC_DVD_BIDPEROFFER1_202311010000.parquet/part.52.parquet
2025-03-19 18:57:25,317 - INFO - Read 0 rows from s3://thesis--ec331-s3/FCAS_RAISE1SEC-Volume-Bids/PUBLIC_DVD_BIDPEROFFER1_202311010000.parquet/part.518.parquet
2025-03-19 18:57:25,322 - INFO - No duplicates found in s3://thesis--ec331-s3/FCAS_RAISE1SEC-Volume-Bids/PUBLIC_DVD_BIDPEROFFER1_202311010000.parquet/part.518.parquet
2025-03-19 18:57:25,323 - WARNING - Empty DataFrame will be written.
2025-03-19 18:57:25,348 - INFO - Read 0 rows from s3://thesis--ec331-s3/FCAS_RAISE1SEC-Volume-Bids/PUBLIC_DVD_BIDPEROFFER1_202311010000.parquet/part.519.parquet
2025-03-19 18:57:25,351 - INFO - No duplicates found in s3://thesis--ec331-s3/FCAS_RAISE1SEC-Volume-Bids/PUBLIC_DVD_BIDPEROFFER1_202311010000.parquet/part.519.parquet
2025-03-19 18:57:25,352 - WARNING - Empty DataFrame will be written.
2025-03-19 18:57:25,444 - INFO - Wrote original 0 rows to s3://thesis--ec331-s3/de-duped-volume-bids/PUBLIC_DVD_BIDPEROFFER1_202311010000.parquet/part.517.parquet
2025-03-19 18:57:25,542 - INFO - Processing: s3://thesis--ec331-s3/FCAS_RAISE1SEC-Volume-Bids/PUBLIC_DVD_BIDPEROFFER1_202311010000.parquet/part.520.parquet
2025-03-19 18:57:25,544 - INFO - Target: s3://thesis--ec331-s3/de-duped-volume-bids/PUBLIC_DVD_BIDPEROFFER1_202311010000.parquet/part.520.parquet
2025-03-19 18:57:25,624 - INFO - Read 0 rows from s3://thesis--ec331-s3/FCAS_RAISE1SEC-Volume-Bids/PUBLIC_DVD_BIDPEROFFER1_202311010000.parquet/part.52.parquet
2025-03-19 18:57:25,627 - INFO - No duplicates found in s3://thesis--ec331-s3/FCAS_RAISE1SEC-Volume-Bids/PUBLIC_DVD_BIDPEROFFER1_202311010000.parquet/part.52.parquet
2025-03-19 18:57:25,629 - WARNING - Empty DataFrame will be written.
2025-03-19 18:57:25,692 - INFO - Wrote original 0 rows to s3://thesis--ec331-s3/de-duped-volume-bids/PUBLIC_DVD_BIDPEROFFER1_202311010000.parquet/part.518.parquet
2025-03-19 18:57:25,787 - INFO - Processing: s3://thesis--ec331-s3/FCAS_RAISE1SEC-Volume-Bids/PUBLIC_DVD_BIDPEROFFER1_202311010000.parquet/part.521.parquet
2025-03-19 18:57:25,789 - INFO - Target: s3://thesis--ec331-s3/de-duped-volume-bids/PUBLIC_DVD_BIDPEROFFER1_202311010000.parquet/part.521.parquet
2025-03-19 18:57:25,833 - INFO - Wrote original 0 rows to s3://thesis--ec331-s3/de-duped-volume-bids/PUBLIC_DVD_BIDPEROFFER1_202311010000.parquet/part.519.parquet
2025-03-19 18:57:25,933 - INFO - Processing: s3://thesis--ec331-s3/FCAS_RAISE1SEC-Volume-Bids/PUBLIC_DVD_BIDPEROFFER1_202311010000.parquet/part.522.parquet
2025-03-19 18:57:25,937 - INFO - Target: s3://thesis--ec331-s3/de-duped-volume-bids/PUBLIC_DVD_BIDPEROFFER1_202311010000.parquet/part.522.parquet
2025-03-19 18:57:25,965 - INFO - Read 0 rows from s3://thesis--ec331-s3/FCAS_RAISE1SEC-Volume-Bids/PUBLIC_DVD_BIDPEROFFER1_202311010000.parquet/part.520.parquet
2025-03-19 18:57:25,969 - INFO - No duplicates found in s3://thesis--ec331-s3/FCAS_RAISE1SEC-Volume-Bids/PUBLIC_DVD_BIDPEROFFER1_202311010000.parquet/part.520.parquet
2025-03-19 18:57:25,969 - WARNING - Empty DataFrame will be written.
2025-03-19 18:57:26,009 - INFO - Wrote original 0 rows to s3://thesis--ec331-s3/de-duped-volume-bids/PUBLIC_DVD_BIDPEROFFER1_202311010000.parquet/part.52.parquet
2025-03-19 18:57:26,107 - INFO - Processing: s3://thesis--ec331-s3/FCAS_RAISE1SEC-Volume-Bids/PUBLIC_DVD_BIDPEROFFER1_202311010000.parquet/part.523.parquet
2025-03-19 18:57:26,109 - INFO - Target: s3://thesis--ec331-s3/de-duped-volume-bids/PUBLIC_DVD_BIDPEROFFER1_202311010000.parquet/part.523.parquet
2025-03-19 18:57:26,204 - INFO - Read 0 rows from s3://thesis--ec331-s3/FCAS_RAISE1SEC-Volume-Bids/PUBLIC_DVD_BIDPEROFFER1_202311010000.parquet/part.521.parquet
2025-03-19 18:57:26,207 - INFO - No duplicates found in s3://thesis--ec331-s3/FCAS_RAISE1SEC-Volume-Bids/PUBLIC_DVD_BIDPEROFFER1_202311010000.parquet/part.521.parquet
2025-03-19 18:57:26,208 - WARNING - Empty DataFrame will be written.
2025-03-19 18:57:26,264 - INFO - Wrote original 0 rows to s3://thesis--ec331-s3/de-duped-volume-bids/PUBLIC_DVD_BIDPEROFFER1_202311010000.parquet/part.520.parquet
2025-03-19 18:57:26,364 - INFO - Processing: s3://thesis--ec331-s3/FCAS_RAISE1SEC-Volume-Bids/PUBLIC_DVD_BIDPEROFFER1_202311010000.parquet/part.524.parquet
2025-03-19 18:57:26,366 - INFO - Target: s3://thesis--ec331-s3/de-duped-volume-bids/PUBLIC_DVD_BIDPEROFFER1_202311010000.parquet/part.524.parquet
2025-03-19 18:57:26,405 - INFO - Read 0 rows from s3://thesis--ec331-s3/FCAS_RAISE1SEC-Volume-Bids/PUBLIC_DVD_BIDPEROFFER1_202311010000.parquet/part.522.parquet
2025-03-19 18:57:26,408 - INFO - No duplicates found in s3://thesis--ec331-s3/FCAS_RAISE1SEC-Volume-Bids/PUBLIC_DVD_BIDPEROFFER1_202311010000.parquet/part.522.parquet
2025-03-19 18:57:26,409 - WARNING - Empty DataFrame will be written.
2025-03-19 18:57:26,514 - INFO - Read 0 rows from s3://thesis--ec331-s3/FCAS_RAISE1SEC-Volume-Bids/PUBLIC_DVD_BIDPEROFFER1_202311010000.parquet/part.523.parquet
2025-03-19 18:57:26,517 - INFO - No duplicates found in s3://thesis--ec331-s3/FCAS_RAISE1SEC-Volume-Bids/PUBLIC_DVD_BIDPEROFFER1_202311010000.parquet/part.523.parquet
2025-03-19 18:57:26,519 - WARNING - Empty DataFrame will be written.
2025-03-19 18:57:26,567 - INFO - Wrote original 0 rows to s3://thesis--ec331-s3/de-duped-volume-bids/PUBLIC_DVD_BIDPEROFFER1_202311010000.parquet/part.521.parquet
2025-03-19 18:57:26,668 - INFO - Processing: s3://thesis--ec331-s3/FCAS_RAISE1SEC-Volume-Bids/PUBLIC_DVD_BIDPEROFFER1_202311010000.parquet/part.525.parquet
2025-03-19 18:57:26,674 - INFO - Target: s3://thesis--ec331-s3/de-duped-volume-bids/PUBLIC_DVD_BIDPEROFFER1_202311010000.parquet/part.525.parquet
2025-03-19 18:57:26,726 - INFO - Read 0 rows from s3://thesis--ec331-s3/FCAS_RAISE1SEC-Volume-Bids/PUBLIC_DVD_BIDPEROFFER1_202311010000.parquet/part.524.parquet
2025-03-19 18:57:26,729 - INFO - No duplicates found in s3://thesis--ec331-s3/FCAS_RAISE1SEC-Volume-Bids/PUBLIC_DVD_BIDPEROFFER1_202311010000.parquet/part.524.parquet
2025-03-19 18:57:26,730 - WARNING - Empty DataFrame will be written.
2025-03-19 18:57:26,734 - INFO - Wrote original 0 rows to s3://thesis--ec331-s3/de-duped-volume-bids/PUBLIC_DVD_BIDPEROFFER1_202311010000.parquet/part.522.parquet
2025-03-19 18:57:26,830 - INFO - Processing: s3://thesis--ec331-s3/FCAS_RAISE1SEC-Volume-Bids/PUBLIC_DVD_BIDPEROFFER1_202311010000.parquet/part.526.parquet
2025-03-19 18:57:26,839 - INFO - Target: s3://thesis--ec331-s3/de-duped-volume-bids/PUBLIC_DVD_BIDPEROFFER1_202311010000.parquet/part.526.parquet
2025-03-19 18:57:26,902 - INFO - Wrote original 0 rows to s3://thesis--ec331-s3/de-duped-volume-bids/PUBLIC_DVD_BIDPEROFFER1_202311010000.parquet/part.523.parquet
2025-03-19 18:57:26,996 - INFO - Processing: s3://thesis--ec331-s3/FCAS_RAISE1SEC-Volume-Bids/PUBLIC_DVD_BIDPEROFFER1_202311010000.parquet/part.527.parquet
2025-03-19 18:57:26,998 - INFO - Target: s3://thesis--ec331-s3/de-duped-volume-bids/PUBLIC_DVD_BIDPEROFFER1_202311010000.parquet/part.527.parquet
2025-03-19 18:57:27,116 - INFO - Read 0 rows from s3://thesis--ec331-s3/FCAS_RAISE1SEC-Volume-Bids/PUBLIC_DVD_BIDPEROFFER1_202311010000.parquet/part.525.parquet
2025-03-19 18:57:27,125 - INFO - No duplicates found in s3://thesis--ec331-s3/FCAS_RAISE1SEC-Volume-Bids/PUBLIC_DVD_BIDPEROFFER1_202311010000.parquet/part.525.parquet
2025-03-19 18:57:27,126 - WARNING - Empty DataFrame will be written.
2025-03-19 18:57:27,177 - INFO - Read 0 rows from s3://thesis--ec331-s3/FCAS_RAISE1SEC-Volume-Bids/PUBLIC_DVD_BIDPEROFFER1_202311010000.parquet/part.526.parquet
2025-03-19 18:57:27,180 - INFO - Wrote original 0 rows to s3://thesis--ec331-s3/de-duped-volume-bids/PUBLIC_DVD_BIDPEROFFER1_202311010000.parquet/part.524.parquet
2025-03-19 18:57:27,182 - INFO - No duplicates found in s3://thesis--ec331-s3/FCAS_RAISE1SEC-Volume-Bids/PUBLIC_DVD_BIDPEROFFER1_202311010000.parquet/part.526.parquet
2025-03-19 18:57:27,283 - INFO - Processing: s3://thesis--ec331-s3/FCAS_RAISE1SEC-Volume-Bids/PUBLIC_DVD_BIDPEROFFER1_202311010000.parquet/part.528.parquet
2025-03-19 18:57:27,284 - WARNING - Empty DataFrame will be written.
2025-03-19 18:57:27,285 - INFO - Target: s3://thesis--ec331-s3/de-duped-volume-bids/PUBLIC_DVD_BIDPEROFFER1_202311010000.parquet/part.528.parquet
2025-03-19 18:57:27,351 - INFO - Read 0 rows from s3://thesis--ec331-s3/FCAS_RAISE1SEC-Volume-Bids/PUBLIC_DVD_BIDPEROFFER1_202311010000.parquet/part.527.parquet
2025-03-19 18:57:27,353 - INFO - No duplicates found in s3://thesis--ec331-s3/FCAS_RAISE1SEC-Volume-Bids/PUBLIC_DVD_BIDPEROFFER1_202311010000.parquet/part.527.parquet
2025-03-19 18:57:27,354 - WARNING - Empty DataFrame will be written.
2025-03-19 18:57:27,494 - INFO - Wrote original 0 rows to s3://thesis--ec331-s3/de-duped-volume-bids/PUBLIC_DVD_BIDPEROFFER1_202311010000.parquet/part.525.parquet
2025-03-19 18:57:27,589 - INFO - Processing: s3://thesis--ec331-s3/FCAS_RAISE1SEC-Volume-Bids/PUBLIC_DVD_BIDPEROFFER1_202311010000.parquet/part.529.parquet
2025-03-19 18:57:27,596 - INFO - Target: s3://thesis--ec331-s3/de-duped-volume-bids/PUBLIC_DVD_BIDPEROFFER1_202311010000.parquet/part.529.parquet
2025-03-19 18:57:27,639 - INFO - Wrote original 0 rows to s3://thesis--ec331-s3/de-duped-volume-bids/PUBLIC_DVD_BIDPEROFFER1_202311010000.parquet/part.526.parquet
2025-03-19 18:57:27,733 - INFO - Processing: s3://thesis--ec331-s3/FCAS_RAISE1SEC-Volume-Bids/PUBLIC_DVD_BIDPEROFFER1_202311010000.parquet/part.53.parquet
2025-03-19 18:57:27,734 - INFO - Target: s3://thesis--ec331-s3/de-duped-volume-bids/PUBLIC_DVD_BIDPEROFFER1_202311010000.parquet/part.53.parquet
2025-03-19 18:57:27,762 - INFO - Read 0 rows from s3://thesis--ec331-s3/FCAS_RAISE1SEC-Volume-Bids/PUBLIC_DVD_BIDPEROFFER1_202311010000.parquet/part.528.parquet
2025-03-19 18:57:27,766 - INFO - Wrote original 0 rows to s3://thesis--ec331-s3/de-duped-volume-bids/PUBLIC_DVD_BIDPEROFFER1_202311010000.parquet/part.527.parquet
2025-03-19 18:57:27,769 - INFO - No duplicates found in s3://thesis--ec331-s3/FCAS_RAISE1SEC-Volume-Bids/PUBLIC_DVD_BIDPEROFFER1_202311010000.parquet/part.528.parquet
2025-03-19 18:57:27,860 - INFO - Processing: s3://thesis--ec331-s3/FCAS_RAISE1SEC-Volume-Bids/PUBLIC_DVD_BIDPEROFFER1_202311010000.parquet/part.530.parquet
2025-03-19 18:57:27,862 - WARNING - Empty DataFrame will be written.
2025-03-19 18:57:27,863 - INFO - Target: s3://thesis--ec331-s3/de-duped-volume-bids/PUBLIC_DVD_BIDPEROFFER1_202311010000.parquet/part.530.parquet
2025-03-19 18:57:27,958 - INFO - Read 0 rows from s3://thesis--ec331-s3/FCAS_RAISE1SEC-Volume-Bids/PUBLIC_DVD_BIDPEROFFER1_202311010000.parquet/part.529.parquet
2025-03-19 18:57:27,961 - INFO - No duplicates found in s3://thesis--ec331-s3/FCAS_RAISE1SEC-Volume-Bids/PUBLIC_DVD_BIDPEROFFER1_202311010000.parquet/part.529.parquet
2025-03-19 18:57:27,962 - WARNING - Empty DataFrame will be written.
2025-03-19 18:57:28,061 - INFO - Read 0 rows from s3://thesis--ec331-s3/FCAS_RAISE1SEC-Volume-Bids/PUBLIC_DVD_BIDPEROFFER1_202311010000.parquet/part.53.parquet
2025-03-19 18:57:28,064 - INFO - No duplicates found in s3://thesis--ec331-s3/FCAS_RAISE1SEC-Volume-Bids/PUBLIC_DVD_BIDPEROFFER1_202311010000.parquet/part.53.parquet
2025-03-19 18:57:28,065 - WARNING - Empty DataFrame will be written.
2025-03-19 18:57:28,125 - INFO - Read 0 rows from s3://thesis--ec331-s3/FCAS_RAISE1SEC-Volume-Bids/PUBLIC_DVD_BIDPEROFFER1_202311010000.parquet/part.530.parquet
2025-03-19 18:57:28,128 - INFO - No duplicates found in s3://thesis--ec331-s3/FCAS_RAISE1SEC-Volume-Bids/PUBLIC_DVD_BIDPEROFFER1_202311010000.parquet/part.530.parquet
2025-03-19 18:57:28,129 - WARNING - Empty DataFrame will be written.
2025-03-19 18:57:28,138 - INFO - Wrote original 0 rows to s3://thesis--ec331-s3/de-duped-volume-bids/PUBLIC_DVD_BIDPEROFFER1_202311010000.parquet/part.528.parquet
2025-03-19 18:57:28,249 - INFO - Processing: s3://thesis--ec331-s3/FCAS_RAISE1SEC-Volume-Bids/PUBLIC_DVD_BIDPEROFFER1_202311010000.parquet/part.531.parquet
2025-03-19 18:57:28,250 - INFO - Target: s3://thesis--ec331-s3/de-duped-volume-bids/PUBLIC_DVD_BIDPEROFFER1_202311010000.parquet/part.531.parquet
2025-03-19 18:57:28,301 - INFO - Wrote original 0 rows to s3://thesis--ec331-s3/de-duped-volume-bids/PUBLIC_DVD_BIDPEROFFER1_202311010000.parquet/part.529.parquet
2025-03-19 18:57:28,397 - INFO - Processing: s3://thesis--ec331-s3/FCAS_RAISE1SEC-Volume-Bids/PUBLIC_DVD_BIDPEROFFER1_202311010000.parquet/part.532.parquet
2025-03-19 18:57:28,399 - INFO - Target: s3://thesis--ec331-s3/de-duped-volume-bids/PUBLIC_DVD_BIDPEROFFER1_202311010000.parquet/part.532.parquet
2025-03-19 18:57:28,478 - INFO - Wrote original 0 rows to s3://thesis--ec331-s3/de-duped-volume-bids/PUBLIC_DVD_BIDPEROFFER1_202311010000.parquet/part.53.parquet
2025-03-19 18:57:28,564 - INFO - Processing: s3://thesis--ec331-s3/FCAS_RAISE1SEC-Volume-Bids/PUBLIC_DVD_BIDPEROFFER1_202311010000.parquet/part.533.parquet
2025-03-19 18:57:28,566 - INFO - Target: s3://thesis--ec331-s3/de-duped-volume-bids/PUBLIC_DVD_BIDPEROFFER1_202311010000.parquet/part.533.parquet
2025-03-19 18:57:28,609 - INFO - Wrote original 0 rows to s3://thesis--ec331-s3/de-duped-volume-bids/PUBLIC_DVD_BIDPEROFFER1_202311010000.parquet/part.530.parquet
2025-03-19 18:57:28,698 - INFO - Processing: s3://thesis--ec331-s3/FCAS_RAISE1SEC-Volume-Bids/PUBLIC_DVD_BIDPEROFFER1_202311010000.parquet/part.534.parquet
2025-03-19 18:57:28,705 - INFO - Target: s3://thesis--ec331-s3/de-duped-volume-bids/PUBLIC_DVD_BIDPEROFFER1_202311010000.parquet/part.534.parquet
2025-03-19 18:57:28,739 - INFO - Read 0 rows from s3://thesis--ec331-s3/FCAS_RAISE1SEC-Volume-Bids/PUBLIC_DVD_BIDPEROFFER1_202311010000.parquet/part.531.parquet
2025-03-19 18:57:28,743 - INFO - No duplicates found in s3://thesis--ec331-s3/FCAS_RAISE1SEC-Volume-Bids/PUBLIC_DVD_BIDPEROFFER1_202311010000.parquet/part.531.parquet
2025-03-19 18:57:28,744 - WARNING - Empty DataFrame will be written.
2025-03-19 18:57:28,810 - INFO - Read 0 rows from s3://thesis--ec331-s3/FCAS_RAISE1SEC-Volume-Bids/PUBLIC_DVD_BIDPEROFFER1_202311010000.parquet/part.532.parquet
2025-03-19 18:57:28,814 - INFO - No duplicates found in s3://thesis--ec331-s3/FCAS_RAISE1SEC-Volume-Bids/PUBLIC_DVD_BIDPEROFFER1_202311010000.parquet/part.532.parquet
2025-03-19 18:57:28,820 - WARNING - Empty DataFrame will be written.
2025-03-19 18:57:28,888 - INFO - Read 0 rows from s3://thesis--ec331-s3/FCAS_RAISE1SEC-Volume-Bids/PUBLIC_DVD_BIDPEROFFER1_202311010000.parquet/part.533.parquet
2025-03-19 18:57:28,891 - INFO - No duplicates found in s3://thesis--ec331-s3/FCAS_RAISE1SEC-Volume-Bids/PUBLIC_DVD_BIDPEROFFER1_202311010000.parquet/part.533.parquet
2025-03-19 18:57:28,891 - WARNING - Empty DataFrame will be written.
2025-03-19 18:57:28,940 - INFO - Read 0 rows from s3://thesis--ec331-s3/FCAS_RAISE1SEC-Volume-Bids/PUBLIC_DVD_BIDPEROFFER1_202311010000.parquet/part.534.parquet
2025-03-19 18:57:28,942 - INFO - No duplicates found in s3://thesis--ec331-s3/FCAS_RAISE1SEC-Volume-Bids/PUBLIC_DVD_BIDPEROFFER1_202311010000.parquet/part.534.parquet
2025-03-19 18:57:28,943 - WARNING - Empty DataFrame will be written.
2025-03-19 18:57:28,988 - INFO - Wrote original 0 rows to s3://thesis--ec331-s3/de-duped-volume-bids/PUBLIC_DVD_BIDPEROFFER1_202311010000.parquet/part.531.parquet
2025-03-19 18:57:29,085 - INFO - Processing: s3://thesis--ec331-s3/FCAS_RAISE1SEC-Volume-Bids/PUBLIC_DVD_BIDPEROFFER1_202311010000.parquet/part.535.parquet
2025-03-19 18:57:29,087 - INFO - Target: s3://thesis--ec331-s3/de-duped-volume-bids/PUBLIC_DVD_BIDPEROFFER1_202311010000.parquet/part.535.parquet
2025-03-19 18:57:29,127 - INFO - Wrote original 0 rows to s3://thesis--ec331-s3/de-duped-volume-bids/PUBLIC_DVD_BIDPEROFFER1_202311010000.parquet/part.533.parquet
2025-03-19 18:57:29,217 - INFO - Processing: s3://thesis--ec331-s3/FCAS_RAISE1SEC-Volume-Bids/PUBLIC_DVD_BIDPEROFFER1_202311010000.parquet/part.536.parquet
2025-03-19 18:57:29,220 - INFO - Target: s3://thesis--ec331-s3/de-duped-volume-bids/PUBLIC_DVD_BIDPEROFFER1_202311010000.parquet/part.536.parquet
2025-03-19 18:57:29,221 - INFO - Wrote original 0 rows to s3://thesis--ec331-s3/de-duped-volume-bids/PUBLIC_DVD_BIDPEROFFER1_202311010000.parquet/part.532.parquet
2025-03-19 18:57:29,320 - INFO - Processing: s3://thesis--ec331-s3/FCAS_RAISE1SEC-Volume-Bids/PUBLIC_DVD_BIDPEROFFER1_202311010000.parquet/part.537.parquet
2025-03-19 18:57:29,328 - INFO - Target: s3://thesis--ec331-s3/de-duped-volume-bids/PUBLIC_DVD_BIDPEROFFER1_202311010000.parquet/part.537.parquet
2025-03-19 18:57:29,348 - INFO - Wrote original 0 rows to s3://thesis--ec331-s3/de-duped-volume-bids/PUBLIC_DVD_BIDPEROFFER1_202311010000.parquet/part.534.parquet
2025-03-19 18:57:29,441 - INFO - Processing: s3://thesis--ec331-s3/FCAS_RAISE1SEC-Volume-Bids/PUBLIC_DVD_BIDPEROFFER1_202311010000.parquet/part.538.parquet
2025-03-19 18:57:29,443 - INFO - Target: s3://thesis--ec331-s3/de-duped-volume-bids/PUBLIC_DVD_BIDPEROFFER1_202311010000.parquet/part.538.parquet
2025-03-19 18:57:29,559 - INFO - Read 0 rows from s3://thesis--ec331-s3/FCAS_RAISE1SEC-Volume-Bids/PUBLIC_DVD_BIDPEROFFER1_202311010000.parquet/part.535.parquet
2025-03-19 18:57:29,563 - INFO - No duplicates found in s3://thesis--ec331-s3/FCAS_RAISE1SEC-Volume-Bids/PUBLIC_DVD_BIDPEROFFER1_202311010000.parquet/part.535.parquet
2025-03-19 18:57:29,564 - WARNING - Empty DataFrame will be written.
2025-03-19 18:57:29,648 - INFO - Read 0 rows from s3://thesis--ec331-s3/FCAS_RAISE1SEC-Volume-Bids/PUBLIC_DVD_BIDPEROFFER1_202311010000.parquet/part.537.parquet
2025-03-19 18:57:29,653 - INFO - No duplicates found in s3://thesis--ec331-s3/FCAS_RAISE1SEC-Volume-Bids/PUBLIC_DVD_BIDPEROFFER1_202311010000.parquet/part.537.parquet
2025-03-19 18:57:29,658 - WARNING - Empty DataFrame will be written.
2025-03-19 18:57:29,696 - INFO - Read 0 rows from s3://thesis--ec331-s3/FCAS_RAISE1SEC-Volume-Bids/PUBLIC_DVD_BIDPEROFFER1_202311010000.parquet/part.536.parquet
2025-03-19 18:57:29,699 - INFO - No duplicates found in s3://thesis--ec331-s3/FCAS_RAISE1SEC-Volume-Bids/PUBLIC_DVD_BIDPEROFFER1_202311010000.parquet/part.536.parquet
2025-03-19 18:57:29,701 - WARNING - Empty DataFrame will be written.
2025-03-19 18:57:29,726 - INFO - Read 0 rows from s3://thesis--ec331-s3/FCAS_RAISE1SEC-Volume-Bids/PUBLIC_DVD_BIDPEROFFER1_202311010000.parquet/part.538.parquet
2025-03-19 18:57:29,730 - INFO - No duplicates found in s3://thesis--ec331-s3/FCAS_RAISE1SEC-Volume-Bids/PUBLIC_DVD_BIDPEROFFER1_202311010000.parquet/part.538.parquet
2025-03-19 18:57:29,732 - WARNING - Empty DataFrame will be written.
2025-03-19 18:57:29,822 - INFO - Wrote original 0 rows to s3://thesis--ec331-s3/de-duped-volume-bids/PUBLIC_DVD_BIDPEROFFER1_202311010000.parquet/part.535.parquet
2025-03-19 18:57:29,923 - INFO - Processing: s3://thesis--ec331-s3/FCAS_RAISE1SEC-Volume-Bids/PUBLIC_DVD_BIDPEROFFER1_202311010000.parquet/part.539.parquet
2025-03-19 18:57:29,925 - INFO - Target: s3://thesis--ec331-s3/de-duped-volume-bids/PUBLIC_DVD_BIDPEROFFER1_202311010000.parquet/part.539.parquet
2025-03-19 18:57:30,083 - INFO - Wrote original 0 rows to s3://thesis--ec331-s3/de-duped-volume-bids/PUBLIC_DVD_BIDPEROFFER1_202311010000.parquet/part.537.parquet
2025-03-19 18:57:30,177 - INFO - Processing: s3://thesis--ec331-s3/FCAS_RAISE1SEC-Volume-Bids/PUBLIC_DVD_BIDPEROFFER1_202311010000.parquet/part.54.parquet
2025-03-19 18:57:30,182 - INFO - Wrote original 0 rows to s3://thesis--ec331-s3/de-duped-volume-bids/PUBLIC_DVD_BIDPEROFFER1_202311010000.parquet/part.538.parquet
2025-03-19 18:57:30,183 - INFO - Wrote original 0 rows to s3://thesis--ec331-s3/de-duped-volume-bids/PUBLIC_DVD_BIDPEROFFER1_202311010000.parquet/part.536.parquet
2025-03-19 18:57:30,184 - INFO - Target: s3://thesis--ec331-s3/de-duped-volume-bids/PUBLIC_DVD_BIDPEROFFER1_202311010000.parquet/part.54.parquet
2025-03-19 18:57:30,273 - INFO - Processing: s3://thesis--ec331-s3/FCAS_RAISE1SEC-Volume-Bids/PUBLIC_DVD_BIDPEROFFER1_202311010000.parquet/part.540.parquet
2025-03-19 18:57:30,360 - INFO - Processing: s3://thesis--ec331-s3/FCAS_RAISE1SEC-Volume-Bids/PUBLIC_DVD_BIDPEROFFER1_202311010000.parquet/part.541.parquet
2025-03-19 18:57:30,378 - INFO - Target: s3://thesis--ec331-s3/de-duped-volume-bids/PUBLIC_DVD_BIDPEROFFER1_202311010000.parquet/part.540.parquet
2025-03-19 18:57:30,379 - INFO - Target: s3://thesis--ec331-s3/de-duped-volume-bids/PUBLIC_DVD_BIDPEROFFER1_202311010000.parquet/part.541.parquet
2025-03-19 18:57:30,420 - INFO - Read 0 rows from s3://thesis--ec331-s3/FCAS_RAISE1SEC-Volume-Bids/PUBLIC_DVD_BIDPEROFFER1_202311010000.parquet/part.539.parquet
2025-03-19 18:57:30,423 - INFO - No duplicates found in s3://thesis--ec331-s3/FCAS_RAISE1SEC-Volume-Bids/PUBLIC_DVD_BIDPEROFFER1_202311010000.parquet/part.539.parquet
2025-03-19 18:57:30,424 - WARNING - Empty DataFrame will be written.
2025-03-19 18:57:30,623 - INFO - Read 0 rows from s3://thesis--ec331-s3/FCAS_RAISE1SEC-Volume-Bids/PUBLIC_DVD_BIDPEROFFER1_202311010000.parquet/part.54.parquet
2025-03-19 18:57:30,631 - INFO - No duplicates found in s3://thesis--ec331-s3/FCAS_RAISE1SEC-Volume-Bids/PUBLIC_DVD_BIDPEROFFER1_202311010000.parquet/part.54.parquet
2025-03-19 18:57:30,632 - WARNING - Empty DataFrame will be written.
2025-03-19 18:57:30,637 - INFO - Wrote original 0 rows to s3://thesis--ec331-s3/de-duped-volume-bids/PUBLIC_DVD_BIDPEROFFER1_202311010000.parquet/part.539.parquet
2025-03-19 18:57:30,741 - INFO - Processing: s3://thesis--ec331-s3/FCAS_RAISE1SEC-Volume-Bids/PUBLIC_DVD_BIDPEROFFER1_202311010000.parquet/part.542.parquet
2025-03-19 18:57:30,750 - INFO - Target: s3://thesis--ec331-s3/de-duped-volume-bids/PUBLIC_DVD_BIDPEROFFER1_202311010000.parquet/part.542.parquet
2025-03-19 18:57:30,774 - INFO - Read 0 rows from s3://thesis--ec331-s3/FCAS_RAISE1SEC-Volume-Bids/PUBLIC_DVD_BIDPEROFFER1_202311010000.parquet/part.540.parquet
2025-03-19 18:57:30,777 - INFO - No duplicates found in s3://thesis--ec331-s3/FCAS_RAISE1SEC-Volume-Bids/PUBLIC_DVD_BIDPEROFFER1_202311010000.parquet/part.540.parquet
2025-03-19 18:57:30,778 - WARNING - Empty DataFrame will be written.
2025-03-19 18:57:30,809 - INFO - Read 0 rows from s3://thesis--ec331-s3/FCAS_RAISE1SEC-Volume-Bids/PUBLIC_DVD_BIDPEROFFER1_202311010000.parquet/part.541.parquet
2025-03-19 18:57:30,813 - INFO - No duplicates found in s3://thesis--ec331-s3/FCAS_RAISE1SEC-Volume-Bids/PUBLIC_DVD_BIDPEROFFER1_202311010000.parquet/part.541.parquet
2025-03-19 18:57:30,814 - WARNING - Empty DataFrame will be written.
2025-03-19 18:57:31,029 - INFO - Read 0 rows from s3://thesis--ec331-s3/FCAS_RAISE1SEC-Volume-Bids/PUBLIC_DVD_BIDPEROFFER1_202311010000.parquet/part.542.parquet
2025-03-19 18:57:31,031 - INFO - Wrote original 0 rows to s3://thesis--ec331-s3/de-duped-volume-bids/PUBLIC_DVD_BIDPEROFFER1_202311010000.parquet/part.54.parquet
2025-03-19 18:57:31,034 - INFO - No duplicates found in s3://thesis--ec331-s3/FCAS_RAISE1SEC-Volume-Bids/PUBLIC_DVD_BIDPEROFFER1_202311010000.parquet/part.542.parquet
2025-03-19 18:57:31,126 - INFO - Processing: s3://thesis--ec331-s3/FCAS_RAISE1SEC-Volume-Bids/PUBLIC_DVD_BIDPEROFFER1_202311010000.parquet/part.543.parquet
2025-03-19 18:57:31,130 - INFO - Wrote original 0 rows to s3://thesis--ec331-s3/de-duped-volume-bids/PUBLIC_DVD_BIDPEROFFER1_202311010000.parquet/part.540.parquet
2025-03-19 18:57:31,131 - WARNING - Empty DataFrame will be written.
2025-03-19 18:57:31,132 - INFO - Target: s3://thesis--ec331-s3/de-duped-volume-bids/PUBLIC_DVD_BIDPEROFFER1_202311010000.parquet/part.543.parquet
2025-03-19 18:57:31,220 - INFO - Processing: s3://thesis--ec331-s3/FCAS_RAISE1SEC-Volume-Bids/PUBLIC_DVD_BIDPEROFFER1_202311010000.parquet/part.544.parquet
2025-03-19 18:57:31,223 - INFO - Wrote original 0 rows to s3://thesis--ec331-s3/de-duped-volume-bids/PUBLIC_DVD_BIDPEROFFER1_202311010000.parquet/part.541.parquet
2025-03-19 18:57:31,249 - INFO - Target: s3://thesis--ec331-s3/de-duped-volume-bids/PUBLIC_DVD_BIDPEROFFER1_202311010000.parquet/part.544.parquet
2025-03-19 18:57:31,338 - INFO - Processing: s3://thesis--ec331-s3/FCAS_RAISE1SEC-Volume-Bids/PUBLIC_DVD_BIDPEROFFER1_202311010000.parquet/part.545.parquet
2025-03-19 18:57:31,351 - INFO - Target: s3://thesis--ec331-s3/de-duped-volume-bids/PUBLIC_DVD_BIDPEROFFER1_202311010000.parquet/part.545.parquet
2025-03-19 18:57:31,554 - INFO - Read 0 rows from s3://thesis--ec331-s3/FCAS_RAISE1SEC-Volume-Bids/PUBLIC_DVD_BIDPEROFFER1_202311010000.parquet/part.543.parquet
2025-03-19 18:57:31,557 - INFO - No duplicates found in s3://thesis--ec331-s3/FCAS_RAISE1SEC-Volume-Bids/PUBLIC_DVD_BIDPEROFFER1_202311010000.parquet/part.543.parquet
2025-03-19 18:57:31,558 - WARNING - Empty DataFrame will be written.
2025-03-19 18:57:31,616 - INFO - Read 0 rows from s3://thesis--ec331-s3/FCAS_RAISE1SEC-Volume-Bids/PUBLIC_DVD_BIDPEROFFER1_202311010000.parquet/part.544.parquet
2025-03-19 18:57:31,619 - INFO - No duplicates found in s3://thesis--ec331-s3/FCAS_RAISE1SEC-Volume-Bids/PUBLIC_DVD_BIDPEROFFER1_202311010000.parquet/part.544.parquet
2025-03-19 18:57:31,623 - INFO - Wrote original 0 rows to s3://thesis--ec331-s3/de-duped-volume-bids/PUBLIC_DVD_BIDPEROFFER1_202311010000.parquet/part.542.parquet
2025-03-19 18:57:31,625 - WARNING - Empty DataFrame will be written.
2025-03-19 18:57:31,721 - INFO - Processing: s3://thesis--ec331-s3/FCAS_RAISE1SEC-Volume-Bids/PUBLIC_DVD_BIDPEROFFER1_202311010000.parquet/part.546.parquet
2025-03-19 18:57:31,736 - INFO - Target: s3://thesis--ec331-s3/de-duped-volume-bids/PUBLIC_DVD_BIDPEROFFER1_202311010000.parquet/part.546.parquet
2025-03-19 18:57:31,768 - INFO - Read 0 rows from s3://thesis--ec331-s3/FCAS_RAISE1SEC-Volume-Bids/PUBLIC_DVD_BIDPEROFFER1_202311010000.parquet/part.545.parquet
2025-03-19 18:57:31,771 - INFO - No duplicates found in s3://thesis--ec331-s3/FCAS_RAISE1SEC-Volume-Bids/PUBLIC_DVD_BIDPEROFFER1_202311010000.parquet/part.545.parquet
2025-03-19 18:57:31,772 - WARNING - Empty DataFrame will be written.
2025-03-19 18:57:31,915 - INFO - Wrote original 0 rows to s3://thesis--ec331-s3/de-duped-volume-bids/PUBLIC_DVD_BIDPEROFFER1_202311010000.parquet/part.543.parquet
2025-03-19 18:57:32,003 - INFO - Processing: s3://thesis--ec331-s3/FCAS_RAISE1SEC-Volume-Bids/PUBLIC_DVD_BIDPEROFFER1_202311010000.parquet/part.547.parquet
2025-03-19 18:57:32,010 - INFO - Target: s3://thesis--ec331-s3/de-duped-volume-bids/PUBLIC_DVD_BIDPEROFFER1_202311010000.parquet/part.547.parquet
2025-03-19 18:57:32,046 - INFO - Wrote original 0 rows to s3://thesis--ec331-s3/de-duped-volume-bids/PUBLIC_DVD_BIDPEROFFER1_202311010000.parquet/part.545.parquet
2025-03-19 18:57:32,136 - INFO - Processing: s3://thesis--ec331-s3/FCAS_RAISE1SEC-Volume-Bids/PUBLIC_DVD_BIDPEROFFER1_202311010000.parquet/part.548.parquet
2025-03-19 18:57:32,139 - INFO - Target: s3://thesis--ec331-s3/de-duped-volume-bids/PUBLIC_DVD_BIDPEROFFER1_202311010000.parquet/part.548.parquet
2025-03-19 18:57:32,143 - INFO - Wrote original 0 rows to s3://thesis--ec331-s3/de-duped-volume-bids/PUBLIC_DVD_BIDPEROFFER1_202311010000.parquet/part.544.parquet
2025-03-19 18:57:32,244 - INFO - Processing: s3://thesis--ec331-s3/FCAS_RAISE1SEC-Volume-Bids/PUBLIC_DVD_BIDPEROFFER1_202311010000.parquet/part.549.parquet
2025-03-19 18:57:32,251 - INFO - Target: s3://thesis--ec331-s3/de-duped-volume-bids/PUBLIC_DVD_BIDPEROFFER1_202311010000.parquet/part.549.parquet
2025-03-19 18:57:32,274 - INFO - Read 0 rows from s3://thesis--ec331-s3/FCAS_RAISE1SEC-Volume-Bids/PUBLIC_DVD_BIDPEROFFER1_202311010000.parquet/part.546.parquet
2025-03-19 18:57:32,278 - INFO - No duplicates found in s3://thesis--ec331-s3/FCAS_RAISE1SEC-Volume-Bids/PUBLIC_DVD_BIDPEROFFER1_202311010000.parquet/part.546.parquet
2025-03-19 18:57:32,279 - WARNING - Empty DataFrame will be written.
2025-03-19 18:57:32,433 - INFO - Read 0 rows from s3://thesis--ec331-s3/FCAS_RAISE1SEC-Volume-Bids/PUBLIC_DVD_BIDPEROFFER1_202311010000.parquet/part.547.parquet
2025-03-19 18:57:32,437 - INFO - No duplicates found in s3://thesis--ec331-s3/FCAS_RAISE1SEC-Volume-Bids/PUBLIC_DVD_BIDPEROFFER1_202311010000.parquet/part.547.parquet
2025-03-19 18:57:32,443 - WARNING - Empty DataFrame will be written.
2025-03-19 18:57:32,496 - INFO - Wrote original 0 rows to s3://thesis--ec331-s3/de-duped-volume-bids/PUBLIC_DVD_BIDPEROFFER1_202311010000.parquet/part.546.parquet
2025-03-19 18:57:32,589 - INFO - Processing: s3://thesis--ec331-s3/FCAS_RAISE1SEC-Volume-Bids/PUBLIC_DVD_BIDPEROFFER1_202311010000.parquet/part.55.parquet
2025-03-19 18:57:32,597 - INFO - Target: s3://thesis--ec331-s3/de-duped-volume-bids/PUBLIC_DVD_BIDPEROFFER1_202311010000.parquet/part.55.parquet
2025-03-19 18:57:32,627 - INFO - Read 0 rows from s3://thesis--ec331-s3/FCAS_RAISE1SEC-Volume-Bids/PUBLIC_DVD_BIDPEROFFER1_202311010000.parquet/part.548.parquet
2025-03-19 18:57:32,630 - INFO - No duplicates found in s3://thesis--ec331-s3/FCAS_RAISE1SEC-Volume-Bids/PUBLIC_DVD_BIDPEROFFER1_202311010000.parquet/part.548.parquet
2025-03-19 18:57:32,631 - WARNING - Empty DataFrame will be written.
2025-03-19 18:57:32,655 - INFO - Read 0 rows from s3://thesis--ec331-s3/FCAS_RAISE1SEC-Volume-Bids/PUBLIC_DVD_BIDPEROFFER1_202311010000.parquet/part.549.parquet
2025-03-19 18:57:32,659 - INFO - No duplicates found in s3://thesis--ec331-s3/FCAS_RAISE1SEC-Volume-Bids/PUBLIC_DVD_BIDPEROFFER1_202311010000.parquet/part.549.parquet
2025-03-19 18:57:32,660 - WARNING - Empty DataFrame will be written.
2025-03-19 18:57:32,738 - INFO - Wrote original 0 rows to s3://thesis--ec331-s3/de-duped-volume-bids/PUBLIC_DVD_BIDPEROFFER1_202311010000.parquet/part.547.parquet
2025-03-19 18:57:32,832 - INFO - Processing: s3://thesis--ec331-s3/FCAS_RAISE1SEC-Volume-Bids/PUBLIC_DVD_BIDPEROFFER1_202311010000.parquet/part.550.parquet
2025-03-19 18:57:32,833 - INFO - Target: s3://thesis--ec331-s3/de-duped-volume-bids/PUBLIC_DVD_BIDPEROFFER1_202311010000.parquet/part.550.parquet
2025-03-19 18:57:32,941 - INFO - Read 0 rows from s3://thesis--ec331-s3/FCAS_RAISE1SEC-Volume-Bids/PUBLIC_DVD_BIDPEROFFER1_202311010000.parquet/part.55.parquet
2025-03-19 18:57:32,945 - INFO - No duplicates found in s3://thesis--ec331-s3/FCAS_RAISE1SEC-Volume-Bids/PUBLIC_DVD_BIDPEROFFER1_202311010000.parquet/part.55.parquet
2025-03-19 18:57:32,946 - WARNING - Empty DataFrame will be written.
2025-03-19 18:57:32,985 - INFO - Wrote original 0 rows to s3://thesis--ec331-s3/de-duped-volume-bids/PUBLIC_DVD_BIDPEROFFER1_202311010000.parquet/part.548.parquet
2025-03-19 18:57:33,081 - INFO - Wrote original 0 rows to s3://thesis--ec331-s3/de-duped-volume-bids/PUBLIC_DVD_BIDPEROFFER1_202311010000.parquet/part.549.parquet
2025-03-19 18:57:33,081 - INFO - Processing: s3://thesis--ec331-s3/FCAS_RAISE1SEC-Volume-Bids/PUBLIC_DVD_BIDPEROFFER1_202311010000.parquet/part.551.parquet
2025-03-19 18:57:33,170 - INFO - Processing: s3://thesis--ec331-s3/FCAS_RAISE1SEC-Volume-Bids/PUBLIC_DVD_BIDPEROFFER1_202311010000.parquet/part.552.parquet
2025-03-19 18:57:33,171 - INFO - Target: s3://thesis--ec331-s3/de-duped-volume-bids/PUBLIC_DVD_BIDPEROFFER1_202311010000.parquet/part.551.parquet
2025-03-19 18:57:33,172 - INFO - Target: s3://thesis--ec331-s3/de-duped-volume-bids/PUBLIC_DVD_BIDPEROFFER1_202311010000.parquet/part.552.parquet
2025-03-19 18:57:33,253 - INFO - Read 0 rows from s3://thesis--ec331-s3/FCAS_RAISE1SEC-Volume-Bids/PUBLIC_DVD_BIDPEROFFER1_202311010000.parquet/part.550.parquet
2025-03-19 18:57:33,256 - INFO - No duplicates found in s3://thesis--ec331-s3/FCAS_RAISE1SEC-Volume-Bids/PUBLIC_DVD_BIDPEROFFER1_202311010000.parquet/part.550.parquet
2025-03-19 18:57:33,257 - WARNING - Empty DataFrame will be written.
2025-03-19 18:57:33,346 - INFO - Wrote original 0 rows to s3://thesis--ec331-s3/de-duped-volume-bids/PUBLIC_DVD_BIDPEROFFER1_202311010000.parquet/part.55.parquet
2025-03-19 18:57:33,438 - INFO - Processing: s3://thesis--ec331-s3/FCAS_RAISE1SEC-Volume-Bids/PUBLIC_DVD_BIDPEROFFER1_202311010000.parquet/part.553.parquet
2025-03-19 18:57:33,440 - INFO - Target: s3://thesis--ec331-s3/de-duped-volume-bids/PUBLIC_DVD_BIDPEROFFER1_202311010000.parquet/part.553.parquet
2025-03-19 18:57:33,539 - INFO - Read 0 rows from s3://thesis--ec331-s3/FCAS_RAISE1SEC-Volume-Bids/PUBLIC_DVD_BIDPEROFFER1_202311010000.parquet/part.551.parquet
2025-03-19 18:57:33,542 - INFO - No duplicates found in s3://thesis--ec331-s3/FCAS_RAISE1SEC-Volume-Bids/PUBLIC_DVD_BIDPEROFFER1_202311010000.parquet/part.551.parquet
2025-03-19 18:57:33,542 - WARNING - Empty DataFrame will be written.
2025-03-19 18:57:33,569 - INFO - Read 0 rows from s3://thesis--ec331-s3/FCAS_RAISE1SEC-Volume-Bids/PUBLIC_DVD_BIDPEROFFER1_202311010000.parquet/part.552.parquet
2025-03-19 18:57:33,573 - INFO - No duplicates found in s3://thesis--ec331-s3/FCAS_RAISE1SEC-Volume-Bids/PUBLIC_DVD_BIDPEROFFER1_202311010000.parquet/part.552.parquet
2025-03-19 18:57:33,578 - WARNING - Empty DataFrame will be written.
2025-03-19 18:57:33,596 - INFO - Wrote original 0 rows to s3://thesis--ec331-s3/de-duped-volume-bids/PUBLIC_DVD_BIDPEROFFER1_202311010000.parquet/part.550.parquet
2025-03-19 18:57:33,695 - INFO - Processing: s3://thesis--ec331-s3/FCAS_RAISE1SEC-Volume-Bids/PUBLIC_DVD_BIDPEROFFER1_202311010000.parquet/part.554.parquet
2025-03-19 18:57:33,697 - INFO - Target: s3://thesis--ec331-s3/de-duped-volume-bids/PUBLIC_DVD_BIDPEROFFER1_202311010000.parquet/part.554.parquet
2025-03-19 18:57:33,788 - INFO - Read 0 rows from s3://thesis--ec331-s3/FCAS_RAISE1SEC-Volume-Bids/PUBLIC_DVD_BIDPEROFFER1_202311010000.parquet/part.553.parquet
2025-03-19 18:57:33,797 - INFO - No duplicates found in s3://thesis--ec331-s3/FCAS_RAISE1SEC-Volume-Bids/PUBLIC_DVD_BIDPEROFFER1_202311010000.parquet/part.553.parquet
2025-03-19 18:57:33,798 - WARNING - Empty DataFrame will be written.
2025-03-19 18:57:33,839 - INFO - Wrote original 0 rows to s3://thesis--ec331-s3/de-duped-volume-bids/PUBLIC_DVD_BIDPEROFFER1_202311010000.parquet/part.551.parquet
2025-03-19 18:57:33,935 - INFO - Processing: s3://thesis--ec331-s3/FCAS_RAISE1SEC-Volume-Bids/PUBLIC_DVD_BIDPEROFFER1_202311010000.parquet/part.555.parquet
2025-03-19 18:57:33,937 - INFO - Target: s3://thesis--ec331-s3/de-duped-volume-bids/PUBLIC_DVD_BIDPEROFFER1_202311010000.parquet/part.555.parquet
2025-03-19 18:57:33,998 - INFO - Wrote original 0 rows to s3://thesis--ec331-s3/de-duped-volume-bids/PUBLIC_DVD_BIDPEROFFER1_202311010000.parquet/part.552.parquet
2025-03-19 18:57:34,093 - INFO - Processing: s3://thesis--ec331-s3/FCAS_RAISE1SEC-Volume-Bids/PUBLIC_DVD_BIDPEROFFER1_202311010000.parquet/part.556.parquet
2025-03-19 18:57:34,094 - INFO - Target: s3://thesis--ec331-s3/de-duped-volume-bids/PUBLIC_DVD_BIDPEROFFER1_202311010000.parquet/part.556.parquet
2025-03-19 18:57:34,122 - INFO - Read 0 rows from s3://thesis--ec331-s3/FCAS_RAISE1SEC-Volume-Bids/PUBLIC_DVD_BIDPEROFFER1_202311010000.parquet/part.554.parquet
2025-03-19 18:57:34,126 - INFO - No duplicates found in s3://thesis--ec331-s3/FCAS_RAISE1SEC-Volume-Bids/PUBLIC_DVD_BIDPEROFFER1_202311010000.parquet/part.554.parquet
2025-03-19 18:57:34,127 - WARNING - Empty DataFrame will be written.
2025-03-19 18:57:34,162 - INFO - Wrote original 0 rows to s3://thesis--ec331-s3/de-duped-volume-bids/PUBLIC_DVD_BIDPEROFFER1_202311010000.parquet/part.553.parquet
2025-03-19 18:57:34,259 - INFO - Processing: s3://thesis--ec331-s3/FCAS_RAISE1SEC-Volume-Bids/PUBLIC_DVD_BIDPEROFFER1_202311010000.parquet/part.557.parquet
2025-03-19 18:57:34,260 - INFO - Target: s3://thesis--ec331-s3/de-duped-volume-bids/PUBLIC_DVD_BIDPEROFFER1_202311010000.parquet/part.557.parquet
2025-03-19 18:57:34,376 - INFO - Read 0 rows from s3://thesis--ec331-s3/FCAS_RAISE1SEC-Volume-Bids/PUBLIC_DVD_BIDPEROFFER1_202311010000.parquet/part.555.parquet
2025-03-19 18:57:34,379 - INFO - No duplicates found in s3://thesis--ec331-s3/FCAS_RAISE1SEC-Volume-Bids/PUBLIC_DVD_BIDPEROFFER1_202311010000.parquet/part.555.parquet
2025-03-19 18:57:34,381 - WARNING - Empty DataFrame will be written.
2025-03-19 18:57:34,409 - INFO - Wrote original 0 rows to s3://thesis--ec331-s3/de-duped-volume-bids/PUBLIC_DVD_BIDPEROFFER1_202311010000.parquet/part.554.parquet
2025-03-19 18:57:34,505 - INFO - Processing: s3://thesis--ec331-s3/FCAS_RAISE1SEC-Volume-Bids/PUBLIC_DVD_BIDPEROFFER1_202311010000.parquet/part.558.parquet
2025-03-19 18:57:34,511 - INFO - Target: s3://thesis--ec331-s3/de-duped-volume-bids/PUBLIC_DVD_BIDPEROFFER1_202311010000.parquet/part.558.parquet
2025-03-19 18:57:34,567 - INFO - Read 0 rows from s3://thesis--ec331-s3/FCAS_RAISE1SEC-Volume-Bids/PUBLIC_DVD_BIDPEROFFER1_202311010000.parquet/part.556.parquet
2025-03-19 18:57:34,570 - INFO - No duplicates found in s3://thesis--ec331-s3/FCAS_RAISE1SEC-Volume-Bids/PUBLIC_DVD_BIDPEROFFER1_202311010000.parquet/part.556.parquet
2025-03-19 18:57:34,575 - WARNING - Empty DataFrame will be written.
2025-03-19 18:57:34,623 - INFO - Read 0 rows from s3://thesis--ec331-s3/FCAS_RAISE1SEC-Volume-Bids/PUBLIC_DVD_BIDPEROFFER1_202311010000.parquet/part.557.parquet
2025-03-19 18:57:34,626 - INFO - No duplicates found in s3://thesis--ec331-s3/FCAS_RAISE1SEC-Volume-Bids/PUBLIC_DVD_BIDPEROFFER1_202311010000.parquet/part.557.parquet
2025-03-19 18:57:34,627 - WARNING - Empty DataFrame will be written.
2025-03-19 18:57:34,648 - INFO - Wrote original 0 rows to s3://thesis--ec331-s3/de-duped-volume-bids/PUBLIC_DVD_BIDPEROFFER1_202311010000.parquet/part.555.parquet
2025-03-19 18:57:34,745 - INFO - Processing: s3://thesis--ec331-s3/FCAS_RAISE1SEC-Volume-Bids/PUBLIC_DVD_BIDPEROFFER1_202311010000.parquet/part.559.parquet
2025-03-19 18:57:34,746 - INFO - Target: s3://thesis--ec331-s3/de-duped-volume-bids/PUBLIC_DVD_BIDPEROFFER1_202311010000.parquet/part.559.parquet
2025-03-19 18:57:34,863 - INFO - Read 0 rows from s3://thesis--ec331-s3/FCAS_RAISE1SEC-Volume-Bids/PUBLIC_DVD_BIDPEROFFER1_202311010000.parquet/part.558.parquet
2025-03-19 18:57:34,866 - INFO - No duplicates found in s3://thesis--ec331-s3/FCAS_RAISE1SEC-Volume-Bids/PUBLIC_DVD_BIDPEROFFER1_202311010000.parquet/part.558.parquet
2025-03-19 18:57:34,867 - WARNING - Empty DataFrame will be written.
2025-03-19 18:57:34,889 - INFO - Wrote original 0 rows to s3://thesis--ec331-s3/de-duped-volume-bids/PUBLIC_DVD_BIDPEROFFER1_202311010000.parquet/part.556.parquet
2025-03-19 18:57:34,983 - INFO - Processing: s3://thesis--ec331-s3/FCAS_RAISE1SEC-Volume-Bids/PUBLIC_DVD_BIDPEROFFER1_202311010000.parquet/part.56.parquet
2025-03-19 18:57:34,985 - INFO - Target: s3://thesis--ec331-s3/de-duped-volume-bids/PUBLIC_DVD_BIDPEROFFER1_202311010000.parquet/part.56.parquet
2025-03-19 18:57:35,081 - INFO - Read 0 rows from s3://thesis--ec331-s3/FCAS_RAISE1SEC-Volume-Bids/PUBLIC_DVD_BIDPEROFFER1_202311010000.parquet/part.559.parquet
2025-03-19 18:57:35,084 - INFO - No duplicates found in s3://thesis--ec331-s3/FCAS_RAISE1SEC-Volume-Bids/PUBLIC_DVD_BIDPEROFFER1_202311010000.parquet/part.559.parquet
2025-03-19 18:57:35,085 - WARNING - Empty DataFrame will be written.
2025-03-19 18:57:35,124 - INFO - Wrote original 0 rows to s3://thesis--ec331-s3/de-duped-volume-bids/PUBLIC_DVD_BIDPEROFFER1_202311010000.parquet/part.557.parquet
2025-03-19 18:57:35,223 - INFO - Processing: s3://thesis--ec331-s3/FCAS_RAISE1SEC-Volume-Bids/PUBLIC_DVD_BIDPEROFFER1_202311010000.parquet/part.560.parquet
2025-03-19 18:57:35,225 - INFO - Target: s3://thesis--ec331-s3/de-duped-volume-bids/PUBLIC_DVD_BIDPEROFFER1_202311010000.parquet/part.560.parquet
2025-03-19 18:57:35,308 - INFO - Read 0 rows from s3://thesis--ec331-s3/FCAS_RAISE1SEC-Volume-Bids/PUBLIC_DVD_BIDPEROFFER1_202311010000.parquet/part.56.parquet
2025-03-19 18:57:35,317 - INFO - No duplicates found in s3://thesis--ec331-s3/FCAS_RAISE1SEC-Volume-Bids/PUBLIC_DVD_BIDPEROFFER1_202311010000.parquet/part.56.parquet
2025-03-19 18:57:35,318 - WARNING - Empty DataFrame will be written.
2025-03-19 18:57:35,334 - INFO - Wrote original 0 rows to s3://thesis--ec331-s3/de-duped-volume-bids/PUBLIC_DVD_BIDPEROFFER1_202311010000.parquet/part.558.parquet
2025-03-19 18:57:35,429 - INFO - Processing: s3://thesis--ec331-s3/FCAS_RAISE1SEC-Volume-Bids/PUBLIC_DVD_BIDPEROFFER1_202311010000.parquet/part.561.parquet
2025-03-19 18:57:35,431 - INFO - Target: s3://thesis--ec331-s3/de-duped-volume-bids/PUBLIC_DVD_BIDPEROFFER1_202311010000.parquet/part.561.parquet
2025-03-19 18:57:35,450 - INFO - Wrote original 0 rows to s3://thesis--ec331-s3/de-duped-volume-bids/PUBLIC_DVD_BIDPEROFFER1_202311010000.parquet/part.559.parquet
2025-03-19 18:57:35,543 - INFO - Processing: s3://thesis--ec331-s3/FCAS_RAISE1SEC-Volume-Bids/PUBLIC_DVD_BIDPEROFFER1_202311010000.parquet/part.562.parquet
2025-03-19 18:57:35,549 - INFO - Target: s3://thesis--ec331-s3/de-duped-volume-bids/PUBLIC_DVD_BIDPEROFFER1_202311010000.parquet/part.562.parquet
2025-03-19 18:57:35,651 - INFO - Read 0 rows from s3://thesis--ec331-s3/FCAS_RAISE1SEC-Volume-Bids/PUBLIC_DVD_BIDPEROFFER1_202311010000.parquet/part.560.parquet
2025-03-19 18:57:35,654 - INFO - No duplicates found in s3://thesis--ec331-s3/FCAS_RAISE1SEC-Volume-Bids/PUBLIC_DVD_BIDPEROFFER1_202311010000.parquet/part.560.parquet
2025-03-19 18:57:35,655 - WARNING - Empty DataFrame will be written.
2025-03-19 18:57:35,754 - INFO - Wrote original 0 rows to s3://thesis--ec331-s3/de-duped-volume-bids/PUBLIC_DVD_BIDPEROFFER1_202311010000.parquet/part.56.parquet
2025-03-19 18:57:35,845 - INFO - Processing: s3://thesis--ec331-s3/FCAS_RAISE1SEC-Volume-Bids/PUBLIC_DVD_BIDPEROFFER1_202311010000.parquet/part.563.parquet
2025-03-19 18:57:35,852 - INFO - Target: s3://thesis--ec331-s3/de-duped-volume-bids/PUBLIC_DVD_BIDPEROFFER1_202311010000.parquet/part.563.parquet
2025-03-19 18:57:35,874 - INFO - Read 0 rows from s3://thesis--ec331-s3/FCAS_RAISE1SEC-Volume-Bids/PUBLIC_DVD_BIDPEROFFER1_202311010000.parquet/part.561.parquet
2025-03-19 18:57:35,877 - INFO - No duplicates found in s3://thesis--ec331-s3/FCAS_RAISE1SEC-Volume-Bids/PUBLIC_DVD_BIDPEROFFER1_202311010000.parquet/part.561.parquet
2025-03-19 18:57:35,879 - WARNING - Empty DataFrame will be written.
2025-03-19 18:57:35,905 - INFO - Wrote original 0 rows to s3://thesis--ec331-s3/de-duped-volume-bids/PUBLIC_DVD_BIDPEROFFER1_202311010000.parquet/part.560.parquet
2025-03-19 18:57:35,912 - INFO - Read 0 rows from s3://thesis--ec331-s3/FCAS_RAISE1SEC-Volume-Bids/PUBLIC_DVD_BIDPEROFFER1_202311010000.parquet/part.562.parquet
2025-03-19 18:57:36,001 - INFO - Processing: s3://thesis--ec331-s3/FCAS_RAISE1SEC-Volume-Bids/PUBLIC_DVD_BIDPEROFFER1_202311010000.parquet/part.564.parquet
2025-03-19 18:57:36,005 - INFO - No duplicates found in s3://thesis--ec331-s3/FCAS_RAISE1SEC-Volume-Bids/PUBLIC_DVD_BIDPEROFFER1_202311010000.parquet/part.562.parquet
2025-03-19 18:57:36,006 - INFO - Target: s3://thesis--ec331-s3/de-duped-volume-bids/PUBLIC_DVD_BIDPEROFFER1_202311010000.parquet/part.564.parquet
2025-03-19 18:57:36,007 - WARNING - Empty DataFrame will be written.
2025-03-19 18:57:36,207 - INFO - Read 0 rows from s3://thesis--ec331-s3/FCAS_RAISE1SEC-Volume-Bids/PUBLIC_DVD_BIDPEROFFER1_202311010000.parquet/part.563.parquet
2025-03-19 18:57:36,211 - INFO - No duplicates found in s3://thesis--ec331-s3/FCAS_RAISE1SEC-Volume-Bids/PUBLIC_DVD_BIDPEROFFER1_202311010000.parquet/part.563.parquet
2025-03-19 18:57:36,217 - WARNING - Empty DataFrame will be written.
2025-03-19 18:57:36,271 - INFO - Wrote original 0 rows to s3://thesis--ec331-s3/de-duped-volume-bids/PUBLIC_DVD_BIDPEROFFER1_202311010000.parquet/part.562.parquet
2025-03-19 18:57:36,364 - INFO - Processing: s3://thesis--ec331-s3/FCAS_RAISE1SEC-Volume-Bids/PUBLIC_DVD_BIDPEROFFER1_202311010000.parquet/part.565.parquet
2025-03-19 18:57:36,368 - INFO - Wrote original 0 rows to s3://thesis--ec331-s3/de-duped-volume-bids/PUBLIC_DVD_BIDPEROFFER1_202311010000.parquet/part.561.parquet
2025-03-19 18:57:36,369 - INFO - Target: s3://thesis--ec331-s3/de-duped-volume-bids/PUBLIC_DVD_BIDPEROFFER1_202311010000.parquet/part.565.parquet
2025-03-19 18:57:36,458 - INFO - Processing: s3://thesis--ec331-s3/FCAS_RAISE1SEC-Volume-Bids/PUBLIC_DVD_BIDPEROFFER1_202311010000.parquet/part.566.parquet
2025-03-19 18:57:36,468 - INFO - Target: s3://thesis--ec331-s3/de-duped-volume-bids/PUBLIC_DVD_BIDPEROFFER1_202311010000.parquet/part.566.parquet
2025-03-19 18:57:36,497 - INFO - Read 0 rows from s3://thesis--ec331-s3/FCAS_RAISE1SEC-Volume-Bids/PUBLIC_DVD_BIDPEROFFER1_202311010000.parquet/part.564.parquet
2025-03-19 18:57:36,500 - INFO - No duplicates found in s3://thesis--ec331-s3/FCAS_RAISE1SEC-Volume-Bids/PUBLIC_DVD_BIDPEROFFER1_202311010000.parquet/part.564.parquet
2025-03-19 18:57:36,501 - WARNING - Empty DataFrame will be written.
2025-03-19 18:57:36,629 - INFO - Wrote original 0 rows to s3://thesis--ec331-s3/de-duped-volume-bids/PUBLIC_DVD_BIDPEROFFER1_202311010000.parquet/part.563.parquet
2025-03-19 18:57:36,716 - INFO - Processing: s3://thesis--ec331-s3/FCAS_RAISE1SEC-Volume-Bids/PUBLIC_DVD_BIDPEROFFER1_202311010000.parquet/part.567.parquet
2025-03-19 18:57:36,723 - INFO - Target: s3://thesis--ec331-s3/de-duped-volume-bids/PUBLIC_DVD_BIDPEROFFER1_202311010000.parquet/part.567.parquet
2025-03-19 18:57:36,779 - INFO - Read 0 rows from s3://thesis--ec331-s3/FCAS_RAISE1SEC-Volume-Bids/PUBLIC_DVD_BIDPEROFFER1_202311010000.parquet/part.565.parquet
2025-03-19 18:57:36,782 - INFO - No duplicates found in s3://thesis--ec331-s3/FCAS_RAISE1SEC-Volume-Bids/PUBLIC_DVD_BIDPEROFFER1_202311010000.parquet/part.565.parquet
2025-03-19 18:57:36,783 - WARNING - Empty DataFrame will be written.
2025-03-19 18:57:36,805 - INFO - Wrote original 0 rows to s3://thesis--ec331-s3/de-duped-volume-bids/PUBLIC_DVD_BIDPEROFFER1_202311010000.parquet/part.564.parquet
2025-03-19 18:57:36,904 - INFO - Processing: s3://thesis--ec331-s3/FCAS_RAISE1SEC-Volume-Bids/PUBLIC_DVD_BIDPEROFFER1_202311010000.parquet/part.568.parquet
2025-03-19 18:57:36,905 - INFO - Target: s3://thesis--ec331-s3/de-duped-volume-bids/PUBLIC_DVD_BIDPEROFFER1_202311010000.parquet/part.568.parquet
2025-03-19 18:57:36,934 - INFO - Read 0 rows from s3://thesis--ec331-s3/FCAS_RAISE1SEC-Volume-Bids/PUBLIC_DVD_BIDPEROFFER1_202311010000.parquet/part.566.parquet
2025-03-19 18:57:36,938 - INFO - No duplicates found in s3://thesis--ec331-s3/FCAS_RAISE1SEC-Volume-Bids/PUBLIC_DVD_BIDPEROFFER1_202311010000.parquet/part.566.parquet
2025-03-19 18:57:36,939 - WARNING - Empty DataFrame will be written.
2025-03-19 18:57:37,118 - INFO - Read 0 rows from s3://thesis--ec331-s3/FCAS_RAISE1SEC-Volume-Bids/PUBLIC_DVD_BIDPEROFFER1_202311010000.parquet/part.567.parquet
2025-03-19 18:57:37,121 - INFO - No duplicates found in s3://thesis--ec331-s3/FCAS_RAISE1SEC-Volume-Bids/PUBLIC_DVD_BIDPEROFFER1_202311010000.parquet/part.567.parquet
2025-03-19 18:57:37,123 - WARNING - Empty DataFrame will be written.
2025-03-19 18:57:37,172 - INFO - Read 0 rows from s3://thesis--ec331-s3/FCAS_RAISE1SEC-Volume-Bids/PUBLIC_DVD_BIDPEROFFER1_202311010000.parquet/part.568.parquet
2025-03-19 18:57:37,175 - INFO - No duplicates found in s3://thesis--ec331-s3/FCAS_RAISE1SEC-Volume-Bids/PUBLIC_DVD_BIDPEROFFER1_202311010000.parquet/part.568.parquet
2025-03-19 18:57:37,176 - WARNING - Empty DataFrame will be written.
2025-03-19 18:57:37,193 - INFO - Wrote original 0 rows to s3://thesis--ec331-s3/de-duped-volume-bids/PUBLIC_DVD_BIDPEROFFER1_202311010000.parquet/part.565.parquet
2025-03-19 18:57:37,196 - INFO - Wrote original 0 rows to s3://thesis--ec331-s3/de-duped-volume-bids/PUBLIC_DVD_BIDPEROFFER1_202311010000.parquet/part.566.parquet
2025-03-19 18:57:37,286 - INFO - Processing: s3://thesis--ec331-s3/FCAS_RAISE1SEC-Volume-Bids/PUBLIC_DVD_BIDPEROFFER1_202311010000.parquet/part.569.parquet
2025-03-19 18:57:37,372 - INFO - Processing: s3://thesis--ec331-s3/FCAS_RAISE1SEC-Volume-Bids/PUBLIC_DVD_BIDPEROFFER1_202311010000.parquet/part.57.parquet
2025-03-19 18:57:37,373 - INFO - Target: s3://thesis--ec331-s3/de-duped-volume-bids/PUBLIC_DVD_BIDPEROFFER1_202311010000.parquet/part.569.parquet
2025-03-19 18:57:37,375 - INFO - Target: s3://thesis--ec331-s3/de-duped-volume-bids/PUBLIC_DVD_BIDPEROFFER1_202311010000.parquet/part.57.parquet
2025-03-19 18:57:37,551 - INFO - Wrote original 0 rows to s3://thesis--ec331-s3/de-duped-volume-bids/PUBLIC_DVD_BIDPEROFFER1_202311010000.parquet/part.567.parquet
2025-03-19 18:57:37,640 - INFO - Processing: s3://thesis--ec331-s3/FCAS_RAISE1SEC-Volume-Bids/PUBLIC_DVD_BIDPEROFFER1_202311010000.parquet/part.570.parquet
2025-03-19 18:57:37,642 - INFO - Target: s3://thesis--ec331-s3/de-duped-volume-bids/PUBLIC_DVD_BIDPEROFFER1_202311010000.parquet/part.570.parquet
2025-03-19 18:57:37,730 - INFO - Wrote original 0 rows to s3://thesis--ec331-s3/de-duped-volume-bids/PUBLIC_DVD_BIDPEROFFER1_202311010000.parquet/part.568.parquet
2025-03-19 18:57:37,822 - INFO - Processing: s3://thesis--ec331-s3/FCAS_RAISE1SEC-Volume-Bids/PUBLIC_DVD_BIDPEROFFER1_202311010000.parquet/part.571.parquet
2025-03-19 18:57:37,826 - INFO - Target: s3://thesis--ec331-s3/de-duped-volume-bids/PUBLIC_DVD_BIDPEROFFER1_202311010000.parquet/part.571.parquet
2025-03-19 18:57:37,851 - INFO - Read 0 rows from s3://thesis--ec331-s3/FCAS_RAISE1SEC-Volume-Bids/PUBLIC_DVD_BIDPEROFFER1_202311010000.parquet/part.57.parquet
2025-03-19 18:57:37,863 - INFO - No duplicates found in s3://thesis--ec331-s3/FCAS_RAISE1SEC-Volume-Bids/PUBLIC_DVD_BIDPEROFFER1_202311010000.parquet/part.57.parquet
2025-03-19 18:57:37,871 - INFO - Read 0 rows from s3://thesis--ec331-s3/FCAS_RAISE1SEC-Volume-Bids/PUBLIC_DVD_BIDPEROFFER1_202311010000.parquet/part.569.parquet
2025-03-19 18:57:37,872 - WARNING - Empty DataFrame will be written.
2025-03-19 18:57:37,874 - INFO - No duplicates found in s3://thesis--ec331-s3/FCAS_RAISE1SEC-Volume-Bids/PUBLIC_DVD_BIDPEROFFER1_202311010000.parquet/part.569.parquet
2025-03-19 18:57:37,885 - WARNING - Empty DataFrame will be written.
2025-03-19 18:57:37,933 - INFO - Read 0 rows from s3://thesis--ec331-s3/FCAS_RAISE1SEC-Volume-Bids/PUBLIC_DVD_BIDPEROFFER1_202311010000.parquet/part.570.parquet
2025-03-19 18:57:37,937 - INFO - No duplicates found in s3://thesis--ec331-s3/FCAS_RAISE1SEC-Volume-Bids/PUBLIC_DVD_BIDPEROFFER1_202311010000.parquet/part.570.parquet
2025-03-19 18:57:37,938 - WARNING - Empty DataFrame will be written.
2025-03-19 18:57:38,075 - INFO - Read 0 rows from s3://thesis--ec331-s3/FCAS_RAISE1SEC-Volume-Bids/PUBLIC_DVD_BIDPEROFFER1_202311010000.parquet/part.571.parquet
2025-03-19 18:57:38,078 - INFO - No duplicates found in s3://thesis--ec331-s3/FCAS_RAISE1SEC-Volume-Bids/PUBLIC_DVD_BIDPEROFFER1_202311010000.parquet/part.571.parquet
2025-03-19 18:57:38,079 - WARNING - Empty DataFrame will be written.
2025-03-19 18:57:38,179 - INFO - Wrote original 0 rows to s3://thesis--ec331-s3/de-duped-volume-bids/PUBLIC_DVD_BIDPEROFFER1_202311010000.parquet/part.57.parquet
2025-03-19 18:57:38,273 - INFO - Processing: s3://thesis--ec331-s3/FCAS_RAISE1SEC-Volume-Bids/PUBLIC_DVD_BIDPEROFFER1_202311010000.parquet/part.572.parquet
2025-03-19 18:57:38,277 - INFO - Wrote original 0 rows to s3://thesis--ec331-s3/de-duped-volume-bids/PUBLIC_DVD_BIDPEROFFER1_202311010000.parquet/part.569.parquet
2025-03-19 18:57:38,278 - INFO - Target: s3://thesis--ec331-s3/de-duped-volume-bids/PUBLIC_DVD_BIDPEROFFER1_202311010000.parquet/part.572.parquet
2025-03-19 18:57:38,281 - INFO - Wrote original 0 rows to s3://thesis--ec331-s3/de-duped-volume-bids/PUBLIC_DVD_BIDPEROFFER1_202311010000.parquet/part.570.parquet
2025-03-19 18:57:38,372 - INFO - Processing: s3://thesis--ec331-s3/FCAS_RAISE1SEC-Volume-Bids/PUBLIC_DVD_BIDPEROFFER1_202311010000.parquet/part.573.parquet
2025-03-19 18:57:38,460 - INFO - Processing: s3://thesis--ec331-s3/FCAS_RAISE1SEC-Volume-Bids/PUBLIC_DVD_BIDPEROFFER1_202311010000.parquet/part.574.parquet
2025-03-19 18:57:38,468 - INFO - Target: s3://thesis--ec331-s3/de-duped-volume-bids/PUBLIC_DVD_BIDPEROFFER1_202311010000.parquet/part.573.parquet
2025-03-19 18:57:38,469 - INFO - Target: s3://thesis--ec331-s3/de-duped-volume-bids/PUBLIC_DVD_BIDPEROFFER1_202311010000.parquet/part.574.parquet
2025-03-19 18:57:38,528 - INFO - Wrote original 0 rows to s3://thesis--ec331-s3/de-duped-volume-bids/PUBLIC_DVD_BIDPEROFFER1_202311010000.parquet/part.571.parquet
2025-03-19 18:57:38,614 - INFO - Processing: s3://thesis--ec331-s3/FCAS_RAISE1SEC-Volume-Bids/PUBLIC_DVD_BIDPEROFFER1_202311010000.parquet/part.575.parquet
2025-03-19 18:57:38,617 - INFO - Target: s3://thesis--ec331-s3/de-duped-volume-bids/PUBLIC_DVD_BIDPEROFFER1_202311010000.parquet/part.575.parquet
2025-03-19 18:57:38,810 - INFO - Read 0 rows from s3://thesis--ec331-s3/FCAS_RAISE1SEC-Volume-Bids/PUBLIC_DVD_BIDPEROFFER1_202311010000.parquet/part.573.parquet
2025-03-19 18:57:38,813 - INFO - No duplicates found in s3://thesis--ec331-s3/FCAS_RAISE1SEC-Volume-Bids/PUBLIC_DVD_BIDPEROFFER1_202311010000.parquet/part.573.parquet
2025-03-19 18:57:38,814 - WARNING - Empty DataFrame will be written.
2025-03-19 18:57:38,846 - INFO - Read 0 rows from s3://thesis--ec331-s3/FCAS_RAISE1SEC-Volume-Bids/PUBLIC_DVD_BIDPEROFFER1_202311010000.parquet/part.572.parquet
2025-03-19 18:57:38,854 - INFO - No duplicates found in s3://thesis--ec331-s3/FCAS_RAISE1SEC-Volume-Bids/PUBLIC_DVD_BIDPEROFFER1_202311010000.parquet/part.572.parquet
2025-03-19 18:57:38,856 - WARNING - Empty DataFrame will be written.
2025-03-19 18:57:38,885 - INFO - Read 0 rows from s3://thesis--ec331-s3/FCAS_RAISE1SEC-Volume-Bids/PUBLIC_DVD_BIDPEROFFER1_202311010000.parquet/part.574.parquet
2025-03-19 18:57:38,888 - INFO - No duplicates found in s3://thesis--ec331-s3/FCAS_RAISE1SEC-Volume-Bids/PUBLIC_DVD_BIDPEROFFER1_202311010000.parquet/part.574.parquet
2025-03-19 18:57:38,889 - WARNING - Empty DataFrame will be written.
2025-03-19 18:57:38,916 - INFO - Read 0 rows from s3://thesis--ec331-s3/FCAS_RAISE1SEC-Volume-Bids/PUBLIC_DVD_BIDPEROFFER1_202311010000.parquet/part.575.parquet
2025-03-19 18:57:38,919 - INFO - No duplicates found in s3://thesis--ec331-s3/FCAS_RAISE1SEC-Volume-Bids/PUBLIC_DVD_BIDPEROFFER1_202311010000.parquet/part.575.parquet
2025-03-19 18:57:38,921 - WARNING - Empty DataFrame will be written.
2025-03-19 18:57:39,097 - INFO - Wrote original 0 rows to s3://thesis--ec331-s3/de-duped-volume-bids/PUBLIC_DVD_BIDPEROFFER1_202311010000.parquet/part.573.parquet
2025-03-19 18:57:39,192 - INFO - Processing: s3://thesis--ec331-s3/FCAS_RAISE1SEC-Volume-Bids/PUBLIC_DVD_BIDPEROFFER1_202311010000.parquet/part.576.parquet
2025-03-19 18:57:39,193 - INFO - Target: s3://thesis--ec331-s3/de-duped-volume-bids/PUBLIC_DVD_BIDPEROFFER1_202311010000.parquet/part.576.parquet
2025-03-19 18:57:39,236 - INFO - Wrote original 0 rows to s3://thesis--ec331-s3/de-duped-volume-bids/PUBLIC_DVD_BIDPEROFFER1_202311010000.parquet/part.572.parquet
2025-03-19 18:57:39,324 - INFO - Processing: s3://thesis--ec331-s3/FCAS_RAISE1SEC-Volume-Bids/PUBLIC_DVD_BIDPEROFFER1_202311010000.parquet/part.577.parquet
2025-03-19 18:57:39,327 - INFO - Wrote original 0 rows to s3://thesis--ec331-s3/de-duped-volume-bids/PUBLIC_DVD_BIDPEROFFER1_202311010000.parquet/part.575.parquet
2025-03-19 18:57:39,328 - INFO - Target: s3://thesis--ec331-s3/de-duped-volume-bids/PUBLIC_DVD_BIDPEROFFER1_202311010000.parquet/part.577.parquet
2025-03-19 18:57:39,420 - INFO - Processing: s3://thesis--ec331-s3/FCAS_RAISE1SEC-Volume-Bids/PUBLIC_DVD_BIDPEROFFER1_202311010000.parquet/part.578.parquet
2025-03-19 18:57:39,428 - INFO - Target: s3://thesis--ec331-s3/de-duped-volume-bids/PUBLIC_DVD_BIDPEROFFER1_202311010000.parquet/part.578.parquet
2025-03-19 18:57:39,448 - INFO - Wrote original 0 rows to s3://thesis--ec331-s3/de-duped-volume-bids/PUBLIC_DVD_BIDPEROFFER1_202311010000.parquet/part.574.parquet
2025-03-19 18:57:39,538 - INFO - Processing: s3://thesis--ec331-s3/FCAS_RAISE1SEC-Volume-Bids/PUBLIC_DVD_BIDPEROFFER1_202311010000.parquet/part.579.parquet
2025-03-19 18:57:39,539 - INFO - Target: s3://thesis--ec331-s3/de-duped-volume-bids/PUBLIC_DVD_BIDPEROFFER1_202311010000.parquet/part.579.parquet
2025-03-19 18:57:39,715 - INFO - Read 0 rows from s3://thesis--ec331-s3/FCAS_RAISE1SEC-Volume-Bids/PUBLIC_DVD_BIDPEROFFER1_202311010000.parquet/part.576.parquet
2025-03-19 18:57:39,718 - INFO - No duplicates found in s3://thesis--ec331-s3/FCAS_RAISE1SEC-Volume-Bids/PUBLIC_DVD_BIDPEROFFER1_202311010000.parquet/part.576.parquet
2025-03-19 18:57:39,720 - WARNING - Empty DataFrame will be written.
2025-03-19 18:57:39,748 - INFO - Read 0 rows from s3://thesis--ec331-s3/FCAS_RAISE1SEC-Volume-Bids/PUBLIC_DVD_BIDPEROFFER1_202311010000.parquet/part.577.parquet
2025-03-19 18:57:39,752 - INFO - No duplicates found in s3://thesis--ec331-s3/FCAS_RAISE1SEC-Volume-Bids/PUBLIC_DVD_BIDPEROFFER1_202311010000.parquet/part.577.parquet
2025-03-19 18:57:39,754 - WARNING - Empty DataFrame will be written.
2025-03-19 18:57:39,790 - INFO - Read 0 rows from s3://thesis--ec331-s3/FCAS_RAISE1SEC-Volume-Bids/PUBLIC_DVD_BIDPEROFFER1_202311010000.parquet/part.578.parquet
2025-03-19 18:57:39,798 - INFO - No duplicates found in s3://thesis--ec331-s3/FCAS_RAISE1SEC-Volume-Bids/PUBLIC_DVD_BIDPEROFFER1_202311010000.parquet/part.578.parquet
2025-03-19 18:57:39,799 - WARNING - Empty DataFrame will be written.
2025-03-19 18:57:39,845 - INFO - Read 0 rows from s3://thesis--ec331-s3/FCAS_RAISE1SEC-Volume-Bids/PUBLIC_DVD_BIDPEROFFER1_202311010000.parquet/part.579.parquet
2025-03-19 18:57:39,849 - INFO - No duplicates found in s3://thesis--ec331-s3/FCAS_RAISE1SEC-Volume-Bids/PUBLIC_DVD_BIDPEROFFER1_202311010000.parquet/part.579.parquet
2025-03-19 18:57:39,850 - WARNING - Empty DataFrame will be written.
2025-03-19 18:57:40,010 - INFO - Wrote original 0 rows to s3://thesis--ec331-s3/de-duped-volume-bids/PUBLIC_DVD_BIDPEROFFER1_202311010000.parquet/part.576.parquet
2025-03-19 18:57:40,110 - INFO - Processing: s3://thesis--ec331-s3/FCAS_RAISE1SEC-Volume-Bids/PUBLIC_DVD_BIDPEROFFER1_202311010000.parquet/part.58.parquet
2025-03-19 18:57:40,113 - INFO - Target: s3://thesis--ec331-s3/de-duped-volume-bids/PUBLIC_DVD_BIDPEROFFER1_202311010000.parquet/part.58.parquet
2025-03-19 18:57:40,134 - INFO - Wrote original 0 rows to s3://thesis--ec331-s3/de-duped-volume-bids/PUBLIC_DVD_BIDPEROFFER1_202311010000.parquet/part.577.parquet
2025-03-19 18:57:40,227 - INFO - Processing: s3://thesis--ec331-s3/FCAS_RAISE1SEC-Volume-Bids/PUBLIC_DVD_BIDPEROFFER1_202311010000.parquet/part.580.parquet
2025-03-19 18:57:40,230 - INFO - Wrote original 0 rows to s3://thesis--ec331-s3/de-duped-volume-bids/PUBLIC_DVD_BIDPEROFFER1_202311010000.parquet/part.578.parquet
2025-03-19 18:57:40,233 - INFO - Wrote original 0 rows to s3://thesis--ec331-s3/de-duped-volume-bids/PUBLIC_DVD_BIDPEROFFER1_202311010000.parquet/part.579.parquet
2025-03-19 18:57:40,234 - INFO - Target: s3://thesis--ec331-s3/de-duped-volume-bids/PUBLIC_DVD_BIDPEROFFER1_202311010000.parquet/part.580.parquet
2025-03-19 18:57:40,326 - INFO - Processing: s3://thesis--ec331-s3/FCAS_RAISE1SEC-Volume-Bids/PUBLIC_DVD_BIDPEROFFER1_202311010000.parquet/part.581.parquet
2025-03-19 18:57:40,327 - INFO - Processing: s3://thesis--ec331-s3/FCAS_RAISE1SEC-Volume-Bids/PUBLIC_DVD_BIDPEROFFER1_202311010000.parquet/part.582.parquet
2025-03-19 18:57:40,344 - INFO - Target: s3://thesis--ec331-s3/de-duped-volume-bids/PUBLIC_DVD_BIDPEROFFER1_202311010000.parquet/part.581.parquet
2025-03-19 18:57:40,346 - INFO - Target: s3://thesis--ec331-s3/de-duped-volume-bids/PUBLIC_DVD_BIDPEROFFER1_202311010000.parquet/part.582.parquet
2025-03-19 18:57:40,534 - INFO - Read 0 rows from s3://thesis--ec331-s3/FCAS_RAISE1SEC-Volume-Bids/PUBLIC_DVD_BIDPEROFFER1_202311010000.parquet/part.58.parquet
2025-03-19 18:57:40,543 - INFO - No duplicates found in s3://thesis--ec331-s3/FCAS_RAISE1SEC-Volume-Bids/PUBLIC_DVD_BIDPEROFFER1_202311010000.parquet/part.58.parquet
2025-03-19 18:57:40,544 - WARNING - Empty DataFrame will be written.
2025-03-19 18:57:40,617 - INFO - Read 0 rows from s3://thesis--ec331-s3/FCAS_RAISE1SEC-Volume-Bids/PUBLIC_DVD_BIDPEROFFER1_202311010000.parquet/part.580.parquet
2025-03-19 18:57:40,625 - INFO - No duplicates found in s3://thesis--ec331-s3/FCAS_RAISE1SEC-Volume-Bids/PUBLIC_DVD_BIDPEROFFER1_202311010000.parquet/part.580.parquet
2025-03-19 18:57:40,626 - WARNING - Empty DataFrame will be written.
2025-03-19 18:57:40,661 - INFO - Read 0 rows from s3://thesis--ec331-s3/FCAS_RAISE1SEC-Volume-Bids/PUBLIC_DVD_BIDPEROFFER1_202311010000.parquet/part.581.parquet
2025-03-19 18:57:40,664 - INFO - No duplicates found in s3://thesis--ec331-s3/FCAS_RAISE1SEC-Volume-Bids/PUBLIC_DVD_BIDPEROFFER1_202311010000.parquet/part.581.parquet
2025-03-19 18:57:40,665 - WARNING - Empty DataFrame will be written.
2025-03-19 18:57:40,700 - INFO - Read 0 rows from s3://thesis--ec331-s3/FCAS_RAISE1SEC-Volume-Bids/PUBLIC_DVD_BIDPEROFFER1_202311010000.parquet/part.582.parquet
2025-03-19 18:57:40,703 - INFO - No duplicates found in s3://thesis--ec331-s3/FCAS_RAISE1SEC-Volume-Bids/PUBLIC_DVD_BIDPEROFFER1_202311010000.parquet/part.582.parquet
2025-03-19 18:57:40,704 - WARNING - Empty DataFrame will be written.
2025-03-19 18:57:40,763 - INFO - Wrote original 0 rows to s3://thesis--ec331-s3/de-duped-volume-bids/PUBLIC_DVD_BIDPEROFFER1_202311010000.parquet/part.58.parquet
2025-03-19 18:57:40,869 - INFO - Processing: s3://thesis--ec331-s3/FCAS_RAISE1SEC-Volume-Bids/PUBLIC_DVD_BIDPEROFFER1_202311010000.parquet/part.583.parquet
2025-03-19 18:57:40,870 - INFO - Target: s3://thesis--ec331-s3/de-duped-volume-bids/PUBLIC_DVD_BIDPEROFFER1_202311010000.parquet/part.583.parquet
2025-03-19 18:57:41,012 - INFO - Wrote original 0 rows to s3://thesis--ec331-s3/de-duped-volume-bids/PUBLIC_DVD_BIDPEROFFER1_202311010000.parquet/part.580.parquet
2025-03-19 18:57:41,106 - INFO - Processing: s3://thesis--ec331-s3/FCAS_RAISE1SEC-Volume-Bids/PUBLIC_DVD_BIDPEROFFER1_202311010000.parquet/part.584.parquet
2025-03-19 18:57:41,110 - INFO - Wrote original 0 rows to s3://thesis--ec331-s3/de-duped-volume-bids/PUBLIC_DVD_BIDPEROFFER1_202311010000.parquet/part.581.parquet
2025-03-19 18:57:41,112 - INFO - Target: s3://thesis--ec331-s3/de-duped-volume-bids/PUBLIC_DVD_BIDPEROFFER1_202311010000.parquet/part.584.parquet
2025-03-19 18:57:41,208 - INFO - Processing: s3://thesis--ec331-s3/FCAS_RAISE1SEC-Volume-Bids/PUBLIC_DVD_BIDPEROFFER1_202311010000.parquet/part.585.parquet
2025-03-19 18:57:41,220 - INFO - Target: s3://thesis--ec331-s3/de-duped-volume-bids/PUBLIC_DVD_BIDPEROFFER1_202311010000.parquet/part.585.parquet
2025-03-19 18:57:41,224 - INFO - Wrote original 0 rows to s3://thesis--ec331-s3/de-duped-volume-bids/PUBLIC_DVD_BIDPEROFFER1_202311010000.parquet/part.582.parquet
2025-03-19 18:57:41,326 - INFO - Processing: s3://thesis--ec331-s3/FCAS_RAISE1SEC-Volume-Bids/PUBLIC_DVD_BIDPEROFFER1_202311010000.parquet/part.586.parquet
2025-03-19 18:57:41,333 - INFO - Target: s3://thesis--ec331-s3/de-duped-volume-bids/PUBLIC_DVD_BIDPEROFFER1_202311010000.parquet/part.586.parquet
2025-03-19 18:57:41,384 - INFO - Read 0 rows from s3://thesis--ec331-s3/FCAS_RAISE1SEC-Volume-Bids/PUBLIC_DVD_BIDPEROFFER1_202311010000.parquet/part.583.parquet
2025-03-19 18:57:41,387 - INFO - No duplicates found in s3://thesis--ec331-s3/FCAS_RAISE1SEC-Volume-Bids/PUBLIC_DVD_BIDPEROFFER1_202311010000.parquet/part.583.parquet
2025-03-19 18:57:41,388 - WARNING - Empty DataFrame will be written.
2025-03-19 18:57:41,527 - INFO - Read 0 rows from s3://thesis--ec331-s3/FCAS_RAISE1SEC-Volume-Bids/PUBLIC_DVD_BIDPEROFFER1_202311010000.parquet/part.584.parquet
2025-03-19 18:57:41,530 - INFO - No duplicates found in s3://thesis--ec331-s3/FCAS_RAISE1SEC-Volume-Bids/PUBLIC_DVD_BIDPEROFFER1_202311010000.parquet/part.584.parquet
2025-03-19 18:57:41,531 - WARNING - Empty DataFrame will be written.
2025-03-19 18:57:41,576 - INFO - Read 0 rows from s3://thesis--ec331-s3/FCAS_RAISE1SEC-Volume-Bids/PUBLIC_DVD_BIDPEROFFER1_202311010000.parquet/part.585.parquet
2025-03-19 18:57:41,578 - INFO - No duplicates found in s3://thesis--ec331-s3/FCAS_RAISE1SEC-Volume-Bids/PUBLIC_DVD_BIDPEROFFER1_202311010000.parquet/part.585.parquet
2025-03-19 18:57:41,579 - WARNING - Empty DataFrame will be written.
2025-03-19 18:57:41,616 - INFO - Read 0 rows from s3://thesis--ec331-s3/FCAS_RAISE1SEC-Volume-Bids/PUBLIC_DVD_BIDPEROFFER1_202311010000.parquet/part.586.parquet
2025-03-19 18:57:41,620 - INFO - No duplicates found in s3://thesis--ec331-s3/FCAS_RAISE1SEC-Volume-Bids/PUBLIC_DVD_BIDPEROFFER1_202311010000.parquet/part.586.parquet
2025-03-19 18:57:41,624 - INFO - Wrote original 0 rows to s3://thesis--ec331-s3/de-duped-volume-bids/PUBLIC_DVD_BIDPEROFFER1_202311010000.parquet/part.583.parquet
2025-03-19 18:57:41,626 - WARNING - Empty DataFrame will be written.
2025-03-19 18:57:41,719 - INFO - Processing: s3://thesis--ec331-s3/FCAS_RAISE1SEC-Volume-Bids/PUBLIC_DVD_BIDPEROFFER1_202311010000.parquet/part.587.parquet
2025-03-19 18:57:41,732 - INFO - Target: s3://thesis--ec331-s3/de-duped-volume-bids/PUBLIC_DVD_BIDPEROFFER1_202311010000.parquet/part.587.parquet
2025-03-19 18:57:41,880 - INFO - Wrote original 0 rows to s3://thesis--ec331-s3/de-duped-volume-bids/PUBLIC_DVD_BIDPEROFFER1_202311010000.parquet/part.584.parquet
2025-03-19 18:57:41,973 - INFO - Processing: s3://thesis--ec331-s3/FCAS_RAISE1SEC-Volume-Bids/PUBLIC_DVD_BIDPEROFFER1_202311010000.parquet/part.588.parquet
2025-03-19 18:57:41,975 - INFO - Target: s3://thesis--ec331-s3/de-duped-volume-bids/PUBLIC_DVD_BIDPEROFFER1_202311010000.parquet/part.588.parquet
2025-03-19 18:57:41,978 - INFO - Wrote original 0 rows to s3://thesis--ec331-s3/de-duped-volume-bids/PUBLIC_DVD_BIDPEROFFER1_202311010000.parquet/part.585.parquet
2025-03-19 18:57:42,080 - INFO - Processing: s3://thesis--ec331-s3/FCAS_RAISE1SEC-Volume-Bids/PUBLIC_DVD_BIDPEROFFER1_202311010000.parquet/part.589.parquet
2025-03-19 18:57:42,083 - INFO - Target: s3://thesis--ec331-s3/de-duped-volume-bids/PUBLIC_DVD_BIDPEROFFER1_202311010000.parquet/part.589.parquet
2025-03-19 18:57:42,106 - INFO - Wrote original 0 rows to s3://thesis--ec331-s3/de-duped-volume-bids/PUBLIC_DVD_BIDPEROFFER1_202311010000.parquet/part.586.parquet
2025-03-19 18:57:42,193 - INFO - Processing: s3://thesis--ec331-s3/FCAS_RAISE1SEC-Volume-Bids/PUBLIC_DVD_BIDPEROFFER1_202311010000.parquet/part.59.parquet
2025-03-19 18:57:42,197 - INFO - Target: s3://thesis--ec331-s3/de-duped-volume-bids/PUBLIC_DVD_BIDPEROFFER1_202311010000.parquet/part.59.parquet
2025-03-19 18:57:42,230 - INFO - Read 0 rows from s3://thesis--ec331-s3/FCAS_RAISE1SEC-Volume-Bids/PUBLIC_DVD_BIDPEROFFER1_202311010000.parquet/part.587.parquet
2025-03-19 18:57:42,233 - INFO - No duplicates found in s3://thesis--ec331-s3/FCAS_RAISE1SEC-Volume-Bids/PUBLIC_DVD_BIDPEROFFER1_202311010000.parquet/part.587.parquet
2025-03-19 18:57:42,234 - WARNING - Empty DataFrame will be written.
2025-03-19 18:57:42,395 - INFO - Read 0 rows from s3://thesis--ec331-s3/FCAS_RAISE1SEC-Volume-Bids/PUBLIC_DVD_BIDPEROFFER1_202311010000.parquet/part.589.parquet
2025-03-19 18:57:42,402 - INFO - Read 0 rows from s3://thesis--ec331-s3/FCAS_RAISE1SEC-Volume-Bids/PUBLIC_DVD_BIDPEROFFER1_202311010000.parquet/part.588.parquet
2025-03-19 18:57:42,405 - INFO - No duplicates found in s3://thesis--ec331-s3/FCAS_RAISE1SEC-Volume-Bids/PUBLIC_DVD_BIDPEROFFER1_202311010000.parquet/part.589.parquet
2025-03-19 18:57:42,408 - INFO - No duplicates found in s3://thesis--ec331-s3/FCAS_RAISE1SEC-Volume-Bids/PUBLIC_DVD_BIDPEROFFER1_202311010000.parquet/part.588.parquet
2025-03-19 18:57:42,409 - WARNING - Empty DataFrame will be written.
2025-03-19 18:57:42,410 - WARNING - Empty DataFrame will be written.
2025-03-19 18:57:42,451 - INFO - Read 0 rows from s3://thesis--ec331-s3/FCAS_RAISE1SEC-Volume-Bids/PUBLIC_DVD_BIDPEROFFER1_202311010000.parquet/part.59.parquet
2025-03-19 18:57:42,454 - INFO - No duplicates found in s3://thesis--ec331-s3/FCAS_RAISE1SEC-Volume-Bids/PUBLIC_DVD_BIDPEROFFER1_202311010000.parquet/part.59.parquet
2025-03-19 18:57:42,455 - WARNING - Empty DataFrame will be written.
2025-03-19 18:57:42,525 - INFO - Wrote original 0 rows to s3://thesis--ec331-s3/de-duped-volume-bids/PUBLIC_DVD_BIDPEROFFER1_202311010000.parquet/part.587.parquet
2025-03-19 18:57:42,621 - INFO - Processing: s3://thesis--ec331-s3/FCAS_RAISE1SEC-Volume-Bids/PUBLIC_DVD_BIDPEROFFER1_202311010000.parquet/part.590.parquet
2025-03-19 18:57:42,623 - INFO - Target: s3://thesis--ec331-s3/de-duped-volume-bids/PUBLIC_DVD_BIDPEROFFER1_202311010000.parquet/part.590.parquet
2025-03-19 18:57:42,794 - INFO - Wrote original 0 rows to s3://thesis--ec331-s3/de-duped-volume-bids/PUBLIC_DVD_BIDPEROFFER1_202311010000.parquet/part.59.parquet
2025-03-19 18:57:42,884 - INFO - Processing: s3://thesis--ec331-s3/FCAS_RAISE1SEC-Volume-Bids/PUBLIC_DVD_BIDPEROFFER1_202311010000.parquet/part.591.parquet
2025-03-19 18:57:42,889 - INFO - Wrote original 0 rows to s3://thesis--ec331-s3/de-duped-volume-bids/PUBLIC_DVD_BIDPEROFFER1_202311010000.parquet/part.589.parquet
2025-03-19 18:57:42,892 - INFO - Wrote original 0 rows to s3://thesis--ec331-s3/de-duped-volume-bids/PUBLIC_DVD_BIDPEROFFER1_202311010000.parquet/part.588.parquet
2025-03-19 18:57:42,897 - INFO - Target: s3://thesis--ec331-s3/de-duped-volume-bids/PUBLIC_DVD_BIDPEROFFER1_202311010000.parquet/part.591.parquet
2025-03-19 18:57:42,982 - INFO - Processing: s3://thesis--ec331-s3/FCAS_RAISE1SEC-Volume-Bids/PUBLIC_DVD_BIDPEROFFER1_202311010000.parquet/part.592.parquet
2025-03-19 18:57:43,068 - INFO - Processing: s3://thesis--ec331-s3/FCAS_RAISE1SEC-Volume-Bids/PUBLIC_DVD_BIDPEROFFER1_202311010000.parquet/part.593.parquet
2025-03-19 18:57:43,080 - INFO - Target: s3://thesis--ec331-s3/de-duped-volume-bids/PUBLIC_DVD_BIDPEROFFER1_202311010000.parquet/part.592.parquet
2025-03-19 18:57:43,081 - INFO - Target: s3://thesis--ec331-s3/de-duped-volume-bids/PUBLIC_DVD_BIDPEROFFER1_202311010000.parquet/part.593.parquet
2025-03-19 18:57:43,115 - INFO - Read 0 rows from s3://thesis--ec331-s3/FCAS_RAISE1SEC-Volume-Bids/PUBLIC_DVD_BIDPEROFFER1_202311010000.parquet/part.590.parquet
2025-03-19 18:57:43,118 - INFO - No duplicates found in s3://thesis--ec331-s3/FCAS_RAISE1SEC-Volume-Bids/PUBLIC_DVD_BIDPEROFFER1_202311010000.parquet/part.590.parquet
2025-03-19 18:57:43,119 - WARNING - Empty DataFrame will be written.
2025-03-19 18:57:43,321 - INFO - Read 0 rows from s3://thesis--ec331-s3/FCAS_RAISE1SEC-Volume-Bids/PUBLIC_DVD_BIDPEROFFER1_202311010000.parquet/part.591.parquet
2025-03-19 18:57:43,324 - INFO - No duplicates found in s3://thesis--ec331-s3/FCAS_RAISE1SEC-Volume-Bids/PUBLIC_DVD_BIDPEROFFER1_202311010000.parquet/part.591.parquet
2025-03-19 18:57:43,330 - WARNING - Empty DataFrame will be written.
2025-03-19 18:57:43,344 - INFO - Wrote original 0 rows to s3://thesis--ec331-s3/de-duped-volume-bids/PUBLIC_DVD_BIDPEROFFER1_202311010000.parquet/part.590.parquet
2025-03-19 18:57:43,444 - INFO - Processing: s3://thesis--ec331-s3/FCAS_RAISE1SEC-Volume-Bids/PUBLIC_DVD_BIDPEROFFER1_202311010000.parquet/part.594.parquet
2025-03-19 18:57:43,448 - INFO - Target: s3://thesis--ec331-s3/de-duped-volume-bids/PUBLIC_DVD_BIDPEROFFER1_202311010000.parquet/part.594.parquet
2025-03-19 18:57:43,470 - INFO - Read 0 rows from s3://thesis--ec331-s3/FCAS_RAISE1SEC-Volume-Bids/PUBLIC_DVD_BIDPEROFFER1_202311010000.parquet/part.592.parquet
2025-03-19 18:57:43,474 - INFO - No duplicates found in s3://thesis--ec331-s3/FCAS_RAISE1SEC-Volume-Bids/PUBLIC_DVD_BIDPEROFFER1_202311010000.parquet/part.592.parquet
2025-03-19 18:57:43,475 - WARNING - Empty DataFrame will be written.
2025-03-19 18:57:43,499 - INFO - Read 0 rows from s3://thesis--ec331-s3/FCAS_RAISE1SEC-Volume-Bids/PUBLIC_DVD_BIDPEROFFER1_202311010000.parquet/part.593.parquet
2025-03-19 18:57:43,502 - INFO - No duplicates found in s3://thesis--ec331-s3/FCAS_RAISE1SEC-Volume-Bids/PUBLIC_DVD_BIDPEROFFER1_202311010000.parquet/part.593.parquet
2025-03-19 18:57:43,503 - WARNING - Empty DataFrame will be written.
2025-03-19 18:57:43,726 - INFO - Read 0 rows from s3://thesis--ec331-s3/FCAS_RAISE1SEC-Volume-Bids/PUBLIC_DVD_BIDPEROFFER1_202311010000.parquet/part.594.parquet
2025-03-19 18:57:43,729 - INFO - No duplicates found in s3://thesis--ec331-s3/FCAS_RAISE1SEC-Volume-Bids/PUBLIC_DVD_BIDPEROFFER1_202311010000.parquet/part.594.parquet
2025-03-19 18:57:43,731 - WARNING - Empty DataFrame will be written.
2025-03-19 18:57:43,751 - INFO - Wrote original 0 rows to s3://thesis--ec331-s3/de-duped-volume-bids/PUBLIC_DVD_BIDPEROFFER1_202311010000.parquet/part.592.parquet
2025-03-19 18:57:43,843 - INFO - Processing: s3://thesis--ec331-s3/FCAS_RAISE1SEC-Volume-Bids/PUBLIC_DVD_BIDPEROFFER1_202311010000.parquet/part.595.parquet
2025-03-19 18:57:43,845 - INFO - Wrote original 0 rows to s3://thesis--ec331-s3/de-duped-volume-bids/PUBLIC_DVD_BIDPEROFFER1_202311010000.parquet/part.591.parquet
2025-03-19 18:57:43,846 - INFO - Target: s3://thesis--ec331-s3/de-duped-volume-bids/PUBLIC_DVD_BIDPEROFFER1_202311010000.parquet/part.595.parquet
2025-03-19 18:57:43,936 - INFO - Processing: s3://thesis--ec331-s3/FCAS_RAISE1SEC-Volume-Bids/PUBLIC_DVD_BIDPEROFFER1_202311010000.parquet/part.596.parquet
2025-03-19 18:57:43,946 - INFO - Target: s3://thesis--ec331-s3/de-duped-volume-bids/PUBLIC_DVD_BIDPEROFFER1_202311010000.parquet/part.596.parquet
2025-03-19 18:57:43,969 - INFO - Wrote original 0 rows to s3://thesis--ec331-s3/de-duped-volume-bids/PUBLIC_DVD_BIDPEROFFER1_202311010000.parquet/part.593.parquet
2025-03-19 18:57:44,054 - INFO - Processing: s3://thesis--ec331-s3/FCAS_RAISE1SEC-Volume-Bids/PUBLIC_DVD_BIDPEROFFER1_202311010000.parquet/part.597.parquet
2025-03-19 18:57:44,056 - INFO - Target: s3://thesis--ec331-s3/de-duped-volume-bids/PUBLIC_DVD_BIDPEROFFER1_202311010000.parquet/part.597.parquet
2025-03-19 18:57:44,165 - INFO - Wrote original 0 rows to s3://thesis--ec331-s3/de-duped-volume-bids/PUBLIC_DVD_BIDPEROFFER1_202311010000.parquet/part.594.parquet
2025-03-19 18:57:44,255 - INFO - Processing: s3://thesis--ec331-s3/FCAS_RAISE1SEC-Volume-Bids/PUBLIC_DVD_BIDPEROFFER1_202311010000.parquet/part.598.parquet
2025-03-19 18:57:44,258 - INFO - Target: s3://thesis--ec331-s3/de-duped-volume-bids/PUBLIC_DVD_BIDPEROFFER1_202311010000.parquet/part.598.parquet
2025-03-19 18:57:44,334 - INFO - Read 0 rows from s3://thesis--ec331-s3/FCAS_RAISE1SEC-Volume-Bids/PUBLIC_DVD_BIDPEROFFER1_202311010000.parquet/part.596.parquet
2025-03-19 18:57:44,341 - INFO - Read 0 rows from s3://thesis--ec331-s3/FCAS_RAISE1SEC-Volume-Bids/PUBLIC_DVD_BIDPEROFFER1_202311010000.parquet/part.595.parquet
2025-03-19 18:57:44,344 - INFO - No duplicates found in s3://thesis--ec331-s3/FCAS_RAISE1SEC-Volume-Bids/PUBLIC_DVD_BIDPEROFFER1_202311010000.parquet/part.596.parquet
2025-03-19 18:57:44,347 - INFO - No duplicates found in s3://thesis--ec331-s3/FCAS_RAISE1SEC-Volume-Bids/PUBLIC_DVD_BIDPEROFFER1_202311010000.parquet/part.595.parquet
2025-03-19 18:57:44,349 - WARNING - Empty DataFrame will be written.
2025-03-19 18:57:44,359 - WARNING - Empty DataFrame will be written.
2025-03-19 18:57:44,402 - INFO - Read 0 rows from s3://thesis--ec331-s3/FCAS_RAISE1SEC-Volume-Bids/PUBLIC_DVD_BIDPEROFFER1_202311010000.parquet/part.597.parquet
2025-03-19 18:57:44,405 - INFO - No duplicates found in s3://thesis--ec331-s3/FCAS_RAISE1SEC-Volume-Bids/PUBLIC_DVD_BIDPEROFFER1_202311010000.parquet/part.597.parquet
2025-03-19 18:57:44,406 - WARNING - Empty DataFrame will be written.
2025-03-19 18:57:44,490 - INFO - Read 0 rows from s3://thesis--ec331-s3/FCAS_RAISE1SEC-Volume-Bids/PUBLIC_DVD_BIDPEROFFER1_202311010000.parquet/part.598.parquet
2025-03-19 18:57:44,493 - INFO - No duplicates found in s3://thesis--ec331-s3/FCAS_RAISE1SEC-Volume-Bids/PUBLIC_DVD_BIDPEROFFER1_202311010000.parquet/part.598.parquet
2025-03-19 18:57:44,494 - WARNING - Empty DataFrame will be written.
2025-03-19 18:57:44,662 - INFO - Wrote original 0 rows to s3://thesis--ec331-s3/de-duped-volume-bids/PUBLIC_DVD_BIDPEROFFER1_202311010000.parquet/part.597.parquet
2025-03-19 18:57:44,755 - INFO - Processing: s3://thesis--ec331-s3/FCAS_RAISE1SEC-Volume-Bids/PUBLIC_DVD_BIDPEROFFER1_202311010000.parquet/part.599.parquet
2025-03-19 18:57:44,758 - INFO - Wrote original 0 rows to s3://thesis--ec331-s3/de-duped-volume-bids/PUBLIC_DVD_BIDPEROFFER1_202311010000.parquet/part.595.parquet
2025-03-19 18:57:44,761 - INFO - Target: s3://thesis--ec331-s3/de-duped-volume-bids/PUBLIC_DVD_BIDPEROFFER1_202311010000.parquet/part.599.parquet
2025-03-19 18:57:44,844 - INFO - Processing: s3://thesis--ec331-s3/FCAS_RAISE1SEC-Volume-Bids/PUBLIC_DVD_BIDPEROFFER1_202311010000.parquet/part.6.parquet
2025-03-19 18:57:44,847 - INFO - Wrote original 0 rows to s3://thesis--ec331-s3/de-duped-volume-bids/PUBLIC_DVD_BIDPEROFFER1_202311010000.parquet/part.596.parquet
2025-03-19 18:57:44,852 - INFO - Target: s3://thesis--ec331-s3/de-duped-volume-bids/PUBLIC_DVD_BIDPEROFFER1_202311010000.parquet/part.6.parquet
2025-03-19 18:57:44,940 - INFO - Processing: s3://thesis--ec331-s3/FCAS_RAISE1SEC-Volume-Bids/PUBLIC_DVD_BIDPEROFFER1_202311010000.parquet/part.60.parquet
2025-03-19 18:57:44,945 - INFO - Target: s3://thesis--ec331-s3/de-duped-volume-bids/PUBLIC_DVD_BIDPEROFFER1_202311010000.parquet/part.60.parquet
2025-03-19 18:57:44,987 - INFO - Wrote original 0 rows to s3://thesis--ec331-s3/de-duped-volume-bids/PUBLIC_DVD_BIDPEROFFER1_202311010000.parquet/part.598.parquet
2025-03-19 18:57:45,071 - INFO - Processing: s3://thesis--ec331-s3/FCAS_RAISE1SEC-Volume-Bids/PUBLIC_DVD_BIDPEROFFER1_202311010000.parquet/part.600.parquet
2025-03-19 18:57:45,072 - INFO - Target: s3://thesis--ec331-s3/de-duped-volume-bids/PUBLIC_DVD_BIDPEROFFER1_202311010000.parquet/part.600.parquet
2025-03-19 18:57:45,272 - INFO - Read 0 rows from s3://thesis--ec331-s3/FCAS_RAISE1SEC-Volume-Bids/PUBLIC_DVD_BIDPEROFFER1_202311010000.parquet/part.6.parquet
2025-03-19 18:57:45,282 - INFO - No duplicates found in s3://thesis--ec331-s3/FCAS_RAISE1SEC-Volume-Bids/PUBLIC_DVD_BIDPEROFFER1_202311010000.parquet/part.6.parquet
2025-03-19 18:57:45,283 - WARNING - Empty DataFrame will be written.
2025-03-19 18:57:45,317 - INFO - Read 0 rows from s3://thesis--ec331-s3/FCAS_RAISE1SEC-Volume-Bids/PUBLIC_DVD_BIDPEROFFER1_202311010000.parquet/part.599.parquet
2025-03-19 18:57:45,319 - INFO - No duplicates found in s3://thesis--ec331-s3/FCAS_RAISE1SEC-Volume-Bids/PUBLIC_DVD_BIDPEROFFER1_202311010000.parquet/part.599.parquet
2025-03-19 18:57:45,321 - WARNING - Empty DataFrame will be written.
2025-03-19 18:57:45,348 - INFO - Read 4,320 rows from s3://thesis--ec331-s3/FCAS_RAISE1SEC-Volume-Bids/PUBLIC_DVD_BIDPEROFFER1_202311010000.parquet/part.60.parquet
2025-03-19 18:57:45,358 - INFO - Read 0 rows from s3://thesis--ec331-s3/FCAS_RAISE1SEC-Volume-Bids/PUBLIC_DVD_BIDPEROFFER1_202311010000.parquet/part.600.parquet
2025-03-19 18:57:45,361 - INFO - No duplicates found in s3://thesis--ec331-s3/FCAS_RAISE1SEC-Volume-Bids/PUBLIC_DVD_BIDPEROFFER1_202311010000.parquet/part.600.parquet
2025-03-19 18:57:45,365 - WARNING - Empty DataFrame will be written.
2025-03-19 18:57:45,383 - INFO - No duplicates found in s3://thesis--ec331-s3/FCAS_RAISE1SEC-Volume-Bids/PUBLIC_DVD_BIDPEROFFER1_202311010000.parquet/part.60.parquet
2025-03-19 18:57:45,625 - INFO - Wrote original 0 rows to s3://thesis--ec331-s3/de-duped-volume-bids/PUBLIC_DVD_BIDPEROFFER1_202311010000.parquet/part.599.parquet
2025-03-19 18:57:45,715 - INFO - Processing: s3://thesis--ec331-s3/FCAS_RAISE1SEC-Volume-Bids/PUBLIC_DVD_BIDPEROFFER1_202311010000.parquet/part.601.parquet
2025-03-19 18:57:45,719 - INFO - Wrote original 0 rows to s3://thesis--ec331-s3/de-duped-volume-bids/PUBLIC_DVD_BIDPEROFFER1_202311010000.parquet/part.6.parquet
2025-03-19 18:57:45,721 - INFO - Target: s3://thesis--ec331-s3/de-duped-volume-bids/PUBLIC_DVD_BIDPEROFFER1_202311010000.parquet/part.601.parquet
2025-03-19 18:57:45,811 - INFO - Processing: s3://thesis--ec331-s3/FCAS_RAISE1SEC-Volume-Bids/PUBLIC_DVD_BIDPEROFFER1_202311010000.parquet/part.602.parquet
2025-03-19 18:57:45,823 - INFO - Wrote original 0 rows to s3://thesis--ec331-s3/de-duped-volume-bids/PUBLIC_DVD_BIDPEROFFER1_202311010000.parquet/part.600.parquet
2025-03-19 18:57:45,826 - INFO - Target: s3://thesis--ec331-s3/de-duped-volume-bids/PUBLIC_DVD_BIDPEROFFER1_202311010000.parquet/part.602.parquet
2025-03-19 18:57:45,909 - INFO - Processing: s3://thesis--ec331-s3/FCAS_RAISE1SEC-Volume-Bids/PUBLIC_DVD_BIDPEROFFER1_202311010000.parquet/part.603.parquet
2025-03-19 18:57:45,912 - INFO - Wrote original 4,320 rows to s3://thesis--ec331-s3/de-duped-volume-bids/PUBLIC_DVD_BIDPEROFFER1_202311010000.parquet/part.60.parquet
2025-03-19 18:57:45,923 - INFO - Target: s3://thesis--ec331-s3/de-duped-volume-bids/PUBLIC_DVD_BIDPEROFFER1_202311010000.parquet/part.603.parquet
2025-03-19 18:57:46,009 - INFO - Processing: s3://thesis--ec331-s3/FCAS_RAISE1SEC-Volume-Bids/PUBLIC_DVD_BIDPEROFFER1_202311010000.parquet/part.604.parquet
2025-03-19 18:57:46,015 - INFO - Target: s3://thesis--ec331-s3/de-duped-volume-bids/PUBLIC_DVD_BIDPEROFFER1_202311010000.parquet/part.604.parquet
2025-03-19 18:57:46,208 - INFO - Read 0 rows from s3://thesis--ec331-s3/FCAS_RAISE1SEC-Volume-Bids/PUBLIC_DVD_BIDPEROFFER1_202311010000.parquet/part.601.parquet
2025-03-19 18:57:46,222 - INFO - No duplicates found in s3://thesis--ec331-s3/FCAS_RAISE1SEC-Volume-Bids/PUBLIC_DVD_BIDPEROFFER1_202311010000.parquet/part.601.parquet
2025-03-19 18:57:46,223 - WARNING - Empty DataFrame will be written.
2025-03-19 18:57:46,294 - INFO - Read 0 rows from s3://thesis--ec331-s3/FCAS_RAISE1SEC-Volume-Bids/PUBLIC_DVD_BIDPEROFFER1_202311010000.parquet/part.603.parquet
2025-03-19 18:57:46,297 - INFO - No duplicates found in s3://thesis--ec331-s3/FCAS_RAISE1SEC-Volume-Bids/PUBLIC_DVD_BIDPEROFFER1_202311010000.parquet/part.603.parquet
2025-03-19 18:57:46,298 - WARNING - Empty DataFrame will be written.
2025-03-19 18:57:46,324 - INFO - Read 0 rows from s3://thesis--ec331-s3/FCAS_RAISE1SEC-Volume-Bids/PUBLIC_DVD_BIDPEROFFER1_202311010000.parquet/part.604.parquet
2025-03-19 18:57:46,328 - INFO - No duplicates found in s3://thesis--ec331-s3/FCAS_RAISE1SEC-Volume-Bids/PUBLIC_DVD_BIDPEROFFER1_202311010000.parquet/part.604.parquet
2025-03-19 18:57:46,329 - WARNING - Empty DataFrame will be written.
2025-03-19 18:57:46,368 - INFO - Read 0 rows from s3://thesis--ec331-s3/FCAS_RAISE1SEC-Volume-Bids/PUBLIC_DVD_BIDPEROFFER1_202311010000.parquet/part.602.parquet
2025-03-19 18:57:46,372 - INFO - No duplicates found in s3://thesis--ec331-s3/FCAS_RAISE1SEC-Volume-Bids/PUBLIC_DVD_BIDPEROFFER1_202311010000.parquet/part.602.parquet
2025-03-19 18:57:46,373 - WARNING - Empty DataFrame will be written.
2025-03-19 18:57:46,452 - INFO - Wrote original 0 rows to s3://thesis--ec331-s3/de-duped-volume-bids/PUBLIC_DVD_BIDPEROFFER1_202311010000.parquet/part.601.parquet
2025-03-19 18:57:46,543 - INFO - Processing: s3://thesis--ec331-s3/FCAS_RAISE1SEC-Volume-Bids/PUBLIC_DVD_BIDPEROFFER1_202311010000.parquet/part.605.parquet
2025-03-19 18:57:46,545 - INFO - Target: s3://thesis--ec331-s3/de-duped-volume-bids/PUBLIC_DVD_BIDPEROFFER1_202311010000.parquet/part.605.parquet
2025-03-19 18:57:46,587 - INFO - Wrote original 0 rows to s3://thesis--ec331-s3/de-duped-volume-bids/PUBLIC_DVD_BIDPEROFFER1_202311010000.parquet/part.603.parquet
2025-03-19 18:57:46,674 - INFO - Processing: s3://thesis--ec331-s3/FCAS_RAISE1SEC-Volume-Bids/PUBLIC_DVD_BIDPEROFFER1_202311010000.parquet/part.606.parquet
2025-03-19 18:57:46,676 - INFO - Target: s3://thesis--ec331-s3/de-duped-volume-bids/PUBLIC_DVD_BIDPEROFFER1_202311010000.parquet/part.606.parquet
2025-03-19 18:57:46,713 - INFO - Wrote original 0 rows to s3://thesis--ec331-s3/de-duped-volume-bids/PUBLIC_DVD_BIDPEROFFER1_202311010000.parquet/part.602.parquet
2025-03-19 18:57:46,802 - INFO - Processing: s3://thesis--ec331-s3/FCAS_RAISE1SEC-Volume-Bids/PUBLIC_DVD_BIDPEROFFER1_202311010000.parquet/part.607.parquet
2025-03-19 18:57:46,805 - INFO - Target: s3://thesis--ec331-s3/de-duped-volume-bids/PUBLIC_DVD_BIDPEROFFER1_202311010000.parquet/part.607.parquet
2025-03-19 18:57:46,858 - INFO - Wrote original 0 rows to s3://thesis--ec331-s3/de-duped-volume-bids/PUBLIC_DVD_BIDPEROFFER1_202311010000.parquet/part.604.parquet
2025-03-19 18:57:46,941 - INFO - Processing: s3://thesis--ec331-s3/FCAS_RAISE1SEC-Volume-Bids/PUBLIC_DVD_BIDPEROFFER1_202311010000.parquet/part.608.parquet
2025-03-19 18:57:46,944 - INFO - Target: s3://thesis--ec331-s3/de-duped-volume-bids/PUBLIC_DVD_BIDPEROFFER1_202311010000.parquet/part.608.parquet
2025-03-19 18:57:46,970 - INFO - Read 0 rows from s3://thesis--ec331-s3/FCAS_RAISE1SEC-Volume-Bids/PUBLIC_DVD_BIDPEROFFER1_202311010000.parquet/part.605.parquet
2025-03-19 18:57:46,974 - INFO - No duplicates found in s3://thesis--ec331-s3/FCAS_RAISE1SEC-Volume-Bids/PUBLIC_DVD_BIDPEROFFER1_202311010000.parquet/part.605.parquet
2025-03-19 18:57:46,975 - WARNING - Empty DataFrame will be written.
2025-03-19 18:57:47,052 - INFO - Read 0 rows from s3://thesis--ec331-s3/FCAS_RAISE1SEC-Volume-Bids/PUBLIC_DVD_BIDPEROFFER1_202311010000.parquet/part.606.parquet
2025-03-19 18:57:47,055 - INFO - No duplicates found in s3://thesis--ec331-s3/FCAS_RAISE1SEC-Volume-Bids/PUBLIC_DVD_BIDPEROFFER1_202311010000.parquet/part.606.parquet
2025-03-19 18:57:47,056 - WARNING - Empty DataFrame will be written.
2025-03-19 18:57:47,139 - INFO - Read 0 rows from s3://thesis--ec331-s3/FCAS_RAISE1SEC-Volume-Bids/PUBLIC_DVD_BIDPEROFFER1_202311010000.parquet/part.607.parquet
2025-03-19 18:57:47,142 - INFO - No duplicates found in s3://thesis--ec331-s3/FCAS_RAISE1SEC-Volume-Bids/PUBLIC_DVD_BIDPEROFFER1_202311010000.parquet/part.607.parquet
2025-03-19 18:57:47,148 - WARNING - Empty DataFrame will be written.
2025-03-19 18:57:47,184 - INFO - Read 0 rows from s3://thesis--ec331-s3/FCAS_RAISE1SEC-Volume-Bids/PUBLIC_DVD_BIDPEROFFER1_202311010000.parquet/part.608.parquet
2025-03-19 18:57:47,187 - INFO - No duplicates found in s3://thesis--ec331-s3/FCAS_RAISE1SEC-Volume-Bids/PUBLIC_DVD_BIDPEROFFER1_202311010000.parquet/part.608.parquet
2025-03-19 18:57:47,188 - WARNING - Empty DataFrame will be written.
2025-03-19 18:57:47,226 - INFO - Wrote original 0 rows to s3://thesis--ec331-s3/de-duped-volume-bids/PUBLIC_DVD_BIDPEROFFER1_202311010000.parquet/part.605.parquet
2025-03-19 18:57:47,321 - INFO - Processing: s3://thesis--ec331-s3/FCAS_RAISE1SEC-Volume-Bids/PUBLIC_DVD_BIDPEROFFER1_202311010000.parquet/part.609.parquet
2025-03-19 18:57:47,323 - INFO - Target: s3://thesis--ec331-s3/de-duped-volume-bids/PUBLIC_DVD_BIDPEROFFER1_202311010000.parquet/part.609.parquet
2025-03-19 18:57:47,375 - INFO - Wrote original 0 rows to s3://thesis--ec331-s3/de-duped-volume-bids/PUBLIC_DVD_BIDPEROFFER1_202311010000.parquet/part.606.parquet
2025-03-19 18:57:47,460 - INFO - Processing: s3://thesis--ec331-s3/FCAS_RAISE1SEC-Volume-Bids/PUBLIC_DVD_BIDPEROFFER1_202311010000.parquet/part.61.parquet
2025-03-19 18:57:47,462 - INFO - Target: s3://thesis--ec331-s3/de-duped-volume-bids/PUBLIC_DVD_BIDPEROFFER1_202311010000.parquet/part.61.parquet
2025-03-19 18:57:47,518 - INFO - Wrote original 0 rows to s3://thesis--ec331-s3/de-duped-volume-bids/PUBLIC_DVD_BIDPEROFFER1_202311010000.parquet/part.607.parquet
2025-03-19 18:57:47,522 - INFO - Wrote original 0 rows to s3://thesis--ec331-s3/de-duped-volume-bids/PUBLIC_DVD_BIDPEROFFER1_202311010000.parquet/part.608.parquet
2025-03-19 18:57:47,607 - INFO - Processing: s3://thesis--ec331-s3/FCAS_RAISE1SEC-Volume-Bids/PUBLIC_DVD_BIDPEROFFER1_202311010000.parquet/part.610.parquet
2025-03-19 18:57:47,691 - INFO - Processing: s3://thesis--ec331-s3/FCAS_RAISE1SEC-Volume-Bids/PUBLIC_DVD_BIDPEROFFER1_202311010000.parquet/part.611.parquet
2025-03-19 18:57:47,692 - INFO - Target: s3://thesis--ec331-s3/de-duped-volume-bids/PUBLIC_DVD_BIDPEROFFER1_202311010000.parquet/part.610.parquet
2025-03-19 18:57:47,693 - INFO - Target: s3://thesis--ec331-s3/de-duped-volume-bids/PUBLIC_DVD_BIDPEROFFER1_202311010000.parquet/part.611.parquet
2025-03-19 18:57:47,779 - INFO - Read 0 rows from s3://thesis--ec331-s3/FCAS_RAISE1SEC-Volume-Bids/PUBLIC_DVD_BIDPEROFFER1_202311010000.parquet/part.609.parquet
2025-03-19 18:57:47,782 - INFO - No duplicates found in s3://thesis--ec331-s3/FCAS_RAISE1SEC-Volume-Bids/PUBLIC_DVD_BIDPEROFFER1_202311010000.parquet/part.609.parquet
2025-03-19 18:57:47,783 - WARNING - Empty DataFrame will be written.
2025-03-19 18:57:47,904 - INFO - Read 0 rows from s3://thesis--ec331-s3/FCAS_RAISE1SEC-Volume-Bids/PUBLIC_DVD_BIDPEROFFER1_202311010000.parquet/part.61.parquet
2025-03-19 18:57:47,907 - INFO - No duplicates found in s3://thesis--ec331-s3/FCAS_RAISE1SEC-Volume-Bids/PUBLIC_DVD_BIDPEROFFER1_202311010000.parquet/part.61.parquet
2025-03-19 18:57:47,909 - WARNING - Empty DataFrame will be written.
2025-03-19 18:57:47,976 - INFO - Read 0 rows from s3://thesis--ec331-s3/FCAS_RAISE1SEC-Volume-Bids/PUBLIC_DVD_BIDPEROFFER1_202311010000.parquet/part.610.parquet
2025-03-19 18:57:47,979 - INFO - No duplicates found in s3://thesis--ec331-s3/FCAS_RAISE1SEC-Volume-Bids/PUBLIC_DVD_BIDPEROFFER1_202311010000.parquet/part.610.parquet
2025-03-19 18:57:47,981 - WARNING - Empty DataFrame will be written.
2025-03-19 18:57:48,015 - INFO - Read 0 rows from s3://thesis--ec331-s3/FCAS_RAISE1SEC-Volume-Bids/PUBLIC_DVD_BIDPEROFFER1_202311010000.parquet/part.611.parquet
2025-03-19 18:57:48,018 - INFO - No duplicates found in s3://thesis--ec331-s3/FCAS_RAISE1SEC-Volume-Bids/PUBLIC_DVD_BIDPEROFFER1_202311010000.parquet/part.611.parquet
2025-03-19 18:57:48,022 - INFO - Wrote original 0 rows to s3://thesis--ec331-s3/de-duped-volume-bids/PUBLIC_DVD_BIDPEROFFER1_202311010000.parquet/part.609.parquet
2025-03-19 18:57:48,023 - WARNING - Empty DataFrame will be written.
2025-03-19 18:57:48,122 - INFO - Processing: s3://thesis--ec331-s3/FCAS_RAISE1SEC-Volume-Bids/PUBLIC_DVD_BIDPEROFFER1_202311010000.parquet/part.612.parquet
2025-03-19 18:57:48,140 - INFO - Target: s3://thesis--ec331-s3/de-duped-volume-bids/PUBLIC_DVD_BIDPEROFFER1_202311010000.parquet/part.612.parquet
2025-03-19 18:57:48,283 - INFO - Wrote original 0 rows to s3://thesis--ec331-s3/de-duped-volume-bids/PUBLIC_DVD_BIDPEROFFER1_202311010000.parquet/part.61.parquet
2025-03-19 18:57:48,376 - INFO - Processing: s3://thesis--ec331-s3/FCAS_RAISE1SEC-Volume-Bids/PUBLIC_DVD_BIDPEROFFER1_202311010000.parquet/part.613.parquet
2025-03-19 18:57:48,379 - INFO - Wrote original 0 rows to s3://thesis--ec331-s3/de-duped-volume-bids/PUBLIC_DVD_BIDPEROFFER1_202311010000.parquet/part.610.parquet
2025-03-19 18:57:48,381 - INFO - Target: s3://thesis--ec331-s3/de-duped-volume-bids/PUBLIC_DVD_BIDPEROFFER1_202311010000.parquet/part.613.parquet
2025-03-19 18:57:48,476 - INFO - Processing: s3://thesis--ec331-s3/FCAS_RAISE1SEC-Volume-Bids/PUBLIC_DVD_BIDPEROFFER1_202311010000.parquet/part.614.parquet
2025-03-19 18:57:48,482 - INFO - Target: s3://thesis--ec331-s3/de-duped-volume-bids/PUBLIC_DVD_BIDPEROFFER1_202311010000.parquet/part.614.parquet
2025-03-19 18:57:48,518 - INFO - Wrote original 0 rows to s3://thesis--ec331-s3/de-duped-volume-bids/PUBLIC_DVD_BIDPEROFFER1_202311010000.parquet/part.611.parquet
2025-03-19 18:57:48,617 - INFO - Processing: s3://thesis--ec331-s3/FCAS_RAISE1SEC-Volume-Bids/PUBLIC_DVD_BIDPEROFFER1_202311010000.parquet/part.615.parquet
2025-03-19 18:57:48,618 - INFO - Target: s3://thesis--ec331-s3/de-duped-volume-bids/PUBLIC_DVD_BIDPEROFFER1_202311010000.parquet/part.615.parquet
2025-03-19 18:57:48,876 - INFO - Read 0 rows from s3://thesis--ec331-s3/FCAS_RAISE1SEC-Volume-Bids/PUBLIC_DVD_BIDPEROFFER1_202311010000.parquet/part.615.parquet
2025-03-19 18:57:48,879 - INFO - No duplicates found in s3://thesis--ec331-s3/FCAS_RAISE1SEC-Volume-Bids/PUBLIC_DVD_BIDPEROFFER1_202311010000.parquet/part.615.parquet
2025-03-19 18:57:48,881 - WARNING - Empty DataFrame will be written.
2025-03-19 18:57:49,705 - INFO - Wrote original 0 rows to s3://thesis--ec331-s3/de-duped-volume-bids/PUBLIC_DVD_BIDPEROFFER1_202311010000.parquet/part.615.parquet
2025-03-19 18:57:49,813 - INFO - Processing: s3://thesis--ec331-s3/FCAS_RAISE1SEC-Volume-Bids/PUBLIC_DVD_BIDPEROFFER1_202311010000.parquet/part.616.parquet
2025-03-19 18:57:49,864 - INFO - Target: s3://thesis--ec331-s3/de-duped-volume-bids/PUBLIC_DVD_BIDPEROFFER1_202311010000.parquet/part.616.parquet
2025-03-19 18:57:50,053 - INFO - Read 488,052 rows from s3://thesis--ec331-s3/FCAS_RAISE1SEC-Volume-Bids/PUBLIC_DVD_BIDPEROFFER1_202311010000.parquet/part.612.parquet
2025-03-19 18:57:50,091 - INFO - Read 270,042 rows from s3://thesis--ec331-s3/FCAS_RAISE1SEC-Volume-Bids/PUBLIC_DVD_BIDPEROFFER1_202311010000.parquet/part.614.parquet
2025-03-19 18:57:50,287 - INFO - Read 494,418 rows from s3://thesis--ec331-s3/FCAS_RAISE1SEC-Volume-Bids/PUBLIC_DVD_BIDPEROFFER1_202311010000.parquet/part.613.parquet
2025-03-19 18:57:50,438 - INFO - Read 0 rows from s3://thesis--ec331-s3/FCAS_RAISE1SEC-Volume-Bids/PUBLIC_DVD_BIDPEROFFER1_202311010000.parquet/part.616.parquet
2025-03-19 18:57:50,461 - INFO - No duplicates found in s3://thesis--ec331-s3/FCAS_RAISE1SEC-Volume-Bids/PUBLIC_DVD_BIDPEROFFER1_202311010000.parquet/part.616.parquet
2025-03-19 18:57:50,463 - WARNING - Empty DataFrame will be written.
2025-03-19 18:57:50,582 - INFO - Found 270,042 rows (100.00%) with duplicate keys
2025-03-19 18:57:50,635 - INFO - Found 488,052 rows (100.00%) with duplicate keys
2025-03-19 18:57:50,703 - INFO - Removed 268,890 duplicate rows
2025-03-19 18:57:50,714 - INFO - Found 494,418 rows (100.00%) with duplicate keys
2025-03-19 18:57:50,803 - INFO - Removed 486,324 duplicate rows
2025-03-19 18:57:50,835 - INFO - Removed 492,402 duplicate rows
2025-03-19 18:57:50,853 - INFO - Wrote original 0 rows to s3://thesis--ec331-s3/de-duped-volume-bids/PUBLIC_DVD_BIDPEROFFER1_202311010000.parquet/part.616.parquet
2025-03-19 18:57:50,943 - INFO - Processing: s3://thesis--ec331-s3/FCAS_RAISE1SEC-Volume-Bids/PUBLIC_DVD_BIDPEROFFER1_202311010000.parquet/part.617.parquet
2025-03-19 18:57:50,945 - INFO - Target: s3://thesis--ec331-s3/de-duped-volume-bids/PUBLIC_DVD_BIDPEROFFER1_202311010000.parquet/part.617.parquet
2025-03-19 18:57:51,129 - INFO - Wrote 1,728 rows to s3://thesis--ec331-s3/de-duped-volume-bids/PUBLIC_DVD_BIDPEROFFER1_202311010000.parquet/part.612.parquet
2025-03-19 18:57:51,349 - INFO - Processing: s3://thesis--ec331-s3/FCAS_RAISE1SEC-Volume-Bids/PUBLIC_DVD_BIDPEROFFER1_202311010000.parquet/part.618.parquet
2025-03-19 18:57:51,351 - INFO - Wrote 1,152 rows to s3://thesis--ec331-s3/de-duped-volume-bids/PUBLIC_DVD_BIDPEROFFER1_202311010000.parquet/part.614.parquet
2025-03-19 18:57:51,352 - INFO - Target: s3://thesis--ec331-s3/de-duped-volume-bids/PUBLIC_DVD_BIDPEROFFER1_202311010000.parquet/part.618.parquet
2025-03-19 18:57:51,563 - INFO - Processing: s3://thesis--ec331-s3/FCAS_RAISE1SEC-Volume-Bids/PUBLIC_DVD_BIDPEROFFER1_202311010000.parquet/part.619.parquet
2025-03-19 18:57:51,574 - INFO - Target: s3://thesis--ec331-s3/de-duped-volume-bids/PUBLIC_DVD_BIDPEROFFER1_202311010000.parquet/part.619.parquet
2025-03-19 18:57:51,597 - INFO - Wrote 2,016 rows to s3://thesis--ec331-s3/de-duped-volume-bids/PUBLIC_DVD_BIDPEROFFER1_202311010000.parquet/part.613.parquet
2025-03-19 18:57:51,830 - INFO - Processing: s3://thesis--ec331-s3/FCAS_RAISE1SEC-Volume-Bids/PUBLIC_DVD_BIDPEROFFER1_202311010000.parquet/part.62.parquet
2025-03-19 18:57:51,832 - INFO - Target: s3://thesis--ec331-s3/de-duped-volume-bids/PUBLIC_DVD_BIDPEROFFER1_202311010000.parquet/part.62.parquet
2025-03-19 18:57:51,867 - INFO - Read 0 rows from s3://thesis--ec331-s3/FCAS_RAISE1SEC-Volume-Bids/PUBLIC_DVD_BIDPEROFFER1_202311010000.parquet/part.617.parquet
2025-03-19 18:57:51,870 - INFO - No duplicates found in s3://thesis--ec331-s3/FCAS_RAISE1SEC-Volume-Bids/PUBLIC_DVD_BIDPEROFFER1_202311010000.parquet/part.617.parquet
2025-03-19 18:57:51,872 - WARNING - Empty DataFrame will be written.
2025-03-19 18:57:52,015 - INFO - Read 0 rows from s3://thesis--ec331-s3/FCAS_RAISE1SEC-Volume-Bids/PUBLIC_DVD_BIDPEROFFER1_202311010000.parquet/part.618.parquet
2025-03-19 18:57:52,018 - INFO - No duplicates found in s3://thesis--ec331-s3/FCAS_RAISE1SEC-Volume-Bids/PUBLIC_DVD_BIDPEROFFER1_202311010000.parquet/part.618.parquet
2025-03-19 18:57:52,019 - WARNING - Empty DataFrame will be written.
2025-03-19 18:57:52,053 - INFO - Read 0 rows from s3://thesis--ec331-s3/FCAS_RAISE1SEC-Volume-Bids/PUBLIC_DVD_BIDPEROFFER1_202311010000.parquet/part.619.parquet
2025-03-19 18:57:52,060 - INFO - No duplicates found in s3://thesis--ec331-s3/FCAS_RAISE1SEC-Volume-Bids/PUBLIC_DVD_BIDPEROFFER1_202311010000.parquet/part.619.parquet
2025-03-19 18:57:52,062 - WARNING - Empty DataFrame will be written.
2025-03-19 18:57:52,094 - INFO - Read 0 rows from s3://thesis--ec331-s3/FCAS_RAISE1SEC-Volume-Bids/PUBLIC_DVD_BIDPEROFFER1_202311010000.parquet/part.62.parquet
2025-03-19 18:57:52,098 - INFO - No duplicates found in s3://thesis--ec331-s3/FCAS_RAISE1SEC-Volume-Bids/PUBLIC_DVD_BIDPEROFFER1_202311010000.parquet/part.62.parquet
2025-03-19 18:57:52,100 - WARNING - Empty DataFrame will be written.
2025-03-19 18:57:52,119 - INFO - Wrote original 0 rows to s3://thesis--ec331-s3/de-duped-volume-bids/PUBLIC_DVD_BIDPEROFFER1_202311010000.parquet/part.617.parquet
2025-03-19 18:57:52,211 - INFO - Processing: s3://thesis--ec331-s3/FCAS_RAISE1SEC-Volume-Bids/PUBLIC_DVD_BIDPEROFFER1_202311010000.parquet/part.620.parquet
2025-03-19 18:57:52,213 - INFO - Target: s3://thesis--ec331-s3/de-duped-volume-bids/PUBLIC_DVD_BIDPEROFFER1_202311010000.parquet/part.620.parquet
2025-03-19 18:57:52,386 - INFO - Wrote original 0 rows to s3://thesis--ec331-s3/de-duped-volume-bids/PUBLIC_DVD_BIDPEROFFER1_202311010000.parquet/part.618.parquet
2025-03-19 18:57:52,476 - INFO - Processing: s3://thesis--ec331-s3/FCAS_RAISE1SEC-Volume-Bids/PUBLIC_DVD_BIDPEROFFER1_202311010000.parquet/part.621.parquet
2025-03-19 18:57:52,477 - INFO - Target: s3://thesis--ec331-s3/de-duped-volume-bids/PUBLIC_DVD_BIDPEROFFER1_202311010000.parquet/part.621.parquet
2025-03-19 18:57:52,545 - INFO - Wrote original 0 rows to s3://thesis--ec331-s3/de-duped-volume-bids/PUBLIC_DVD_BIDPEROFFER1_202311010000.parquet/part.619.parquet
2025-03-19 18:57:52,632 - INFO - Processing: s3://thesis--ec331-s3/FCAS_RAISE1SEC-Volume-Bids/PUBLIC_DVD_BIDPEROFFER1_202311010000.parquet/part.622.parquet
2025-03-19 18:57:52,635 - INFO - Target: s3://thesis--ec331-s3/de-duped-volume-bids/PUBLIC_DVD_BIDPEROFFER1_202311010000.parquet/part.622.parquet
2025-03-19 18:57:52,637 - INFO - Wrote original 0 rows to s3://thesis--ec331-s3/de-duped-volume-bids/PUBLIC_DVD_BIDPEROFFER1_202311010000.parquet/part.62.parquet
2025-03-19 18:57:52,736 - INFO - Processing: s3://thesis--ec331-s3/FCAS_RAISE1SEC-Volume-Bids/PUBLIC_DVD_BIDPEROFFER1_202311010000.parquet/part.623.parquet
2025-03-19 18:57:52,739 - INFO - Target: s3://thesis--ec331-s3/de-duped-volume-bids/PUBLIC_DVD_BIDPEROFFER1_202311010000.parquet/part.623.parquet
2025-03-19 18:57:52,761 - INFO - Read 0 rows from s3://thesis--ec331-s3/FCAS_RAISE1SEC-Volume-Bids/PUBLIC_DVD_BIDPEROFFER1_202311010000.parquet/part.620.parquet
2025-03-19 18:57:52,764 - INFO - No duplicates found in s3://thesis--ec331-s3/FCAS_RAISE1SEC-Volume-Bids/PUBLIC_DVD_BIDPEROFFER1_202311010000.parquet/part.620.parquet
2025-03-19 18:57:52,765 - WARNING - Empty DataFrame will be written.
2025-03-19 18:57:52,937 - INFO - Read 0 rows from s3://thesis--ec331-s3/FCAS_RAISE1SEC-Volume-Bids/PUBLIC_DVD_BIDPEROFFER1_202311010000.parquet/part.621.parquet
2025-03-19 18:57:52,945 - INFO - No duplicates found in s3://thesis--ec331-s3/FCAS_RAISE1SEC-Volume-Bids/PUBLIC_DVD_BIDPEROFFER1_202311010000.parquet/part.621.parquet
2025-03-19 18:57:52,953 - WARNING - Empty DataFrame will be written.
2025-03-19 18:57:52,983 - INFO - Read 0 rows from s3://thesis--ec331-s3/FCAS_RAISE1SEC-Volume-Bids/PUBLIC_DVD_BIDPEROFFER1_202311010000.parquet/part.622.parquet
2025-03-19 18:57:52,986 - INFO - No duplicates found in s3://thesis--ec331-s3/FCAS_RAISE1SEC-Volume-Bids/PUBLIC_DVD_BIDPEROFFER1_202311010000.parquet/part.622.parquet
2025-03-19 18:57:52,987 - WARNING - Empty DataFrame will be written.
2025-03-19 18:57:53,006 - INFO - Wrote original 0 rows to s3://thesis--ec331-s3/de-duped-volume-bids/PUBLIC_DVD_BIDPEROFFER1_202311010000.parquet/part.620.parquet
2025-03-19 18:57:53,100 - INFO - Processing: s3://thesis--ec331-s3/FCAS_RAISE1SEC-Volume-Bids/PUBLIC_DVD_BIDPEROFFER1_202311010000.parquet/part.624.parquet
2025-03-19 18:57:53,104 - INFO - Target: s3://thesis--ec331-s3/de-duped-volume-bids/PUBLIC_DVD_BIDPEROFFER1_202311010000.parquet/part.624.parquet
2025-03-19 18:57:53,128 - INFO - Read 0 rows from s3://thesis--ec331-s3/FCAS_RAISE1SEC-Volume-Bids/PUBLIC_DVD_BIDPEROFFER1_202311010000.parquet/part.623.parquet
2025-03-19 18:57:53,131 - INFO - No duplicates found in s3://thesis--ec331-s3/FCAS_RAISE1SEC-Volume-Bids/PUBLIC_DVD_BIDPEROFFER1_202311010000.parquet/part.623.parquet
2025-03-19 18:57:53,132 - WARNING - Empty DataFrame will be written.
2025-03-19 18:57:53,318 - INFO - Wrote original 0 rows to s3://thesis--ec331-s3/de-duped-volume-bids/PUBLIC_DVD_BIDPEROFFER1_202311010000.parquet/part.621.parquet
2025-03-19 18:57:53,409 - INFO - Processing: s3://thesis--ec331-s3/FCAS_RAISE1SEC-Volume-Bids/PUBLIC_DVD_BIDPEROFFER1_202311010000.parquet/part.625.parquet
2025-03-19 18:57:53,410 - INFO - Target: s3://thesis--ec331-s3/de-duped-volume-bids/PUBLIC_DVD_BIDPEROFFER1_202311010000.parquet/part.625.parquet
2025-03-19 18:57:53,447 - INFO - Read 0 rows from s3://thesis--ec331-s3/FCAS_RAISE1SEC-Volume-Bids/PUBLIC_DVD_BIDPEROFFER1_202311010000.parquet/part.624.parquet
2025-03-19 18:57:53,451 - INFO - Wrote original 0 rows to s3://thesis--ec331-s3/de-duped-volume-bids/PUBLIC_DVD_BIDPEROFFER1_202311010000.parquet/part.623.parquet
2025-03-19 18:57:53,453 - INFO - No duplicates found in s3://thesis--ec331-s3/FCAS_RAISE1SEC-Volume-Bids/PUBLIC_DVD_BIDPEROFFER1_202311010000.parquet/part.624.parquet
2025-03-19 18:57:53,540 - INFO - Processing: s3://thesis--ec331-s3/FCAS_RAISE1SEC-Volume-Bids/PUBLIC_DVD_BIDPEROFFER1_202311010000.parquet/part.626.parquet
2025-03-19 18:57:53,541 - WARNING - Empty DataFrame will be written.
2025-03-19 18:57:53,542 - INFO - Target: s3://thesis--ec331-s3/de-duped-volume-bids/PUBLIC_DVD_BIDPEROFFER1_202311010000.parquet/part.626.parquet
2025-03-19 18:57:53,569 - INFO - Wrote original 0 rows to s3://thesis--ec331-s3/de-duped-volume-bids/PUBLIC_DVD_BIDPEROFFER1_202311010000.parquet/part.622.parquet
2025-03-19 18:57:53,660 - INFO - Processing: s3://thesis--ec331-s3/FCAS_RAISE1SEC-Volume-Bids/PUBLIC_DVD_BIDPEROFFER1_202311010000.parquet/part.627.parquet
2025-03-19 18:57:53,661 - INFO - Target: s3://thesis--ec331-s3/de-duped-volume-bids/PUBLIC_DVD_BIDPEROFFER1_202311010000.parquet/part.627.parquet
2025-03-19 18:57:53,774 - INFO - Read 0 rows from s3://thesis--ec331-s3/FCAS_RAISE1SEC-Volume-Bids/PUBLIC_DVD_BIDPEROFFER1_202311010000.parquet/part.625.parquet
2025-03-19 18:57:53,776 - INFO - No duplicates found in s3://thesis--ec331-s3/FCAS_RAISE1SEC-Volume-Bids/PUBLIC_DVD_BIDPEROFFER1_202311010000.parquet/part.625.parquet
2025-03-19 18:57:53,778 - WARNING - Empty DataFrame will be written.
2025-03-19 18:57:53,903 - INFO - Wrote original 0 rows to s3://thesis--ec331-s3/de-duped-volume-bids/PUBLIC_DVD_BIDPEROFFER1_202311010000.parquet/part.624.parquet
2025-03-19 18:57:53,997 - INFO - Processing: s3://thesis--ec331-s3/FCAS_RAISE1SEC-Volume-Bids/PUBLIC_DVD_BIDPEROFFER1_202311010000.parquet/part.628.parquet
2025-03-19 18:57:54,001 - INFO - Target: s3://thesis--ec331-s3/de-duped-volume-bids/PUBLIC_DVD_BIDPEROFFER1_202311010000.parquet/part.628.parquet
2025-03-19 18:57:54,027 - INFO - Read 0 rows from s3://thesis--ec331-s3/FCAS_RAISE1SEC-Volume-Bids/PUBLIC_DVD_BIDPEROFFER1_202311010000.parquet/part.627.parquet
2025-03-19 18:57:54,034 - INFO - Read 0 rows from s3://thesis--ec331-s3/FCAS_RAISE1SEC-Volume-Bids/PUBLIC_DVD_BIDPEROFFER1_202311010000.parquet/part.626.parquet
2025-03-19 18:57:54,037 - INFO - No duplicates found in s3://thesis--ec331-s3/FCAS_RAISE1SEC-Volume-Bids/PUBLIC_DVD_BIDPEROFFER1_202311010000.parquet/part.627.parquet
2025-03-19 18:57:54,040 - INFO - No duplicates found in s3://thesis--ec331-s3/FCAS_RAISE1SEC-Volume-Bids/PUBLIC_DVD_BIDPEROFFER1_202311010000.parquet/part.626.parquet
2025-03-19 18:57:54,041 - WARNING - Empty DataFrame will be written.
2025-03-19 18:57:54,043 - WARNING - Empty DataFrame will be written.
2025-03-19 18:57:54,068 - INFO - Wrote original 0 rows to s3://thesis--ec331-s3/de-duped-volume-bids/PUBLIC_DVD_BIDPEROFFER1_202311010000.parquet/part.625.parquet
2025-03-19 18:57:54,162 - INFO - Processing: s3://thesis--ec331-s3/FCAS_RAISE1SEC-Volume-Bids/PUBLIC_DVD_BIDPEROFFER1_202311010000.parquet/part.629.parquet
2025-03-19 18:57:54,170 - INFO - Target: s3://thesis--ec331-s3/de-duped-volume-bids/PUBLIC_DVD_BIDPEROFFER1_202311010000.parquet/part.629.parquet
2025-03-19 18:57:54,379 - INFO - Read 0 rows from s3://thesis--ec331-s3/FCAS_RAISE1SEC-Volume-Bids/PUBLIC_DVD_BIDPEROFFER1_202311010000.parquet/part.628.parquet
2025-03-19 18:57:54,382 - INFO - No duplicates found in s3://thesis--ec331-s3/FCAS_RAISE1SEC-Volume-Bids/PUBLIC_DVD_BIDPEROFFER1_202311010000.parquet/part.628.parquet
2025-03-19 18:57:54,383 - WARNING - Empty DataFrame will be written.
2025-03-19 18:57:54,423 - INFO - Wrote original 0 rows to s3://thesis--ec331-s3/de-duped-volume-bids/PUBLIC_DVD_BIDPEROFFER1_202311010000.parquet/part.626.parquet
2025-03-19 18:57:54,518 - INFO - Processing: s3://thesis--ec331-s3/FCAS_RAISE1SEC-Volume-Bids/PUBLIC_DVD_BIDPEROFFER1_202311010000.parquet/part.63.parquet
2025-03-19 18:57:54,522 - INFO - Target: s3://thesis--ec331-s3/de-duped-volume-bids/PUBLIC_DVD_BIDPEROFFER1_202311010000.parquet/part.63.parquet
2025-03-19 18:57:54,528 - INFO - Wrote original 0 rows to s3://thesis--ec331-s3/de-duped-volume-bids/PUBLIC_DVD_BIDPEROFFER1_202311010000.parquet/part.627.parquet
2025-03-19 18:57:54,633 - INFO - Processing: s3://thesis--ec331-s3/FCAS_RAISE1SEC-Volume-Bids/PUBLIC_DVD_BIDPEROFFER1_202311010000.parquet/part.630.parquet
2025-03-19 18:57:54,634 - INFO - Target: s3://thesis--ec331-s3/de-duped-volume-bids/PUBLIC_DVD_BIDPEROFFER1_202311010000.parquet/part.630.parquet
2025-03-19 18:57:54,663 - INFO - Read 0 rows from s3://thesis--ec331-s3/FCAS_RAISE1SEC-Volume-Bids/PUBLIC_DVD_BIDPEROFFER1_202311010000.parquet/part.629.parquet
2025-03-19 18:57:54,666 - INFO - No duplicates found in s3://thesis--ec331-s3/FCAS_RAISE1SEC-Volume-Bids/PUBLIC_DVD_BIDPEROFFER1_202311010000.parquet/part.629.parquet
2025-03-19 18:57:54,667 - WARNING - Empty DataFrame will be written.
2025-03-19 18:57:54,793 - INFO - Wrote original 0 rows to s3://thesis--ec331-s3/de-duped-volume-bids/PUBLIC_DVD_BIDPEROFFER1_202311010000.parquet/part.628.parquet
2025-03-19 18:57:54,888 - INFO - Processing: s3://thesis--ec331-s3/FCAS_RAISE1SEC-Volume-Bids/PUBLIC_DVD_BIDPEROFFER1_202311010000.parquet/part.631.parquet
2025-03-19 18:57:54,894 - INFO - Target: s3://thesis--ec331-s3/de-duped-volume-bids/PUBLIC_DVD_BIDPEROFFER1_202311010000.parquet/part.631.parquet
2025-03-19 18:57:54,943 - INFO - Wrote original 0 rows to s3://thesis--ec331-s3/de-duped-volume-bids/PUBLIC_DVD_BIDPEROFFER1_202311010000.parquet/part.629.parquet
2025-03-19 18:57:55,035 - INFO - Processing: s3://thesis--ec331-s3/FCAS_RAISE1SEC-Volume-Bids/PUBLIC_DVD_BIDPEROFFER1_202311010000.parquet/part.632.parquet
2025-03-19 18:57:55,044 - INFO - Target: s3://thesis--ec331-s3/de-duped-volume-bids/PUBLIC_DVD_BIDPEROFFER1_202311010000.parquet/part.632.parquet
2025-03-19 18:57:55,075 - INFO - Read 0 rows from s3://thesis--ec331-s3/FCAS_RAISE1SEC-Volume-Bids/PUBLIC_DVD_BIDPEROFFER1_202311010000.parquet/part.63.parquet
2025-03-19 18:57:55,078 - INFO - No duplicates found in s3://thesis--ec331-s3/FCAS_RAISE1SEC-Volume-Bids/PUBLIC_DVD_BIDPEROFFER1_202311010000.parquet/part.63.parquet
2025-03-19 18:57:55,079 - WARNING - Empty DataFrame will be written.
2025-03-19 18:57:55,110 - INFO - Read 0 rows from s3://thesis--ec331-s3/FCAS_RAISE1SEC-Volume-Bids/PUBLIC_DVD_BIDPEROFFER1_202311010000.parquet/part.630.parquet
2025-03-19 18:57:55,113 - INFO - No duplicates found in s3://thesis--ec331-s3/FCAS_RAISE1SEC-Volume-Bids/PUBLIC_DVD_BIDPEROFFER1_202311010000.parquet/part.630.parquet
2025-03-19 18:57:55,114 - WARNING - Empty DataFrame will be written.
2025-03-19 18:57:55,215 - INFO - Read 0 rows from s3://thesis--ec331-s3/FCAS_RAISE1SEC-Volume-Bids/PUBLIC_DVD_BIDPEROFFER1_202311010000.parquet/part.631.parquet
2025-03-19 18:57:55,217 - INFO - No duplicates found in s3://thesis--ec331-s3/FCAS_RAISE1SEC-Volume-Bids/PUBLIC_DVD_BIDPEROFFER1_202311010000.parquet/part.631.parquet
2025-03-19 18:57:55,218 - WARNING - Empty DataFrame will be written.
2025-03-19 18:57:55,296 - INFO - Wrote original 0 rows to s3://thesis--ec331-s3/de-duped-volume-bids/PUBLIC_DVD_BIDPEROFFER1_202311010000.parquet/part.63.parquet
2025-03-19 18:57:55,387 - INFO - Processing: s3://thesis--ec331-s3/FCAS_RAISE1SEC-Volume-Bids/PUBLIC_DVD_BIDPEROFFER1_202311010000.parquet/part.633.parquet
2025-03-19 18:57:55,390 - INFO - Target: s3://thesis--ec331-s3/de-duped-volume-bids/PUBLIC_DVD_BIDPEROFFER1_202311010000.parquet/part.633.parquet
2025-03-19 18:57:55,413 - INFO - Read 0 rows from s3://thesis--ec331-s3/FCAS_RAISE1SEC-Volume-Bids/PUBLIC_DVD_BIDPEROFFER1_202311010000.parquet/part.632.parquet
2025-03-19 18:57:55,421 - INFO - No duplicates found in s3://thesis--ec331-s3/FCAS_RAISE1SEC-Volume-Bids/PUBLIC_DVD_BIDPEROFFER1_202311010000.parquet/part.632.parquet
2025-03-19 18:57:55,423 - WARNING - Empty DataFrame will be written.
2025-03-19 18:57:55,443 - INFO - Wrote original 0 rows to s3://thesis--ec331-s3/de-duped-volume-bids/PUBLIC_DVD_BIDPEROFFER1_202311010000.parquet/part.630.parquet
2025-03-19 18:57:55,532 - INFO - Processing: s3://thesis--ec331-s3/FCAS_RAISE1SEC-Volume-Bids/PUBLIC_DVD_BIDPEROFFER1_202311010000.parquet/part.634.parquet
2025-03-19 18:57:55,534 - INFO - Target: s3://thesis--ec331-s3/de-duped-volume-bids/PUBLIC_DVD_BIDPEROFFER1_202311010000.parquet/part.634.parquet
2025-03-19 18:57:55,585 - INFO - Wrote original 0 rows to s3://thesis--ec331-s3/de-duped-volume-bids/PUBLIC_DVD_BIDPEROFFER1_202311010000.parquet/part.631.parquet
2025-03-19 18:57:55,676 - INFO - Processing: s3://thesis--ec331-s3/FCAS_RAISE1SEC-Volume-Bids/PUBLIC_DVD_BIDPEROFFER1_202311010000.parquet/part.635.parquet
2025-03-19 18:57:55,678 - INFO - Target: s3://thesis--ec331-s3/de-duped-volume-bids/PUBLIC_DVD_BIDPEROFFER1_202311010000.parquet/part.635.parquet
2025-03-19 18:57:55,776 - INFO - Read 0 rows from s3://thesis--ec331-s3/FCAS_RAISE1SEC-Volume-Bids/PUBLIC_DVD_BIDPEROFFER1_202311010000.parquet/part.633.parquet
2025-03-19 18:57:55,780 - INFO - No duplicates found in s3://thesis--ec331-s3/FCAS_RAISE1SEC-Volume-Bids/PUBLIC_DVD_BIDPEROFFER1_202311010000.parquet/part.633.parquet
2025-03-19 18:57:55,781 - WARNING - Empty DataFrame will be written.
2025-03-19 18:57:55,828 - INFO - Wrote original 0 rows to s3://thesis--ec331-s3/de-duped-volume-bids/PUBLIC_DVD_BIDPEROFFER1_202311010000.parquet/part.632.parquet
2025-03-19 18:57:55,921 - INFO - Processing: s3://thesis--ec331-s3/FCAS_RAISE1SEC-Volume-Bids/PUBLIC_DVD_BIDPEROFFER1_202311010000.parquet/part.636.parquet
2025-03-19 18:57:55,927 - INFO - Target: s3://thesis--ec331-s3/de-duped-volume-bids/PUBLIC_DVD_BIDPEROFFER1_202311010000.parquet/part.636.parquet
2025-03-19 18:57:55,968 - INFO - Read 0 rows from s3://thesis--ec331-s3/FCAS_RAISE1SEC-Volume-Bids/PUBLIC_DVD_BIDPEROFFER1_202311010000.parquet/part.634.parquet
2025-03-19 18:57:55,970 - INFO - No duplicates found in s3://thesis--ec331-s3/FCAS_RAISE1SEC-Volume-Bids/PUBLIC_DVD_BIDPEROFFER1_202311010000.parquet/part.634.parquet
2025-03-19 18:57:55,976 - WARNING - Empty DataFrame will be written.
2025-03-19 18:57:56,006 - INFO - Read 0 rows from s3://thesis--ec331-s3/FCAS_RAISE1SEC-Volume-Bids/PUBLIC_DVD_BIDPEROFFER1_202311010000.parquet/part.635.parquet
2025-03-19 18:57:56,009 - INFO - No duplicates found in s3://thesis--ec331-s3/FCAS_RAISE1SEC-Volume-Bids/PUBLIC_DVD_BIDPEROFFER1_202311010000.parquet/part.635.parquet
2025-03-19 18:57:56,010 - WARNING - Empty DataFrame will be written.
2025-03-19 18:57:56,075 - INFO - Wrote original 0 rows to s3://thesis--ec331-s3/de-duped-volume-bids/PUBLIC_DVD_BIDPEROFFER1_202311010000.parquet/part.633.parquet
2025-03-19 18:57:56,172 - INFO - Processing: s3://thesis--ec331-s3/FCAS_RAISE1SEC-Volume-Bids/PUBLIC_DVD_BIDPEROFFER1_202311010000.parquet/part.637.parquet
2025-03-19 18:57:56,174 - INFO - Target: s3://thesis--ec331-s3/de-duped-volume-bids/PUBLIC_DVD_BIDPEROFFER1_202311010000.parquet/part.637.parquet
2025-03-19 18:57:56,268 - INFO - Read 0 rows from s3://thesis--ec331-s3/FCAS_RAISE1SEC-Volume-Bids/PUBLIC_DVD_BIDPEROFFER1_202311010000.parquet/part.636.parquet
2025-03-19 18:57:56,271 - INFO - No duplicates found in s3://thesis--ec331-s3/FCAS_RAISE1SEC-Volume-Bids/PUBLIC_DVD_BIDPEROFFER1_202311010000.parquet/part.636.parquet
2025-03-19 18:57:56,278 - WARNING - Empty DataFrame will be written.
2025-03-19 18:57:56,330 - INFO - Wrote original 0 rows to s3://thesis--ec331-s3/de-duped-volume-bids/PUBLIC_DVD_BIDPEROFFER1_202311010000.parquet/part.634.parquet
2025-03-19 18:57:56,417 - INFO - Processing: s3://thesis--ec331-s3/FCAS_RAISE1SEC-Volume-Bids/PUBLIC_DVD_BIDPEROFFER1_202311010000.parquet/part.638.parquet
2025-03-19 18:57:56,422 - INFO - Wrote original 0 rows to s3://thesis--ec331-s3/de-duped-volume-bids/PUBLIC_DVD_BIDPEROFFER1_202311010000.parquet/part.635.parquet
2025-03-19 18:57:56,422 - INFO - Target: s3://thesis--ec331-s3/de-duped-volume-bids/PUBLIC_DVD_BIDPEROFFER1_202311010000.parquet/part.638.parquet
2025-03-19 18:57:56,517 - INFO - Processing: s3://thesis--ec331-s3/FCAS_RAISE1SEC-Volume-Bids/PUBLIC_DVD_BIDPEROFFER1_202311010000.parquet/part.639.parquet
2025-03-19 18:57:56,546 - INFO - Target: s3://thesis--ec331-s3/de-duped-volume-bids/PUBLIC_DVD_BIDPEROFFER1_202311010000.parquet/part.639.parquet
2025-03-19 18:57:56,582 - INFO - Read 0 rows from s3://thesis--ec331-s3/FCAS_RAISE1SEC-Volume-Bids/PUBLIC_DVD_BIDPEROFFER1_202311010000.parquet/part.637.parquet
2025-03-19 18:57:56,585 - INFO - No duplicates found in s3://thesis--ec331-s3/FCAS_RAISE1SEC-Volume-Bids/PUBLIC_DVD_BIDPEROFFER1_202311010000.parquet/part.637.parquet
2025-03-19 18:57:56,586 - WARNING - Empty DataFrame will be written.
2025-03-19 18:57:56,679 - INFO - Wrote original 0 rows to s3://thesis--ec331-s3/de-duped-volume-bids/PUBLIC_DVD_BIDPEROFFER1_202311010000.parquet/part.636.parquet
2025-03-19 18:57:56,774 - INFO - Processing: s3://thesis--ec331-s3/FCAS_RAISE1SEC-Volume-Bids/PUBLIC_DVD_BIDPEROFFER1_202311010000.parquet/part.64.parquet
2025-03-19 18:57:56,775 - INFO - Target: s3://thesis--ec331-s3/de-duped-volume-bids/PUBLIC_DVD_BIDPEROFFER1_202311010000.parquet/part.64.parquet
2025-03-19 18:57:56,863 - INFO - Read 0 rows from s3://thesis--ec331-s3/FCAS_RAISE1SEC-Volume-Bids/PUBLIC_DVD_BIDPEROFFER1_202311010000.parquet/part.639.parquet
2025-03-19 18:57:56,867 - INFO - No duplicates found in s3://thesis--ec331-s3/FCAS_RAISE1SEC-Volume-Bids/PUBLIC_DVD_BIDPEROFFER1_202311010000.parquet/part.639.parquet
2025-03-19 18:57:56,872 - WARNING - Empty DataFrame will be written.
2025-03-19 18:57:56,910 - INFO - Wrote original 0 rows to s3://thesis--ec331-s3/de-duped-volume-bids/PUBLIC_DVD_BIDPEROFFER1_202311010000.parquet/part.637.parquet
2025-03-19 18:57:57,002 - INFO - Processing: s3://thesis--ec331-s3/FCAS_RAISE1SEC-Volume-Bids/PUBLIC_DVD_BIDPEROFFER1_202311010000.parquet/part.640.parquet
2025-03-19 18:57:57,005 - INFO - Target: s3://thesis--ec331-s3/de-duped-volume-bids/PUBLIC_DVD_BIDPEROFFER1_202311010000.parquet/part.640.parquet
2025-03-19 18:57:57,031 - INFO - Read 0 rows from s3://thesis--ec331-s3/FCAS_RAISE1SEC-Volume-Bids/PUBLIC_DVD_BIDPEROFFER1_202311010000.parquet/part.638.parquet
2025-03-19 18:57:57,040 - INFO - No duplicates found in s3://thesis--ec331-s3/FCAS_RAISE1SEC-Volume-Bids/PUBLIC_DVD_BIDPEROFFER1_202311010000.parquet/part.638.parquet
2025-03-19 18:57:57,041 - WARNING - Empty DataFrame will be written.
2025-03-19 18:57:57,116 - INFO - Read 0 rows from s3://thesis--ec331-s3/FCAS_RAISE1SEC-Volume-Bids/PUBLIC_DVD_BIDPEROFFER1_202311010000.parquet/part.64.parquet
2025-03-19 18:57:57,119 - INFO - No duplicates found in s3://thesis--ec331-s3/FCAS_RAISE1SEC-Volume-Bids/PUBLIC_DVD_BIDPEROFFER1_202311010000.parquet/part.64.parquet
2025-03-19 18:57:57,120 - WARNING - Empty DataFrame will be written.
2025-03-19 18:57:57,169 - INFO - Wrote original 0 rows to s3://thesis--ec331-s3/de-duped-volume-bids/PUBLIC_DVD_BIDPEROFFER1_202311010000.parquet/part.639.parquet
2025-03-19 18:57:57,261 - INFO - Processing: s3://thesis--ec331-s3/FCAS_RAISE1SEC-Volume-Bids/PUBLIC_DVD_BIDPEROFFER1_202311010000.parquet/part.641.parquet
2025-03-19 18:57:57,263 - INFO - Target: s3://thesis--ec331-s3/de-duped-volume-bids/PUBLIC_DVD_BIDPEROFFER1_202311010000.parquet/part.641.parquet
2025-03-19 18:57:57,306 - INFO - Wrote original 0 rows to s3://thesis--ec331-s3/de-duped-volume-bids/PUBLIC_DVD_BIDPEROFFER1_202311010000.parquet/part.638.parquet
2025-03-19 18:57:57,396 - INFO - Processing: s3://thesis--ec331-s3/FCAS_RAISE1SEC-Volume-Bids/PUBLIC_DVD_BIDPEROFFER1_202311010000.parquet/part.642.parquet
2025-03-19 18:57:57,398 - INFO - Target: s3://thesis--ec331-s3/de-duped-volume-bids/PUBLIC_DVD_BIDPEROFFER1_202311010000.parquet/part.642.parquet
2025-03-19 18:57:57,445 - INFO - Read 0 rows from s3://thesis--ec331-s3/FCAS_RAISE1SEC-Volume-Bids/PUBLIC_DVD_BIDPEROFFER1_202311010000.parquet/part.640.parquet
2025-03-19 18:57:57,448 - INFO - No duplicates found in s3://thesis--ec331-s3/FCAS_RAISE1SEC-Volume-Bids/PUBLIC_DVD_BIDPEROFFER1_202311010000.parquet/part.640.parquet
2025-03-19 18:57:57,448 - WARNING - Empty DataFrame will be written.
2025-03-19 18:57:57,475 - INFO - Wrote original 0 rows to s3://thesis--ec331-s3/de-duped-volume-bids/PUBLIC_DVD_BIDPEROFFER1_202311010000.parquet/part.64.parquet
2025-03-19 18:57:57,569 - INFO - Processing: s3://thesis--ec331-s3/FCAS_RAISE1SEC-Volume-Bids/PUBLIC_DVD_BIDPEROFFER1_202311010000.parquet/part.643.parquet
2025-03-19 18:57:57,570 - INFO - Target: s3://thesis--ec331-s3/de-duped-volume-bids/PUBLIC_DVD_BIDPEROFFER1_202311010000.parquet/part.643.parquet
2025-03-19 18:57:57,661 - INFO - Read 0 rows from s3://thesis--ec331-s3/FCAS_RAISE1SEC-Volume-Bids/PUBLIC_DVD_BIDPEROFFER1_202311010000.parquet/part.641.parquet
2025-03-19 18:57:57,664 - INFO - No duplicates found in s3://thesis--ec331-s3/FCAS_RAISE1SEC-Volume-Bids/PUBLIC_DVD_BIDPEROFFER1_202311010000.parquet/part.641.parquet
2025-03-19 18:57:57,665 - WARNING - Empty DataFrame will be written.
2025-03-19 18:57:57,759 - INFO - Read 0 rows from s3://thesis--ec331-s3/FCAS_RAISE1SEC-Volume-Bids/PUBLIC_DVD_BIDPEROFFER1_202311010000.parquet/part.642.parquet
2025-03-19 18:57:57,763 - INFO - No duplicates found in s3://thesis--ec331-s3/FCAS_RAISE1SEC-Volume-Bids/PUBLIC_DVD_BIDPEROFFER1_202311010000.parquet/part.642.parquet
2025-03-19 18:57:57,770 - WARNING - Empty DataFrame will be written.
2025-03-19 18:57:57,779 - INFO - Wrote original 0 rows to s3://thesis--ec331-s3/de-duped-volume-bids/PUBLIC_DVD_BIDPEROFFER1_202311010000.parquet/part.640.parquet
2025-03-19 18:57:57,879 - INFO - Processing: s3://thesis--ec331-s3/FCAS_RAISE1SEC-Volume-Bids/PUBLIC_DVD_BIDPEROFFER1_202311010000.parquet/part.644.parquet
2025-03-19 18:57:57,882 - INFO - Target: s3://thesis--ec331-s3/de-duped-volume-bids/PUBLIC_DVD_BIDPEROFFER1_202311010000.parquet/part.644.parquet
2025-03-19 18:57:57,941 - INFO - Read 0 rows from s3://thesis--ec331-s3/FCAS_RAISE1SEC-Volume-Bids/PUBLIC_DVD_BIDPEROFFER1_202311010000.parquet/part.643.parquet
2025-03-19 18:57:57,944 - INFO - No duplicates found in s3://thesis--ec331-s3/FCAS_RAISE1SEC-Volume-Bids/PUBLIC_DVD_BIDPEROFFER1_202311010000.parquet/part.643.parquet
2025-03-19 18:57:57,947 - INFO - Wrote original 0 rows to s3://thesis--ec331-s3/de-duped-volume-bids/PUBLIC_DVD_BIDPEROFFER1_202311010000.parquet/part.641.parquet
2025-03-19 18:57:57,949 - WARNING - Empty DataFrame will be written.
2025-03-19 18:57:58,039 - INFO - Processing: s3://thesis--ec331-s3/FCAS_RAISE1SEC-Volume-Bids/PUBLIC_DVD_BIDPEROFFER1_202311010000.parquet/part.645.parquet
2025-03-19 18:57:58,054 - INFO - Target: s3://thesis--ec331-s3/de-duped-volume-bids/PUBLIC_DVD_BIDPEROFFER1_202311010000.parquet/part.645.parquet
2025-03-19 18:57:58,217 - INFO - Wrote original 0 rows to s3://thesis--ec331-s3/de-duped-volume-bids/PUBLIC_DVD_BIDPEROFFER1_202311010000.parquet/part.642.parquet
2025-03-19 18:57:58,306 - INFO - Processing: s3://thesis--ec331-s3/FCAS_RAISE1SEC-Volume-Bids/PUBLIC_DVD_BIDPEROFFER1_202311010000.parquet/part.646.parquet
2025-03-19 18:57:58,309 - INFO - Target: s3://thesis--ec331-s3/de-duped-volume-bids/PUBLIC_DVD_BIDPEROFFER1_202311010000.parquet/part.646.parquet
2025-03-19 18:57:58,330 - INFO - Read 0 rows from s3://thesis--ec331-s3/FCAS_RAISE1SEC-Volume-Bids/PUBLIC_DVD_BIDPEROFFER1_202311010000.parquet/part.644.parquet
2025-03-19 18:57:58,333 - INFO - No duplicates found in s3://thesis--ec331-s3/FCAS_RAISE1SEC-Volume-Bids/PUBLIC_DVD_BIDPEROFFER1_202311010000.parquet/part.644.parquet
2025-03-19 18:57:58,335 - WARNING - Empty DataFrame will be written.
2025-03-19 18:57:58,390 - INFO - Read 0 rows from s3://thesis--ec331-s3/FCAS_RAISE1SEC-Volume-Bids/PUBLIC_DVD_BIDPEROFFER1_202311010000.parquet/part.645.parquet
2025-03-19 18:57:58,393 - INFO - No duplicates found in s3://thesis--ec331-s3/FCAS_RAISE1SEC-Volume-Bids/PUBLIC_DVD_BIDPEROFFER1_202311010000.parquet/part.645.parquet
2025-03-19 18:57:58,399 - WARNING - Empty DataFrame will be written.
2025-03-19 18:57:58,418 - INFO - Wrote original 0 rows to s3://thesis--ec331-s3/de-duped-volume-bids/PUBLIC_DVD_BIDPEROFFER1_202311010000.parquet/part.643.parquet
2025-03-19 18:57:58,513 - INFO - Processing: s3://thesis--ec331-s3/FCAS_RAISE1SEC-Volume-Bids/PUBLIC_DVD_BIDPEROFFER1_202311010000.parquet/part.647.parquet
2025-03-19 18:57:58,518 - INFO - Target: s3://thesis--ec331-s3/de-duped-volume-bids/PUBLIC_DVD_BIDPEROFFER1_202311010000.parquet/part.647.parquet
2025-03-19 18:57:58,644 - INFO - Read 0 rows from s3://thesis--ec331-s3/FCAS_RAISE1SEC-Volume-Bids/PUBLIC_DVD_BIDPEROFFER1_202311010000.parquet/part.646.parquet
2025-03-19 18:57:58,647 - INFO - No duplicates found in s3://thesis--ec331-s3/FCAS_RAISE1SEC-Volume-Bids/PUBLIC_DVD_BIDPEROFFER1_202311010000.parquet/part.646.parquet
2025-03-19 18:57:58,648 - WARNING - Empty DataFrame will be written.
2025-03-19 18:57:58,693 - INFO - Wrote original 0 rows to s3://thesis--ec331-s3/de-duped-volume-bids/PUBLIC_DVD_BIDPEROFFER1_202311010000.parquet/part.644.parquet
2025-03-19 18:57:58,786 - INFO - Processing: s3://thesis--ec331-s3/FCAS_RAISE1SEC-Volume-Bids/PUBLIC_DVD_BIDPEROFFER1_202311010000.parquet/part.648.parquet
2025-03-19 18:57:58,792 - INFO - Target: s3://thesis--ec331-s3/de-duped-volume-bids/PUBLIC_DVD_BIDPEROFFER1_202311010000.parquet/part.648.parquet
2025-03-19 18:57:58,823 - INFO - Wrote original 0 rows to s3://thesis--ec331-s3/de-duped-volume-bids/PUBLIC_DVD_BIDPEROFFER1_202311010000.parquet/part.645.parquet
2025-03-19 18:57:58,918 - INFO - Processing: s3://thesis--ec331-s3/FCAS_RAISE1SEC-Volume-Bids/PUBLIC_DVD_BIDPEROFFER1_202311010000.parquet/part.649.parquet
2025-03-19 18:57:58,921 - INFO - Target: s3://thesis--ec331-s3/de-duped-volume-bids/PUBLIC_DVD_BIDPEROFFER1_202311010000.parquet/part.649.parquet
2025-03-19 18:57:58,949 - INFO - Read 0 rows from s3://thesis--ec331-s3/FCAS_RAISE1SEC-Volume-Bids/PUBLIC_DVD_BIDPEROFFER1_202311010000.parquet/part.647.parquet
2025-03-19 18:57:58,952 - INFO - No duplicates found in s3://thesis--ec331-s3/FCAS_RAISE1SEC-Volume-Bids/PUBLIC_DVD_BIDPEROFFER1_202311010000.parquet/part.647.parquet
2025-03-19 18:57:58,953 - WARNING - Empty DataFrame will be written.
2025-03-19 18:57:58,980 - INFO - Wrote original 0 rows to s3://thesis--ec331-s3/de-duped-volume-bids/PUBLIC_DVD_BIDPEROFFER1_202311010000.parquet/part.646.parquet
2025-03-19 18:57:59,075 - INFO - Processing: s3://thesis--ec331-s3/FCAS_RAISE1SEC-Volume-Bids/PUBLIC_DVD_BIDPEROFFER1_202311010000.parquet/part.65.parquet
2025-03-19 18:57:59,077 - INFO - Target: s3://thesis--ec331-s3/de-duped-volume-bids/PUBLIC_DVD_BIDPEROFFER1_202311010000.parquet/part.65.parquet
2025-03-19 18:57:59,181 - INFO - Read 0 rows from s3://thesis--ec331-s3/FCAS_RAISE1SEC-Volume-Bids/PUBLIC_DVD_BIDPEROFFER1_202311010000.parquet/part.648.parquet
2025-03-19 18:57:59,191 - INFO - No duplicates found in s3://thesis--ec331-s3/FCAS_RAISE1SEC-Volume-Bids/PUBLIC_DVD_BIDPEROFFER1_202311010000.parquet/part.648.parquet
2025-03-19 18:57:59,192 - WARNING - Empty DataFrame will be written.
2025-03-19 18:57:59,248 - INFO - Wrote original 0 rows to s3://thesis--ec331-s3/de-duped-volume-bids/PUBLIC_DVD_BIDPEROFFER1_202311010000.parquet/part.647.parquet
2025-03-19 18:57:59,348 - INFO - Processing: s3://thesis--ec331-s3/FCAS_RAISE1SEC-Volume-Bids/PUBLIC_DVD_BIDPEROFFER1_202311010000.parquet/part.650.parquet
2025-03-19 18:57:59,351 - INFO - Target: s3://thesis--ec331-s3/de-duped-volume-bids/PUBLIC_DVD_BIDPEROFFER1_202311010000.parquet/part.650.parquet
2025-03-19 18:57:59,387 - INFO - Read 0 rows from s3://thesis--ec331-s3/FCAS_RAISE1SEC-Volume-Bids/PUBLIC_DVD_BIDPEROFFER1_202311010000.parquet/part.649.parquet
2025-03-19 18:57:59,390 - INFO - No duplicates found in s3://thesis--ec331-s3/FCAS_RAISE1SEC-Volume-Bids/PUBLIC_DVD_BIDPEROFFER1_202311010000.parquet/part.649.parquet
2025-03-19 18:57:59,397 - WARNING - Empty DataFrame will be written.
2025-03-19 18:57:59,435 - INFO - Read 0 rows from s3://thesis--ec331-s3/FCAS_RAISE1SEC-Volume-Bids/PUBLIC_DVD_BIDPEROFFER1_202311010000.parquet/part.65.parquet
2025-03-19 18:57:59,439 - INFO - No duplicates found in s3://thesis--ec331-s3/FCAS_RAISE1SEC-Volume-Bids/PUBLIC_DVD_BIDPEROFFER1_202311010000.parquet/part.65.parquet
2025-03-19 18:57:59,440 - WARNING - Empty DataFrame will be written.
2025-03-19 18:57:59,486 - INFO - Wrote original 0 rows to s3://thesis--ec331-s3/de-duped-volume-bids/PUBLIC_DVD_BIDPEROFFER1_202311010000.parquet/part.648.parquet
2025-03-19 18:57:59,582 - INFO - Processing: s3://thesis--ec331-s3/FCAS_RAISE1SEC-Volume-Bids/PUBLIC_DVD_BIDPEROFFER1_202311010000.parquet/part.651.parquet
2025-03-19 18:57:59,589 - INFO - Target: s3://thesis--ec331-s3/de-duped-volume-bids/PUBLIC_DVD_BIDPEROFFER1_202311010000.parquet/part.651.parquet
2025-03-19 18:57:59,673 - INFO - Read 0 rows from s3://thesis--ec331-s3/FCAS_RAISE1SEC-Volume-Bids/PUBLIC_DVD_BIDPEROFFER1_202311010000.parquet/part.650.parquet
2025-03-19 18:57:59,676 - INFO - No duplicates found in s3://thesis--ec331-s3/FCAS_RAISE1SEC-Volume-Bids/PUBLIC_DVD_BIDPEROFFER1_202311010000.parquet/part.650.parquet
2025-03-19 18:57:59,677 - WARNING - Empty DataFrame will be written.
2025-03-19 18:57:59,712 - INFO - Wrote original 0 rows to s3://thesis--ec331-s3/de-duped-volume-bids/PUBLIC_DVD_BIDPEROFFER1_202311010000.parquet/part.649.parquet
2025-03-19 18:57:59,808 - INFO - Processing: s3://thesis--ec331-s3/FCAS_RAISE1SEC-Volume-Bids/PUBLIC_DVD_BIDPEROFFER1_202311010000.parquet/part.652.parquet
2025-03-19 18:57:59,809 - INFO - Target: s3://thesis--ec331-s3/de-duped-volume-bids/PUBLIC_DVD_BIDPEROFFER1_202311010000.parquet/part.652.parquet
2025-03-19 18:57:59,841 - INFO - Wrote original 0 rows to s3://thesis--ec331-s3/de-duped-volume-bids/PUBLIC_DVD_BIDPEROFFER1_202311010000.parquet/part.65.parquet
2025-03-19 18:57:59,935 - INFO - Processing: s3://thesis--ec331-s3/FCAS_RAISE1SEC-Volume-Bids/PUBLIC_DVD_BIDPEROFFER1_202311010000.parquet/part.653.parquet
2025-03-19 18:57:59,936 - INFO - Target: s3://thesis--ec331-s3/de-duped-volume-bids/PUBLIC_DVD_BIDPEROFFER1_202311010000.parquet/part.653.parquet
2025-03-19 18:58:00,012 - INFO - Wrote original 0 rows to s3://thesis--ec331-s3/de-duped-volume-bids/PUBLIC_DVD_BIDPEROFFER1_202311010000.parquet/part.650.parquet
2025-03-19 18:58:00,104 - INFO - Read 0 rows from s3://thesis--ec331-s3/FCAS_RAISE1SEC-Volume-Bids/PUBLIC_DVD_BIDPEROFFER1_202311010000.parquet/part.651.parquet
2025-03-19 18:58:00,104 - INFO - Processing: s3://thesis--ec331-s3/FCAS_RAISE1SEC-Volume-Bids/PUBLIC_DVD_BIDPEROFFER1_202311010000.parquet/part.654.parquet
2025-03-19 18:58:00,109 - INFO - No duplicates found in s3://thesis--ec331-s3/FCAS_RAISE1SEC-Volume-Bids/PUBLIC_DVD_BIDPEROFFER1_202311010000.parquet/part.651.parquet
2025-03-19 18:58:00,110 - INFO - Target: s3://thesis--ec331-s3/de-duped-volume-bids/PUBLIC_DVD_BIDPEROFFER1_202311010000.parquet/part.654.parquet
2025-03-19 18:58:00,111 - WARNING - Empty DataFrame will be written.
2025-03-19 18:58:00,209 - INFO - Read 0 rows from s3://thesis--ec331-s3/FCAS_RAISE1SEC-Volume-Bids/PUBLIC_DVD_BIDPEROFFER1_202311010000.parquet/part.652.parquet
2025-03-19 18:58:00,213 - INFO - No duplicates found in s3://thesis--ec331-s3/FCAS_RAISE1SEC-Volume-Bids/PUBLIC_DVD_BIDPEROFFER1_202311010000.parquet/part.652.parquet
2025-03-19 18:58:00,214 - WARNING - Empty DataFrame will be written.
2025-03-19 18:58:00,339 - INFO - Read 0 rows from s3://thesis--ec331-s3/FCAS_RAISE1SEC-Volume-Bids/PUBLIC_DVD_BIDPEROFFER1_202311010000.parquet/part.653.parquet
2025-03-19 18:58:00,342 - INFO - No duplicates found in s3://thesis--ec331-s3/FCAS_RAISE1SEC-Volume-Bids/PUBLIC_DVD_BIDPEROFFER1_202311010000.parquet/part.653.parquet
2025-03-19 18:58:00,344 - WARNING - Empty DataFrame will be written.
2025-03-19 18:58:00,399 - INFO - Wrote original 0 rows to s3://thesis--ec331-s3/de-duped-volume-bids/PUBLIC_DVD_BIDPEROFFER1_202311010000.parquet/part.651.parquet
2025-03-19 18:58:00,495 - INFO - Processing: s3://thesis--ec331-s3/FCAS_RAISE1SEC-Volume-Bids/PUBLIC_DVD_BIDPEROFFER1_202311010000.parquet/part.655.parquet
2025-03-19 18:58:00,498 - INFO - Target: s3://thesis--ec331-s3/de-duped-volume-bids/PUBLIC_DVD_BIDPEROFFER1_202311010000.parquet/part.655.parquet
2025-03-19 18:58:00,526 - INFO - Read 0 rows from s3://thesis--ec331-s3/FCAS_RAISE1SEC-Volume-Bids/PUBLIC_DVD_BIDPEROFFER1_202311010000.parquet/part.654.parquet
2025-03-19 18:58:00,529 - INFO - No duplicates found in s3://thesis--ec331-s3/FCAS_RAISE1SEC-Volume-Bids/PUBLIC_DVD_BIDPEROFFER1_202311010000.parquet/part.654.parquet
2025-03-19 18:58:00,529 - WARNING - Empty DataFrame will be written.
2025-03-19 18:58:00,563 - INFO - Wrote original 0 rows to s3://thesis--ec331-s3/de-duped-volume-bids/PUBLIC_DVD_BIDPEROFFER1_202311010000.parquet/part.652.parquet
2025-03-19 18:58:00,660 - INFO - Processing: s3://thesis--ec331-s3/FCAS_RAISE1SEC-Volume-Bids/PUBLIC_DVD_BIDPEROFFER1_202311010000.parquet/part.656.parquet
2025-03-19 18:58:00,661 - INFO - Target: s3://thesis--ec331-s3/de-duped-volume-bids/PUBLIC_DVD_BIDPEROFFER1_202311010000.parquet/part.656.parquet
2025-03-19 18:58:00,712 - INFO - Wrote original 0 rows to s3://thesis--ec331-s3/de-duped-volume-bids/PUBLIC_DVD_BIDPEROFFER1_202311010000.parquet/part.653.parquet
2025-03-19 18:58:00,803 - INFO - Processing: s3://thesis--ec331-s3/FCAS_RAISE1SEC-Volume-Bids/PUBLIC_DVD_BIDPEROFFER1_202311010000.parquet/part.657.parquet
2025-03-19 18:58:00,805 - INFO - Target: s3://thesis--ec331-s3/de-duped-volume-bids/PUBLIC_DVD_BIDPEROFFER1_202311010000.parquet/part.657.parquet
2025-03-19 18:58:00,842 - INFO - Wrote original 0 rows to s3://thesis--ec331-s3/de-duped-volume-bids/PUBLIC_DVD_BIDPEROFFER1_202311010000.parquet/part.654.parquet
2025-03-19 18:58:00,937 - INFO - Processing: s3://thesis--ec331-s3/FCAS_RAISE1SEC-Volume-Bids/PUBLIC_DVD_BIDPEROFFER1_202311010000.parquet/part.658.parquet
2025-03-19 18:58:00,940 - INFO - Target: s3://thesis--ec331-s3/de-duped-volume-bids/PUBLIC_DVD_BIDPEROFFER1_202311010000.parquet/part.658.parquet
2025-03-19 18:58:00,968 - INFO - Read 0 rows from s3://thesis--ec331-s3/FCAS_RAISE1SEC-Volume-Bids/PUBLIC_DVD_BIDPEROFFER1_202311010000.parquet/part.655.parquet
2025-03-19 18:58:00,971 - INFO - No duplicates found in s3://thesis--ec331-s3/FCAS_RAISE1SEC-Volume-Bids/PUBLIC_DVD_BIDPEROFFER1_202311010000.parquet/part.655.parquet
2025-03-19 18:58:00,972 - WARNING - Empty DataFrame will be written.
2025-03-19 18:58:01,048 - INFO - Read 0 rows from s3://thesis--ec331-s3/FCAS_RAISE1SEC-Volume-Bids/PUBLIC_DVD_BIDPEROFFER1_202311010000.parquet/part.656.parquet
2025-03-19 18:58:01,051 - INFO - No duplicates found in s3://thesis--ec331-s3/FCAS_RAISE1SEC-Volume-Bids/PUBLIC_DVD_BIDPEROFFER1_202311010000.parquet/part.656.parquet
2025-03-19 18:58:01,052 - WARNING - Empty DataFrame will be written.
2025-03-19 18:58:01,127 - INFO - Read 0 rows from s3://thesis--ec331-s3/FCAS_RAISE1SEC-Volume-Bids/PUBLIC_DVD_BIDPEROFFER1_202311010000.parquet/part.657.parquet
2025-03-19 18:58:01,134 - INFO - No duplicates found in s3://thesis--ec331-s3/FCAS_RAISE1SEC-Volume-Bids/PUBLIC_DVD_BIDPEROFFER1_202311010000.parquet/part.657.parquet
2025-03-19 18:58:01,135 - WARNING - Empty DataFrame will be written.
2025-03-19 18:58:01,172 - INFO - Read 0 rows from s3://thesis--ec331-s3/FCAS_RAISE1SEC-Volume-Bids/PUBLIC_DVD_BIDPEROFFER1_202311010000.parquet/part.658.parquet
2025-03-19 18:58:01,176 - INFO - No duplicates found in s3://thesis--ec331-s3/FCAS_RAISE1SEC-Volume-Bids/PUBLIC_DVD_BIDPEROFFER1_202311010000.parquet/part.658.parquet
2025-03-19 18:58:01,181 - WARNING - Empty DataFrame will be written.
2025-03-19 18:58:01,209 - INFO - Wrote original 0 rows to s3://thesis--ec331-s3/de-duped-volume-bids/PUBLIC_DVD_BIDPEROFFER1_202311010000.parquet/part.655.parquet
2025-03-19 18:58:01,303 - INFO - Processing: s3://thesis--ec331-s3/FCAS_RAISE1SEC-Volume-Bids/PUBLIC_DVD_BIDPEROFFER1_202311010000.parquet/part.659.parquet
2025-03-19 18:58:01,305 - INFO - Target: s3://thesis--ec331-s3/de-duped-volume-bids/PUBLIC_DVD_BIDPEROFFER1_202311010000.parquet/part.659.parquet
2025-03-19 18:58:01,402 - INFO - Wrote original 0 rows to s3://thesis--ec331-s3/de-duped-volume-bids/PUBLIC_DVD_BIDPEROFFER1_202311010000.parquet/part.656.parquet
2025-03-19 18:58:01,494 - INFO - Processing: s3://thesis--ec331-s3/FCAS_RAISE1SEC-Volume-Bids/PUBLIC_DVD_BIDPEROFFER1_202311010000.parquet/part.66.parquet
2025-03-19 18:58:01,495 - INFO - Target: s3://thesis--ec331-s3/de-duped-volume-bids/PUBLIC_DVD_BIDPEROFFER1_202311010000.parquet/part.66.parquet
2025-03-19 18:58:01,546 - INFO - Wrote original 0 rows to s3://thesis--ec331-s3/de-duped-volume-bids/PUBLIC_DVD_BIDPEROFFER1_202311010000.parquet/part.657.parquet
2025-03-19 18:58:01,640 - INFO - Processing: s3://thesis--ec331-s3/FCAS_RAISE1SEC-Volume-Bids/PUBLIC_DVD_BIDPEROFFER1_202311010000.parquet/part.660.parquet
2025-03-19 18:58:01,643 - INFO - Wrote original 0 rows to s3://thesis--ec331-s3/de-duped-volume-bids/PUBLIC_DVD_BIDPEROFFER1_202311010000.parquet/part.658.parquet
2025-03-19 18:58:01,649 - INFO - Target: s3://thesis--ec331-s3/de-duped-volume-bids/PUBLIC_DVD_BIDPEROFFER1_202311010000.parquet/part.660.parquet
2025-03-19 18:58:01,737 - INFO - Processing: s3://thesis--ec331-s3/FCAS_RAISE1SEC-Volume-Bids/PUBLIC_DVD_BIDPEROFFER1_202311010000.parquet/part.661.parquet
2025-03-19 18:58:01,758 - INFO - Target: s3://thesis--ec331-s3/de-duped-volume-bids/PUBLIC_DVD_BIDPEROFFER1_202311010000.parquet/part.661.parquet
2025-03-19 18:58:01,781 - INFO - Read 0 rows from s3://thesis--ec331-s3/FCAS_RAISE1SEC-Volume-Bids/PUBLIC_DVD_BIDPEROFFER1_202311010000.parquet/part.659.parquet
2025-03-19 18:58:01,784 - INFO - No duplicates found in s3://thesis--ec331-s3/FCAS_RAISE1SEC-Volume-Bids/PUBLIC_DVD_BIDPEROFFER1_202311010000.parquet/part.659.parquet
2025-03-19 18:58:01,785 - WARNING - Empty DataFrame will be written.
2025-03-19 18:58:01,924 - INFO - Read 0 rows from s3://thesis--ec331-s3/FCAS_RAISE1SEC-Volume-Bids/PUBLIC_DVD_BIDPEROFFER1_202311010000.parquet/part.66.parquet
2025-03-19 18:58:01,926 - INFO - No duplicates found in s3://thesis--ec331-s3/FCAS_RAISE1SEC-Volume-Bids/PUBLIC_DVD_BIDPEROFFER1_202311010000.parquet/part.66.parquet
2025-03-19 18:58:01,927 - WARNING - Empty DataFrame will be written.
2025-03-19 18:58:02,003 - INFO - Read 0 rows from s3://thesis--ec331-s3/FCAS_RAISE1SEC-Volume-Bids/PUBLIC_DVD_BIDPEROFFER1_202311010000.parquet/part.660.parquet
2025-03-19 18:58:02,010 - INFO - No duplicates found in s3://thesis--ec331-s3/FCAS_RAISE1SEC-Volume-Bids/PUBLIC_DVD_BIDPEROFFER1_202311010000.parquet/part.660.parquet
2025-03-19 18:58:02,013 - WARNING - Empty DataFrame will be written.
2025-03-19 18:58:02,015 - INFO - Wrote original 0 rows to s3://thesis--ec331-s3/de-duped-volume-bids/PUBLIC_DVD_BIDPEROFFER1_202311010000.parquet/part.659.parquet
2025-03-19 18:58:02,124 - INFO - Processing: s3://thesis--ec331-s3/FCAS_RAISE1SEC-Volume-Bids/PUBLIC_DVD_BIDPEROFFER1_202311010000.parquet/part.662.parquet
2025-03-19 18:58:02,126 - INFO - Target: s3://thesis--ec331-s3/de-duped-volume-bids/PUBLIC_DVD_BIDPEROFFER1_202311010000.parquet/part.662.parquet
2025-03-19 18:58:02,159 - INFO - Read 0 rows from s3://thesis--ec331-s3/FCAS_RAISE1SEC-Volume-Bids/PUBLIC_DVD_BIDPEROFFER1_202311010000.parquet/part.661.parquet
2025-03-19 18:58:02,162 - INFO - No duplicates found in s3://thesis--ec331-s3/FCAS_RAISE1SEC-Volume-Bids/PUBLIC_DVD_BIDPEROFFER1_202311010000.parquet/part.661.parquet
2025-03-19 18:58:02,163 - WARNING - Empty DataFrame will be written.
2025-03-19 18:58:02,299 - INFO - Wrote original 0 rows to s3://thesis--ec331-s3/de-duped-volume-bids/PUBLIC_DVD_BIDPEROFFER1_202311010000.parquet/part.66.parquet
2025-03-19 18:58:02,390 - INFO - Processing: s3://thesis--ec331-s3/FCAS_RAISE1SEC-Volume-Bids/PUBLIC_DVD_BIDPEROFFER1_202311010000.parquet/part.663.parquet
2025-03-19 18:58:02,392 - INFO - Target: s3://thesis--ec331-s3/de-duped-volume-bids/PUBLIC_DVD_BIDPEROFFER1_202311010000.parquet/part.663.parquet
2025-03-19 18:58:02,444 - INFO - Wrote original 0 rows to s3://thesis--ec331-s3/de-duped-volume-bids/PUBLIC_DVD_BIDPEROFFER1_202311010000.parquet/part.661.parquet
2025-03-19 18:58:02,534 - INFO - Processing: s3://thesis--ec331-s3/FCAS_RAISE1SEC-Volume-Bids/PUBLIC_DVD_BIDPEROFFER1_202311010000.parquet/part.664.parquet
2025-03-19 18:58:02,540 - INFO - Target: s3://thesis--ec331-s3/de-duped-volume-bids/PUBLIC_DVD_BIDPEROFFER1_202311010000.parquet/part.664.parquet
2025-03-19 18:58:02,543 - INFO - Wrote original 0 rows to s3://thesis--ec331-s3/de-duped-volume-bids/PUBLIC_DVD_BIDPEROFFER1_202311010000.parquet/part.660.parquet
2025-03-19 18:58:02,649 - INFO - Processing: s3://thesis--ec331-s3/FCAS_RAISE1SEC-Volume-Bids/PUBLIC_DVD_BIDPEROFFER1_202311010000.parquet/part.665.parquet
2025-03-19 18:58:02,653 - INFO - Target: s3://thesis--ec331-s3/de-duped-volume-bids/PUBLIC_DVD_BIDPEROFFER1_202311010000.parquet/part.665.parquet
2025-03-19 18:58:02,675 - INFO - Read 0 rows from s3://thesis--ec331-s3/FCAS_RAISE1SEC-Volume-Bids/PUBLIC_DVD_BIDPEROFFER1_202311010000.parquet/part.662.parquet
2025-03-19 18:58:02,678 - INFO - No duplicates found in s3://thesis--ec331-s3/FCAS_RAISE1SEC-Volume-Bids/PUBLIC_DVD_BIDPEROFFER1_202311010000.parquet/part.662.parquet
2025-03-19 18:58:02,679 - WARNING - Empty DataFrame will be written.
2025-03-19 18:58:02,816 - INFO - Read 0 rows from s3://thesis--ec331-s3/FCAS_RAISE1SEC-Volume-Bids/PUBLIC_DVD_BIDPEROFFER1_202311010000.parquet/part.663.parquet
2025-03-19 18:58:02,820 - INFO - No duplicates found in s3://thesis--ec331-s3/FCAS_RAISE1SEC-Volume-Bids/PUBLIC_DVD_BIDPEROFFER1_202311010000.parquet/part.663.parquet
2025-03-19 18:58:02,820 - WARNING - Empty DataFrame will be written.
2025-03-19 18:58:02,895 - INFO - Wrote original 0 rows to s3://thesis--ec331-s3/de-duped-volume-bids/PUBLIC_DVD_BIDPEROFFER1_202311010000.parquet/part.662.parquet
2025-03-19 18:58:02,987 - INFO - Processing: s3://thesis--ec331-s3/FCAS_RAISE1SEC-Volume-Bids/PUBLIC_DVD_BIDPEROFFER1_202311010000.parquet/part.666.parquet
2025-03-19 18:58:02,991 - INFO - Target: s3://thesis--ec331-s3/de-duped-volume-bids/PUBLIC_DVD_BIDPEROFFER1_202311010000.parquet/part.666.parquet
2025-03-19 18:58:03,025 - INFO - Read 0 rows from s3://thesis--ec331-s3/FCAS_RAISE1SEC-Volume-Bids/PUBLIC_DVD_BIDPEROFFER1_202311010000.parquet/part.665.parquet
2025-03-19 18:58:03,031 - INFO - No duplicates found in s3://thesis--ec331-s3/FCAS_RAISE1SEC-Volume-Bids/PUBLIC_DVD_BIDPEROFFER1_202311010000.parquet/part.665.parquet
2025-03-19 18:58:03,033 - INFO - Read 0 rows from s3://thesis--ec331-s3/FCAS_RAISE1SEC-Volume-Bids/PUBLIC_DVD_BIDPEROFFER1_202311010000.parquet/part.664.parquet
2025-03-19 18:58:03,034 - WARNING - Empty DataFrame will be written.
2025-03-19 18:58:03,037 - INFO - No duplicates found in s3://thesis--ec331-s3/FCAS_RAISE1SEC-Volume-Bids/PUBLIC_DVD_BIDPEROFFER1_202311010000.parquet/part.664.parquet
2025-03-19 18:58:03,042 - WARNING - Empty DataFrame will be written.
2025-03-19 18:58:03,127 - INFO - Wrote original 0 rows to s3://thesis--ec331-s3/de-duped-volume-bids/PUBLIC_DVD_BIDPEROFFER1_202311010000.parquet/part.663.parquet
2025-03-19 18:58:03,218 - INFO - Processing: s3://thesis--ec331-s3/FCAS_RAISE1SEC-Volume-Bids/PUBLIC_DVD_BIDPEROFFER1_202311010000.parquet/part.667.parquet
2025-03-19 18:58:03,219 - INFO - Target: s3://thesis--ec331-s3/de-duped-volume-bids/PUBLIC_DVD_BIDPEROFFER1_202311010000.parquet/part.667.parquet
2025-03-19 18:58:03,317 - INFO - Read 0 rows from s3://thesis--ec331-s3/FCAS_RAISE1SEC-Volume-Bids/PUBLIC_DVD_BIDPEROFFER1_202311010000.parquet/part.666.parquet
2025-03-19 18:58:03,321 - INFO - No duplicates found in s3://thesis--ec331-s3/FCAS_RAISE1SEC-Volume-Bids/PUBLIC_DVD_BIDPEROFFER1_202311010000.parquet/part.666.parquet
2025-03-19 18:58:03,322 - WARNING - Empty DataFrame will be written.
2025-03-19 18:58:03,359 - INFO - Wrote original 0 rows to s3://thesis--ec331-s3/de-duped-volume-bids/PUBLIC_DVD_BIDPEROFFER1_202311010000.parquet/part.665.parquet
2025-03-19 18:58:03,452 - INFO - Processing: s3://thesis--ec331-s3/FCAS_RAISE1SEC-Volume-Bids/PUBLIC_DVD_BIDPEROFFER1_202311010000.parquet/part.668.parquet
2025-03-19 18:58:03,456 - INFO - Wrote original 0 rows to s3://thesis--ec331-s3/de-duped-volume-bids/PUBLIC_DVD_BIDPEROFFER1_202311010000.parquet/part.664.parquet
2025-03-19 18:58:03,457 - INFO - Target: s3://thesis--ec331-s3/de-duped-volume-bids/PUBLIC_DVD_BIDPEROFFER1_202311010000.parquet/part.668.parquet
2025-03-19 18:58:03,547 - INFO - Processing: s3://thesis--ec331-s3/FCAS_RAISE1SEC-Volume-Bids/PUBLIC_DVD_BIDPEROFFER1_202311010000.parquet/part.669.parquet
2025-03-19 18:58:03,565 - INFO - Target: s3://thesis--ec331-s3/de-duped-volume-bids/PUBLIC_DVD_BIDPEROFFER1_202311010000.parquet/part.669.parquet
2025-03-19 18:58:03,613 - INFO - Read 0 rows from s3://thesis--ec331-s3/FCAS_RAISE1SEC-Volume-Bids/PUBLIC_DVD_BIDPEROFFER1_202311010000.parquet/part.667.parquet
2025-03-19 18:58:03,616 - INFO - No duplicates found in s3://thesis--ec331-s3/FCAS_RAISE1SEC-Volume-Bids/PUBLIC_DVD_BIDPEROFFER1_202311010000.parquet/part.667.parquet
2025-03-19 18:58:03,617 - WARNING - Empty DataFrame will be written.
2025-03-19 18:58:03,723 - INFO - Wrote original 0 rows to s3://thesis--ec331-s3/de-duped-volume-bids/PUBLIC_DVD_BIDPEROFFER1_202311010000.parquet/part.666.parquet
2025-03-19 18:58:03,812 - INFO - Processing: s3://thesis--ec331-s3/FCAS_RAISE1SEC-Volume-Bids/PUBLIC_DVD_BIDPEROFFER1_202311010000.parquet/part.67.parquet
2025-03-19 18:58:03,814 - INFO - Target: s3://thesis--ec331-s3/de-duped-volume-bids/PUBLIC_DVD_BIDPEROFFER1_202311010000.parquet/part.67.parquet
2025-03-19 18:58:03,881 - INFO - Wrote original 0 rows to s3://thesis--ec331-s3/de-duped-volume-bids/PUBLIC_DVD_BIDPEROFFER1_202311010000.parquet/part.667.parquet
2025-03-19 18:58:03,972 - INFO - Processing: s3://thesis--ec331-s3/FCAS_RAISE1SEC-Volume-Bids/PUBLIC_DVD_BIDPEROFFER1_202311010000.parquet/part.670.parquet
2025-03-19 18:58:03,976 - INFO - Target: s3://thesis--ec331-s3/de-duped-volume-bids/PUBLIC_DVD_BIDPEROFFER1_202311010000.parquet/part.670.parquet
2025-03-19 18:58:04,005 - INFO - Read 0 rows from s3://thesis--ec331-s3/FCAS_RAISE1SEC-Volume-Bids/PUBLIC_DVD_BIDPEROFFER1_202311010000.parquet/part.668.parquet
2025-03-19 18:58:04,015 - INFO - Read 0 rows from s3://thesis--ec331-s3/FCAS_RAISE1SEC-Volume-Bids/PUBLIC_DVD_BIDPEROFFER1_202311010000.parquet/part.669.parquet
2025-03-19 18:58:04,018 - INFO - No duplicates found in s3://thesis--ec331-s3/FCAS_RAISE1SEC-Volume-Bids/PUBLIC_DVD_BIDPEROFFER1_202311010000.parquet/part.668.parquet
2025-03-19 18:58:04,020 - INFO - No duplicates found in s3://thesis--ec331-s3/FCAS_RAISE1SEC-Volume-Bids/PUBLIC_DVD_BIDPEROFFER1_202311010000.parquet/part.669.parquet
2025-03-19 18:58:04,022 - WARNING - Empty DataFrame will be written.
2025-03-19 18:58:04,022 - WARNING - Empty DataFrame will be written.
2025-03-19 18:58:04,158 - INFO - Read 0 rows from s3://thesis--ec331-s3/FCAS_RAISE1SEC-Volume-Bids/PUBLIC_DVD_BIDPEROFFER1_202311010000.parquet/part.67.parquet
2025-03-19 18:58:04,162 - INFO - No duplicates found in s3://thesis--ec331-s3/FCAS_RAISE1SEC-Volume-Bids/PUBLIC_DVD_BIDPEROFFER1_202311010000.parquet/part.67.parquet
2025-03-19 18:58:04,163 - WARNING - Empty DataFrame will be written.
2025-03-19 18:58:04,246 - INFO - Read 0 rows from s3://thesis--ec331-s3/FCAS_RAISE1SEC-Volume-Bids/PUBLIC_DVD_BIDPEROFFER1_202311010000.parquet/part.670.parquet
2025-03-19 18:58:04,249 - INFO - No duplicates found in s3://thesis--ec331-s3/FCAS_RAISE1SEC-Volume-Bids/PUBLIC_DVD_BIDPEROFFER1_202311010000.parquet/part.670.parquet
2025-03-19 18:58:04,251 - WARNING - Empty DataFrame will be written.
2025-03-19 18:58:04,263 - INFO - Wrote original 0 rows to s3://thesis--ec331-s3/de-duped-volume-bids/PUBLIC_DVD_BIDPEROFFER1_202311010000.parquet/part.668.parquet
2025-03-19 18:58:04,367 - INFO - Processing: s3://thesis--ec331-s3/FCAS_RAISE1SEC-Volume-Bids/PUBLIC_DVD_BIDPEROFFER1_202311010000.parquet/part.671.parquet
2025-03-19 18:58:04,370 - INFO - Target: s3://thesis--ec331-s3/de-duped-volume-bids/PUBLIC_DVD_BIDPEROFFER1_202311010000.parquet/part.671.parquet
2025-03-19 18:58:04,371 - INFO - Wrote original 0 rows to s3://thesis--ec331-s3/de-duped-volume-bids/PUBLIC_DVD_BIDPEROFFER1_202311010000.parquet/part.669.parquet
2025-03-19 18:58:04,480 - INFO - Processing: s3://thesis--ec331-s3/FCAS_RAISE1SEC-Volume-Bids/PUBLIC_DVD_BIDPEROFFER1_202311010000.parquet/part.672.parquet
2025-03-19 18:58:04,482 - INFO - Target: s3://thesis--ec331-s3/de-duped-volume-bids/PUBLIC_DVD_BIDPEROFFER1_202311010000.parquet/part.672.parquet
2025-03-19 18:58:04,601 - INFO - Wrote original 0 rows to s3://thesis--ec331-s3/de-duped-volume-bids/PUBLIC_DVD_BIDPEROFFER1_202311010000.parquet/part.67.parquet
2025-03-19 18:58:04,698 - INFO - Processing: s3://thesis--ec331-s3/FCAS_RAISE1SEC-Volume-Bids/PUBLIC_DVD_BIDPEROFFER1_202311010000.parquet/part.673.parquet
2025-03-19 18:58:04,699 - INFO - Target: s3://thesis--ec331-s3/de-duped-volume-bids/PUBLIC_DVD_BIDPEROFFER1_202311010000.parquet/part.673.parquet
2025-03-19 18:58:04,750 - INFO - Wrote original 0 rows to s3://thesis--ec331-s3/de-duped-volume-bids/PUBLIC_DVD_BIDPEROFFER1_202311010000.parquet/part.670.parquet
2025-03-19 18:58:04,844 - INFO - Processing: s3://thesis--ec331-s3/FCAS_RAISE1SEC-Volume-Bids/PUBLIC_DVD_BIDPEROFFER1_202311010000.parquet/part.674.parquet
2025-03-19 18:58:04,852 - INFO - Target: s3://thesis--ec331-s3/de-duped-volume-bids/PUBLIC_DVD_BIDPEROFFER1_202311010000.parquet/part.674.parquet
2025-03-19 18:58:04,873 - INFO - Read 0 rows from s3://thesis--ec331-s3/FCAS_RAISE1SEC-Volume-Bids/PUBLIC_DVD_BIDPEROFFER1_202311010000.parquet/part.672.parquet
2025-03-19 18:58:04,882 - INFO - No duplicates found in s3://thesis--ec331-s3/FCAS_RAISE1SEC-Volume-Bids/PUBLIC_DVD_BIDPEROFFER1_202311010000.parquet/part.672.parquet
2025-03-19 18:58:04,883 - WARNING - Empty DataFrame will be written.
2025-03-19 18:58:04,909 - INFO - Read 0 rows from s3://thesis--ec331-s3/FCAS_RAISE1SEC-Volume-Bids/PUBLIC_DVD_BIDPEROFFER1_202311010000.parquet/part.671.parquet
2025-03-19 18:58:04,913 - INFO - No duplicates found in s3://thesis--ec331-s3/FCAS_RAISE1SEC-Volume-Bids/PUBLIC_DVD_BIDPEROFFER1_202311010000.parquet/part.671.parquet
2025-03-19 18:58:04,917 - WARNING - Empty DataFrame will be written.
2025-03-19 18:58:05,020 - INFO - Read 0 rows from s3://thesis--ec331-s3/FCAS_RAISE1SEC-Volume-Bids/PUBLIC_DVD_BIDPEROFFER1_202311010000.parquet/part.673.parquet
2025-03-19 18:58:05,023 - INFO - No duplicates found in s3://thesis--ec331-s3/FCAS_RAISE1SEC-Volume-Bids/PUBLIC_DVD_BIDPEROFFER1_202311010000.parquet/part.673.parquet
2025-03-19 18:58:05,025 - WARNING - Empty DataFrame will be written.
2025-03-19 18:58:05,125 - INFO - Wrote original 0 rows to s3://thesis--ec331-s3/de-duped-volume-bids/PUBLIC_DVD_BIDPEROFFER1_202311010000.parquet/part.672.parquet
2025-03-19 18:58:05,224 - INFO - Processing: s3://thesis--ec331-s3/FCAS_RAISE1SEC-Volume-Bids/PUBLIC_DVD_BIDPEROFFER1_202311010000.parquet/part.675.parquet
2025-03-19 18:58:05,226 - INFO - Target: s3://thesis--ec331-s3/de-duped-volume-bids/PUBLIC_DVD_BIDPEROFFER1_202311010000.parquet/part.675.parquet
2025-03-19 18:58:05,249 - INFO - Read 0 rows from s3://thesis--ec331-s3/FCAS_RAISE1SEC-Volume-Bids/PUBLIC_DVD_BIDPEROFFER1_202311010000.parquet/part.674.parquet
2025-03-19 18:58:05,252 - INFO - Wrote original 0 rows to s3://thesis--ec331-s3/de-duped-volume-bids/PUBLIC_DVD_BIDPEROFFER1_202311010000.parquet/part.671.parquet
2025-03-19 18:58:05,256 - INFO - No duplicates found in s3://thesis--ec331-s3/FCAS_RAISE1SEC-Volume-Bids/PUBLIC_DVD_BIDPEROFFER1_202311010000.parquet/part.674.parquet
2025-03-19 18:58:05,346 - INFO - Processing: s3://thesis--ec331-s3/FCAS_RAISE1SEC-Volume-Bids/PUBLIC_DVD_BIDPEROFFER1_202311010000.parquet/part.676.parquet
2025-03-19 18:58:05,347 - WARNING - Empty DataFrame will be written.
2025-03-19 18:58:05,349 - INFO - Target: s3://thesis--ec331-s3/de-duped-volume-bids/PUBLIC_DVD_BIDPEROFFER1_202311010000.parquet/part.676.parquet
2025-03-19 18:58:05,385 - INFO - Wrote original 0 rows to s3://thesis--ec331-s3/de-duped-volume-bids/PUBLIC_DVD_BIDPEROFFER1_202311010000.parquet/part.673.parquet
2025-03-19 18:58:05,477 - INFO - Processing: s3://thesis--ec331-s3/FCAS_RAISE1SEC-Volume-Bids/PUBLIC_DVD_BIDPEROFFER1_202311010000.parquet/part.677.parquet
2025-03-19 18:58:05,478 - INFO - Target: s3://thesis--ec331-s3/de-duped-volume-bids/PUBLIC_DVD_BIDPEROFFER1_202311010000.parquet/part.677.parquet
2025-03-19 18:58:05,589 - INFO - Read 0 rows from s3://thesis--ec331-s3/FCAS_RAISE1SEC-Volume-Bids/PUBLIC_DVD_BIDPEROFFER1_202311010000.parquet/part.675.parquet
2025-03-19 18:58:05,592 - INFO - No duplicates found in s3://thesis--ec331-s3/FCAS_RAISE1SEC-Volume-Bids/PUBLIC_DVD_BIDPEROFFER1_202311010000.parquet/part.675.parquet
2025-03-19 18:58:05,593 - WARNING - Empty DataFrame will be written.
2025-03-19 18:58:05,698 - INFO - Read 0 rows from s3://thesis--ec331-s3/FCAS_RAISE1SEC-Volume-Bids/PUBLIC_DVD_BIDPEROFFER1_202311010000.parquet/part.676.parquet
2025-03-19 18:58:05,707 - INFO - Wrote original 0 rows to s3://thesis--ec331-s3/de-duped-volume-bids/PUBLIC_DVD_BIDPEROFFER1_202311010000.parquet/part.674.parquet
2025-03-19 18:58:05,710 - INFO - No duplicates found in s3://thesis--ec331-s3/FCAS_RAISE1SEC-Volume-Bids/PUBLIC_DVD_BIDPEROFFER1_202311010000.parquet/part.676.parquet
2025-03-19 18:58:05,806 - INFO - Processing: s3://thesis--ec331-s3/FCAS_RAISE1SEC-Volume-Bids/PUBLIC_DVD_BIDPEROFFER1_202311010000.parquet/part.678.parquet
2025-03-19 18:58:05,812 - WARNING - Empty DataFrame will be written.
2025-03-19 18:58:05,813 - INFO - Target: s3://thesis--ec331-s3/de-duped-volume-bids/PUBLIC_DVD_BIDPEROFFER1_202311010000.parquet/part.678.parquet
2025-03-19 18:58:05,857 - INFO - Read 0 rows from s3://thesis--ec331-s3/FCAS_RAISE1SEC-Volume-Bids/PUBLIC_DVD_BIDPEROFFER1_202311010000.parquet/part.677.parquet
2025-03-19 18:58:05,862 - INFO - Wrote original 0 rows to s3://thesis--ec331-s3/de-duped-volume-bids/PUBLIC_DVD_BIDPEROFFER1_202311010000.parquet/part.675.parquet
2025-03-19 18:58:05,864 - INFO - No duplicates found in s3://thesis--ec331-s3/FCAS_RAISE1SEC-Volume-Bids/PUBLIC_DVD_BIDPEROFFER1_202311010000.parquet/part.677.parquet
2025-03-19 18:58:05,956 - INFO - Processing: s3://thesis--ec331-s3/FCAS_RAISE1SEC-Volume-Bids/PUBLIC_DVD_BIDPEROFFER1_202311010000.parquet/part.679.parquet
2025-03-19 18:58:05,958 - WARNING - Empty DataFrame will be written.
2025-03-19 18:58:05,959 - INFO - Target: s3://thesis--ec331-s3/de-duped-volume-bids/PUBLIC_DVD_BIDPEROFFER1_202311010000.parquet/part.679.parquet
2025-03-19 18:58:06,119 - INFO - Wrote original 0 rows to s3://thesis--ec331-s3/de-duped-volume-bids/PUBLIC_DVD_BIDPEROFFER1_202311010000.parquet/part.676.parquet
2025-03-19 18:58:06,206 - INFO - Processing: s3://thesis--ec331-s3/FCAS_RAISE1SEC-Volume-Bids/PUBLIC_DVD_BIDPEROFFER1_202311010000.parquet/part.68.parquet
2025-03-19 18:58:06,213 - INFO - Target: s3://thesis--ec331-s3/de-duped-volume-bids/PUBLIC_DVD_BIDPEROFFER1_202311010000.parquet/part.68.parquet
2025-03-19 18:58:06,260 - INFO - Wrote original 0 rows to s3://thesis--ec331-s3/de-duped-volume-bids/PUBLIC_DVD_BIDPEROFFER1_202311010000.parquet/part.677.parquet
2025-03-19 18:58:06,351 - INFO - Processing: s3://thesis--ec331-s3/FCAS_RAISE1SEC-Volume-Bids/PUBLIC_DVD_BIDPEROFFER1_202311010000.parquet/part.680.parquet
2025-03-19 18:58:06,352 - INFO - Target: s3://thesis--ec331-s3/de-duped-volume-bids/PUBLIC_DVD_BIDPEROFFER1_202311010000.parquet/part.680.parquet
2025-03-19 18:58:06,385 - INFO - Read 0 rows from s3://thesis--ec331-s3/FCAS_RAISE1SEC-Volume-Bids/PUBLIC_DVD_BIDPEROFFER1_202311010000.parquet/part.678.parquet
2025-03-19 18:58:06,387 - INFO - No duplicates found in s3://thesis--ec331-s3/FCAS_RAISE1SEC-Volume-Bids/PUBLIC_DVD_BIDPEROFFER1_202311010000.parquet/part.678.parquet
2025-03-19 18:58:06,388 - WARNING - Empty DataFrame will be written.
2025-03-19 18:58:06,417 - INFO - Read 0 rows from s3://thesis--ec331-s3/FCAS_RAISE1SEC-Volume-Bids/PUBLIC_DVD_BIDPEROFFER1_202311010000.parquet/part.679.parquet
2025-03-19 18:58:06,420 - INFO - No duplicates found in s3://thesis--ec331-s3/FCAS_RAISE1SEC-Volume-Bids/PUBLIC_DVD_BIDPEROFFER1_202311010000.parquet/part.679.parquet
2025-03-19 18:58:06,421 - WARNING - Empty DataFrame will be written.
2025-03-19 18:58:06,548 - INFO - Read 0 rows from s3://thesis--ec331-s3/FCAS_RAISE1SEC-Volume-Bids/PUBLIC_DVD_BIDPEROFFER1_202311010000.parquet/part.68.parquet
2025-03-19 18:58:06,557 - INFO - No duplicates found in s3://thesis--ec331-s3/FCAS_RAISE1SEC-Volume-Bids/PUBLIC_DVD_BIDPEROFFER1_202311010000.parquet/part.68.parquet
2025-03-19 18:58:06,558 - WARNING - Empty DataFrame will be written.
2025-03-19 18:58:06,608 - INFO - Read 0 rows from s3://thesis--ec331-s3/FCAS_RAISE1SEC-Volume-Bids/PUBLIC_DVD_BIDPEROFFER1_202311010000.parquet/part.680.parquet
2025-03-19 18:58:06,611 - INFO - No duplicates found in s3://thesis--ec331-s3/FCAS_RAISE1SEC-Volume-Bids/PUBLIC_DVD_BIDPEROFFER1_202311010000.parquet/part.680.parquet
2025-03-19 18:58:06,612 - WARNING - Empty DataFrame will be written.
2025-03-19 18:58:06,636 - INFO - Wrote original 0 rows to s3://thesis--ec331-s3/de-duped-volume-bids/PUBLIC_DVD_BIDPEROFFER1_202311010000.parquet/part.679.parquet
2025-03-19 18:58:06,735 - INFO - Processing: s3://thesis--ec331-s3/FCAS_RAISE1SEC-Volume-Bids/PUBLIC_DVD_BIDPEROFFER1_202311010000.parquet/part.681.parquet
2025-03-19 18:58:06,738 - INFO - Wrote original 0 rows to s3://thesis--ec331-s3/de-duped-volume-bids/PUBLIC_DVD_BIDPEROFFER1_202311010000.parquet/part.678.parquet
2025-03-19 18:58:06,740 - INFO - Target: s3://thesis--ec331-s3/de-duped-volume-bids/PUBLIC_DVD_BIDPEROFFER1_202311010000.parquet/part.681.parquet
2025-03-19 18:58:06,832 - INFO - Processing: s3://thesis--ec331-s3/FCAS_RAISE1SEC-Volume-Bids/PUBLIC_DVD_BIDPEROFFER1_202311010000.parquet/part.682.parquet
2025-03-19 18:58:06,845 - INFO - Target: s3://thesis--ec331-s3/de-duped-volume-bids/PUBLIC_DVD_BIDPEROFFER1_202311010000.parquet/part.682.parquet
2025-03-19 18:58:06,962 - INFO - Wrote original 0 rows to s3://thesis--ec331-s3/de-duped-volume-bids/PUBLIC_DVD_BIDPEROFFER1_202311010000.parquet/part.68.parquet
2025-03-19 18:58:07,055 - INFO - Processing: s3://thesis--ec331-s3/FCAS_RAISE1SEC-Volume-Bids/PUBLIC_DVD_BIDPEROFFER1_202311010000.parquet/part.683.parquet
2025-03-19 18:58:07,057 - INFO - Target: s3://thesis--ec331-s3/de-duped-volume-bids/PUBLIC_DVD_BIDPEROFFER1_202311010000.parquet/part.683.parquet
2025-03-19 18:58:07,061 - INFO - Wrote original 0 rows to s3://thesis--ec331-s3/de-duped-volume-bids/PUBLIC_DVD_BIDPEROFFER1_202311010000.parquet/part.680.parquet
2025-03-19 18:58:07,160 - INFO - Processing: s3://thesis--ec331-s3/FCAS_RAISE1SEC-Volume-Bids/PUBLIC_DVD_BIDPEROFFER1_202311010000.parquet/part.684.parquet
2025-03-19 18:58:07,168 - INFO - Target: s3://thesis--ec331-s3/de-duped-volume-bids/PUBLIC_DVD_BIDPEROFFER1_202311010000.parquet/part.684.parquet
2025-03-19 18:58:07,228 - INFO - Read 0 rows from s3://thesis--ec331-s3/FCAS_RAISE1SEC-Volume-Bids/PUBLIC_DVD_BIDPEROFFER1_202311010000.parquet/part.682.parquet
2025-03-19 18:58:07,231 - INFO - No duplicates found in s3://thesis--ec331-s3/FCAS_RAISE1SEC-Volume-Bids/PUBLIC_DVD_BIDPEROFFER1_202311010000.parquet/part.682.parquet
2025-03-19 18:58:07,232 - WARNING - Empty DataFrame will be written.
2025-03-19 18:58:07,259 - INFO - Read 0 rows from s3://thesis--ec331-s3/FCAS_RAISE1SEC-Volume-Bids/PUBLIC_DVD_BIDPEROFFER1_202311010000.parquet/part.681.parquet
2025-03-19 18:58:07,269 - INFO - No duplicates found in s3://thesis--ec331-s3/FCAS_RAISE1SEC-Volume-Bids/PUBLIC_DVD_BIDPEROFFER1_202311010000.parquet/part.681.parquet
2025-03-19 18:58:07,271 - WARNING - Empty DataFrame will be written.
2025-03-19 18:58:07,428 - INFO - Read 0 rows from s3://thesis--ec331-s3/FCAS_RAISE1SEC-Volume-Bids/PUBLIC_DVD_BIDPEROFFER1_202311010000.parquet/part.684.parquet
2025-03-19 18:58:07,431 - INFO - No duplicates found in s3://thesis--ec331-s3/FCAS_RAISE1SEC-Volume-Bids/PUBLIC_DVD_BIDPEROFFER1_202311010000.parquet/part.684.parquet
2025-03-19 18:58:07,432 - WARNING - Empty DataFrame will be written.
2025-03-19 18:58:07,458 - INFO - Read 0 rows from s3://thesis--ec331-s3/FCAS_RAISE1SEC-Volume-Bids/PUBLIC_DVD_BIDPEROFFER1_202311010000.parquet/part.683.parquet
2025-03-19 18:58:07,461 - INFO - No duplicates found in s3://thesis--ec331-s3/FCAS_RAISE1SEC-Volume-Bids/PUBLIC_DVD_BIDPEROFFER1_202311010000.parquet/part.683.parquet
2025-03-19 18:58:07,463 - WARNING - Empty DataFrame will be written.
2025-03-19 18:58:07,515 - INFO - Wrote original 0 rows to s3://thesis--ec331-s3/de-duped-volume-bids/PUBLIC_DVD_BIDPEROFFER1_202311010000.parquet/part.682.parquet
2025-03-19 18:58:07,609 - INFO - Processing: s3://thesis--ec331-s3/FCAS_RAISE1SEC-Volume-Bids/PUBLIC_DVD_BIDPEROFFER1_202311010000.parquet/part.685.parquet
2025-03-19 18:58:07,613 - INFO - Wrote original 0 rows to s3://thesis--ec331-s3/de-duped-volume-bids/PUBLIC_DVD_BIDPEROFFER1_202311010000.parquet/part.681.parquet
2025-03-19 18:58:07,614 - INFO - Target: s3://thesis--ec331-s3/de-duped-volume-bids/PUBLIC_DVD_BIDPEROFFER1_202311010000.parquet/part.685.parquet
2025-03-19 18:58:07,703 - INFO - Processing: s3://thesis--ec331-s3/FCAS_RAISE1SEC-Volume-Bids/PUBLIC_DVD_BIDPEROFFER1_202311010000.parquet/part.686.parquet
2025-03-19 18:58:07,723 - INFO - Target: s3://thesis--ec331-s3/de-duped-volume-bids/PUBLIC_DVD_BIDPEROFFER1_202311010000.parquet/part.686.parquet
2025-03-19 18:58:07,857 - INFO - Wrote original 0 rows to s3://thesis--ec331-s3/de-duped-volume-bids/PUBLIC_DVD_BIDPEROFFER1_202311010000.parquet/part.683.parquet
2025-03-19 18:58:07,944 - INFO - Processing: s3://thesis--ec331-s3/FCAS_RAISE1SEC-Volume-Bids/PUBLIC_DVD_BIDPEROFFER1_202311010000.parquet/part.687.parquet
2025-03-19 18:58:07,949 - INFO - Wrote original 0 rows to s3://thesis--ec331-s3/de-duped-volume-bids/PUBLIC_DVD_BIDPEROFFER1_202311010000.parquet/part.684.parquet
2025-03-19 18:58:07,949 - INFO - Target: s3://thesis--ec331-s3/de-duped-volume-bids/PUBLIC_DVD_BIDPEROFFER1_202311010000.parquet/part.687.parquet
2025-03-19 18:58:08,043 - INFO - Processing: s3://thesis--ec331-s3/FCAS_RAISE1SEC-Volume-Bids/PUBLIC_DVD_BIDPEROFFER1_202311010000.parquet/part.688.parquet
2025-03-19 18:58:08,054 - INFO - Target: s3://thesis--ec331-s3/de-duped-volume-bids/PUBLIC_DVD_BIDPEROFFER1_202311010000.parquet/part.688.parquet
2025-03-19 18:58:08,293 - INFO - Read 0 rows from s3://thesis--ec331-s3/FCAS_RAISE1SEC-Volume-Bids/PUBLIC_DVD_BIDPEROFFER1_202311010000.parquet/part.688.parquet
2025-03-19 18:58:08,296 - INFO - No duplicates found in s3://thesis--ec331-s3/FCAS_RAISE1SEC-Volume-Bids/PUBLIC_DVD_BIDPEROFFER1_202311010000.parquet/part.688.parquet
2025-03-19 18:58:08,297 - WARNING - Empty DataFrame will be written.
2025-03-19 18:58:09,009 - INFO - Wrote original 0 rows to s3://thesis--ec331-s3/de-duped-volume-bids/PUBLIC_DVD_BIDPEROFFER1_202311010000.parquet/part.688.parquet
2025-03-19 18:58:09,127 - INFO - Processing: s3://thesis--ec331-s3/FCAS_RAISE1SEC-Volume-Bids/PUBLIC_DVD_BIDPEROFFER1_202311010000.parquet/part.689.parquet
2025-03-19 18:58:09,145 - INFO - Target: s3://thesis--ec331-s3/de-duped-volume-bids/PUBLIC_DVD_BIDPEROFFER1_202311010000.parquet/part.689.parquet
2025-03-19 18:58:09,516 - INFO - Read 364,977 rows from s3://thesis--ec331-s3/FCAS_RAISE1SEC-Volume-Bids/PUBLIC_DVD_BIDPEROFFER1_202311010000.parquet/part.685.parquet
2025-03-19 18:58:09,593 - INFO - Read 509,268 rows from s3://thesis--ec331-s3/FCAS_RAISE1SEC-Volume-Bids/PUBLIC_DVD_BIDPEROFFER1_202311010000.parquet/part.686.parquet
2025-03-19 18:58:09,705 - INFO - Read 0 rows from s3://thesis--ec331-s3/FCAS_RAISE1SEC-Volume-Bids/PUBLIC_DVD_BIDPEROFFER1_202311010000.parquet/part.689.parquet
2025-03-19 18:58:09,722 - INFO - No duplicates found in s3://thesis--ec331-s3/FCAS_RAISE1SEC-Volume-Bids/PUBLIC_DVD_BIDPEROFFER1_202311010000.parquet/part.689.parquet
2025-03-19 18:58:09,747 - WARNING - Empty DataFrame will be written.
2025-03-19 18:58:09,854 - INFO - Read 396,411 rows from s3://thesis--ec331-s3/FCAS_RAISE1SEC-Volume-Bids/PUBLIC_DVD_BIDPEROFFER1_202311010000.parquet/part.687.parquet
2025-03-19 18:58:10,088 - INFO - Found 364,977 rows (100.00%) with duplicate keys
2025-03-19 18:58:10,117 - INFO - Found 509,268 rows (100.00%) with duplicate keys
2025-03-19 18:58:10,205 - INFO - Found 396,411 rows (100.00%) with duplicate keys
2025-03-19 18:58:10,261 - INFO - Removed 363,537 duplicate rows
2025-03-19 18:58:10,283 - INFO - Removed 507,252 duplicate rows
2025-03-19 18:58:10,302 - INFO - Wrote original 0 rows to s3://thesis--ec331-s3/de-duped-volume-bids/PUBLIC_DVD_BIDPEROFFER1_202311010000.parquet/part.689.parquet
2025-03-19 18:58:10,395 - INFO - Processing: s3://thesis--ec331-s3/FCAS_RAISE1SEC-Volume-Bids/PUBLIC_DVD_BIDPEROFFER1_202311010000.parquet/part.69.parquet
2025-03-19 18:58:10,397 - INFO - Target: s3://thesis--ec331-s3/de-duped-volume-bids/PUBLIC_DVD_BIDPEROFFER1_202311010000.parquet/part.69.parquet
2025-03-19 18:58:10,416 - INFO - Removed 394,971 duplicate rows
2025-03-19 18:58:10,663 - INFO - Read 0 rows from s3://thesis--ec331-s3/FCAS_RAISE1SEC-Volume-Bids/PUBLIC_DVD_BIDPEROFFER1_202311010000.parquet/part.69.parquet
2025-03-19 18:58:10,665 - INFO - No duplicates found in s3://thesis--ec331-s3/FCAS_RAISE1SEC-Volume-Bids/PUBLIC_DVD_BIDPEROFFER1_202311010000.parquet/part.69.parquet
2025-03-19 18:58:10,667 - WARNING - Empty DataFrame will be written.
2025-03-19 18:58:10,696 - INFO - Wrote 1,440 rows to s3://thesis--ec331-s3/de-duped-volume-bids/PUBLIC_DVD_BIDPEROFFER1_202311010000.parquet/part.687.parquet
2025-03-19 18:58:10,936 - INFO - Wrote 2,016 rows to s3://thesis--ec331-s3/de-duped-volume-bids/PUBLIC_DVD_BIDPEROFFER1_202311010000.parquet/part.686.parquet
2025-03-19 18:58:10,936 - INFO - Processing: s3://thesis--ec331-s3/FCAS_RAISE1SEC-Volume-Bids/PUBLIC_DVD_BIDPEROFFER1_202311010000.parquet/part.690.parquet
2025-03-19 18:58:10,938 - INFO - Wrote 1,440 rows to s3://thesis--ec331-s3/de-duped-volume-bids/PUBLIC_DVD_BIDPEROFFER1_202311010000.parquet/part.685.parquet
2025-03-19 18:58:11,183 - INFO - Processing: s3://thesis--ec331-s3/FCAS_RAISE1SEC-Volume-Bids/PUBLIC_DVD_BIDPEROFFER1_202311010000.parquet/part.691.parquet
2025-03-19 18:58:11,184 - INFO - Target: s3://thesis--ec331-s3/de-duped-volume-bids/PUBLIC_DVD_BIDPEROFFER1_202311010000.parquet/part.690.parquet
2025-03-19 18:58:11,403 - INFO - Processing: s3://thesis--ec331-s3/FCAS_RAISE1SEC-Volume-Bids/PUBLIC_DVD_BIDPEROFFER1_202311010000.parquet/part.692.parquet
2025-03-19 18:58:11,405 - INFO - Target: s3://thesis--ec331-s3/de-duped-volume-bids/PUBLIC_DVD_BIDPEROFFER1_202311010000.parquet/part.691.parquet
2025-03-19 18:58:11,416 - INFO - Target: s3://thesis--ec331-s3/de-duped-volume-bids/PUBLIC_DVD_BIDPEROFFER1_202311010000.parquet/part.692.parquet
2025-03-19 18:58:11,540 - INFO - Wrote original 0 rows to s3://thesis--ec331-s3/de-duped-volume-bids/PUBLIC_DVD_BIDPEROFFER1_202311010000.parquet/part.69.parquet
2025-03-19 18:58:11,637 - INFO - Processing: s3://thesis--ec331-s3/FCAS_RAISE1SEC-Volume-Bids/PUBLIC_DVD_BIDPEROFFER1_202311010000.parquet/part.693.parquet
2025-03-19 18:58:11,639 - INFO - Target: s3://thesis--ec331-s3/de-duped-volume-bids/PUBLIC_DVD_BIDPEROFFER1_202311010000.parquet/part.693.parquet
2025-03-19 18:58:11,741 - INFO - Read 0 rows from s3://thesis--ec331-s3/FCAS_RAISE1SEC-Volume-Bids/PUBLIC_DVD_BIDPEROFFER1_202311010000.parquet/part.692.parquet
2025-03-19 18:58:11,743 - INFO - Read 0 rows from s3://thesis--ec331-s3/FCAS_RAISE1SEC-Volume-Bids/PUBLIC_DVD_BIDPEROFFER1_202311010000.parquet/part.691.parquet
2025-03-19 18:58:11,750 - INFO - No duplicates found in s3://thesis--ec331-s3/FCAS_RAISE1SEC-Volume-Bids/PUBLIC_DVD_BIDPEROFFER1_202311010000.parquet/part.692.parquet
2025-03-19 18:58:11,758 - INFO - Read 0 rows from s3://thesis--ec331-s3/FCAS_RAISE1SEC-Volume-Bids/PUBLIC_DVD_BIDPEROFFER1_202311010000.parquet/part.690.parquet
2025-03-19 18:58:11,760 - INFO - No duplicates found in s3://thesis--ec331-s3/FCAS_RAISE1SEC-Volume-Bids/PUBLIC_DVD_BIDPEROFFER1_202311010000.parquet/part.691.parquet
2025-03-19 18:58:11,761 - WARNING - Empty DataFrame will be written.
2025-03-19 18:58:11,764 - INFO - No duplicates found in s3://thesis--ec331-s3/FCAS_RAISE1SEC-Volume-Bids/PUBLIC_DVD_BIDPEROFFER1_202311010000.parquet/part.690.parquet
2025-03-19 18:58:11,765 - WARNING - Empty DataFrame will be written.
2025-03-19 18:58:11,777 - WARNING - Empty DataFrame will be written.
2025-03-19 18:58:11,893 - INFO - Read 0 rows from s3://thesis--ec331-s3/FCAS_RAISE1SEC-Volume-Bids/PUBLIC_DVD_BIDPEROFFER1_202311010000.parquet/part.693.parquet
2025-03-19 18:58:11,896 - INFO - No duplicates found in s3://thesis--ec331-s3/FCAS_RAISE1SEC-Volume-Bids/PUBLIC_DVD_BIDPEROFFER1_202311010000.parquet/part.693.parquet
2025-03-19 18:58:11,898 - WARNING - Empty DataFrame will be written.
2025-03-19 18:58:12,063 - INFO - Wrote original 0 rows to s3://thesis--ec331-s3/de-duped-volume-bids/PUBLIC_DVD_BIDPEROFFER1_202311010000.parquet/part.691.parquet
2025-03-19 18:58:12,158 - INFO - Processing: s3://thesis--ec331-s3/FCAS_RAISE1SEC-Volume-Bids/PUBLIC_DVD_BIDPEROFFER1_202311010000.parquet/part.694.parquet
2025-03-19 18:58:12,161 - INFO - Wrote original 0 rows to s3://thesis--ec331-s3/de-duped-volume-bids/PUBLIC_DVD_BIDPEROFFER1_202311010000.parquet/part.692.parquet
2025-03-19 18:58:12,166 - INFO - Wrote original 0 rows to s3://thesis--ec331-s3/de-duped-volume-bids/PUBLIC_DVD_BIDPEROFFER1_202311010000.parquet/part.690.parquet
2025-03-19 18:58:12,166 - INFO - Target: s3://thesis--ec331-s3/de-duped-volume-bids/PUBLIC_DVD_BIDPEROFFER1_202311010000.parquet/part.694.parquet
2025-03-19 18:58:12,257 - INFO - Processing: s3://thesis--ec331-s3/FCAS_RAISE1SEC-Volume-Bids/PUBLIC_DVD_BIDPEROFFER1_202311010000.parquet/part.695.parquet
2025-03-19 18:58:12,346 - INFO - Processing: s3://thesis--ec331-s3/FCAS_RAISE1SEC-Volume-Bids/PUBLIC_DVD_BIDPEROFFER1_202311010000.parquet/part.696.parquet
2025-03-19 18:58:12,357 - INFO - Target: s3://thesis--ec331-s3/de-duped-volume-bids/PUBLIC_DVD_BIDPEROFFER1_202311010000.parquet/part.695.parquet
2025-03-19 18:58:12,358 - INFO - Target: s3://thesis--ec331-s3/de-duped-volume-bids/PUBLIC_DVD_BIDPEROFFER1_202311010000.parquet/part.696.parquet
2025-03-19 18:58:12,418 - INFO - Wrote original 0 rows to s3://thesis--ec331-s3/de-duped-volume-bids/PUBLIC_DVD_BIDPEROFFER1_202311010000.parquet/part.693.parquet
2025-03-19 18:58:12,513 - INFO - Processing: s3://thesis--ec331-s3/FCAS_RAISE1SEC-Volume-Bids/PUBLIC_DVD_BIDPEROFFER1_202311010000.parquet/part.697.parquet
2025-03-19 18:58:12,514 - INFO - Target: s3://thesis--ec331-s3/de-duped-volume-bids/PUBLIC_DVD_BIDPEROFFER1_202311010000.parquet/part.697.parquet
2025-03-19 18:58:12,709 - INFO - Read 0 rows from s3://thesis--ec331-s3/FCAS_RAISE1SEC-Volume-Bids/PUBLIC_DVD_BIDPEROFFER1_202311010000.parquet/part.695.parquet
2025-03-19 18:58:12,712 - INFO - No duplicates found in s3://thesis--ec331-s3/FCAS_RAISE1SEC-Volume-Bids/PUBLIC_DVD_BIDPEROFFER1_202311010000.parquet/part.695.parquet
2025-03-19 18:58:12,712 - WARNING - Empty DataFrame will be written.
2025-03-19 18:58:12,755 - INFO - Read 0 rows from s3://thesis--ec331-s3/FCAS_RAISE1SEC-Volume-Bids/PUBLIC_DVD_BIDPEROFFER1_202311010000.parquet/part.696.parquet
2025-03-19 18:58:12,762 - INFO - Read 0 rows from s3://thesis--ec331-s3/FCAS_RAISE1SEC-Volume-Bids/PUBLIC_DVD_BIDPEROFFER1_202311010000.parquet/part.694.parquet
2025-03-19 18:58:12,765 - INFO - No duplicates found in s3://thesis--ec331-s3/FCAS_RAISE1SEC-Volume-Bids/PUBLIC_DVD_BIDPEROFFER1_202311010000.parquet/part.696.parquet
2025-03-19 18:58:12,768 - INFO - No duplicates found in s3://thesis--ec331-s3/FCAS_RAISE1SEC-Volume-Bids/PUBLIC_DVD_BIDPEROFFER1_202311010000.parquet/part.694.parquet
2025-03-19 18:58:12,769 - WARNING - Empty DataFrame will be written.
2025-03-19 18:58:12,770 - WARNING - Empty DataFrame will be written.
2025-03-19 18:58:12,818 - INFO - Read 0 rows from s3://thesis--ec331-s3/FCAS_RAISE1SEC-Volume-Bids/PUBLIC_DVD_BIDPEROFFER1_202311010000.parquet/part.697.parquet
2025-03-19 18:58:12,821 - INFO - No duplicates found in s3://thesis--ec331-s3/FCAS_RAISE1SEC-Volume-Bids/PUBLIC_DVD_BIDPEROFFER1_202311010000.parquet/part.697.parquet
2025-03-19 18:58:12,822 - WARNING - Empty DataFrame will be written.
2025-03-19 18:58:12,996 - INFO - Wrote original 0 rows to s3://thesis--ec331-s3/de-duped-volume-bids/PUBLIC_DVD_BIDPEROFFER1_202311010000.parquet/part.695.parquet
2025-03-19 18:58:13,088 - INFO - Processing: s3://thesis--ec331-s3/FCAS_RAISE1SEC-Volume-Bids/PUBLIC_DVD_BIDPEROFFER1_202311010000.parquet/part.698.parquet
2025-03-19 18:58:13,089 - INFO - Target: s3://thesis--ec331-s3/de-duped-volume-bids/PUBLIC_DVD_BIDPEROFFER1_202311010000.parquet/part.698.parquet
2025-03-19 18:58:13,138 - INFO - Wrote original 0 rows to s3://thesis--ec331-s3/de-duped-volume-bids/PUBLIC_DVD_BIDPEROFFER1_202311010000.parquet/part.696.parquet
2025-03-19 18:58:13,229 - INFO - Processing: s3://thesis--ec331-s3/FCAS_RAISE1SEC-Volume-Bids/PUBLIC_DVD_BIDPEROFFER1_202311010000.parquet/part.699.parquet
2025-03-19 18:58:13,233 - INFO - Wrote original 0 rows to s3://thesis--ec331-s3/de-duped-volume-bids/PUBLIC_DVD_BIDPEROFFER1_202311010000.parquet/part.697.parquet
2025-03-19 18:58:13,234 - INFO - Target: s3://thesis--ec331-s3/de-duped-volume-bids/PUBLIC_DVD_BIDPEROFFER1_202311010000.parquet/part.699.parquet
2025-03-19 18:58:13,326 - INFO - Processing: s3://thesis--ec331-s3/FCAS_RAISE1SEC-Volume-Bids/PUBLIC_DVD_BIDPEROFFER1_202311010000.parquet/part.7.parquet
2025-03-19 18:58:13,334 - INFO - Target: s3://thesis--ec331-s3/de-duped-volume-bids/PUBLIC_DVD_BIDPEROFFER1_202311010000.parquet/part.7.parquet
2025-03-19 18:58:13,342 - INFO - Wrote original 0 rows to s3://thesis--ec331-s3/de-duped-volume-bids/PUBLIC_DVD_BIDPEROFFER1_202311010000.parquet/part.694.parquet
2025-03-19 18:58:13,441 - INFO - Processing: s3://thesis--ec331-s3/FCAS_RAISE1SEC-Volume-Bids/PUBLIC_DVD_BIDPEROFFER1_202311010000.parquet/part.70.parquet
2025-03-19 18:58:13,442 - INFO - Target: s3://thesis--ec331-s3/de-duped-volume-bids/PUBLIC_DVD_BIDPEROFFER1_202311010000.parquet/part.70.parquet
2025-03-19 18:58:13,539 - INFO - Read 0 rows from s3://thesis--ec331-s3/FCAS_RAISE1SEC-Volume-Bids/PUBLIC_DVD_BIDPEROFFER1_202311010000.parquet/part.698.parquet
2025-03-19 18:58:13,548 - INFO - No duplicates found in s3://thesis--ec331-s3/FCAS_RAISE1SEC-Volume-Bids/PUBLIC_DVD_BIDPEROFFER1_202311010000.parquet/part.698.parquet
2025-03-19 18:58:13,550 - WARNING - Empty DataFrame will be written.
2025-03-19 18:58:13,657 - INFO - Read 0 rows from s3://thesis--ec331-s3/FCAS_RAISE1SEC-Volume-Bids/PUBLIC_DVD_BIDPEROFFER1_202311010000.parquet/part.699.parquet
2025-03-19 18:58:13,659 - INFO - No duplicates found in s3://thesis--ec331-s3/FCAS_RAISE1SEC-Volume-Bids/PUBLIC_DVD_BIDPEROFFER1_202311010000.parquet/part.699.parquet
2025-03-19 18:58:13,660 - WARNING - Empty DataFrame will be written.
2025-03-19 18:58:13,696 - INFO - Read 0 rows from s3://thesis--ec331-s3/FCAS_RAISE1SEC-Volume-Bids/PUBLIC_DVD_BIDPEROFFER1_202311010000.parquet/part.7.parquet
2025-03-19 18:58:13,699 - INFO - No duplicates found in s3://thesis--ec331-s3/FCAS_RAISE1SEC-Volume-Bids/PUBLIC_DVD_BIDPEROFFER1_202311010000.parquet/part.7.parquet
2025-03-19 18:58:13,700 - WARNING - Empty DataFrame will be written.
2025-03-19 18:58:13,760 - INFO - Wrote original 0 rows to s3://thesis--ec331-s3/de-duped-volume-bids/PUBLIC_DVD_BIDPEROFFER1_202311010000.parquet/part.698.parquet
2025-03-19 18:58:13,855 - INFO - Processing: s3://thesis--ec331-s3/FCAS_RAISE1SEC-Volume-Bids/PUBLIC_DVD_BIDPEROFFER1_202311010000.parquet/part.700.parquet
2025-03-19 18:58:13,859 - INFO - Target: s3://thesis--ec331-s3/de-duped-volume-bids/PUBLIC_DVD_BIDPEROFFER1_202311010000.parquet/part.700.parquet
2025-03-19 18:58:13,896 - INFO - Read 38,880 rows from s3://thesis--ec331-s3/FCAS_RAISE1SEC-Volume-Bids/PUBLIC_DVD_BIDPEROFFER1_202311010000.parquet/part.70.parquet
2025-03-19 18:58:13,925 - INFO - Found 38,880 rows (100.00%) with duplicate keys
2025-03-19 18:58:13,937 - INFO - Removed 34,560 duplicate rows
2025-03-19 18:58:13,995 - INFO - Wrote original 0 rows to s3://thesis--ec331-s3/de-duped-volume-bids/PUBLIC_DVD_BIDPEROFFER1_202311010000.parquet/part.699.parquet
2025-03-19 18:58:14,083 - INFO - Processing: s3://thesis--ec331-s3/FCAS_RAISE1SEC-Volume-Bids/PUBLIC_DVD_BIDPEROFFER1_202311010000.parquet/part.701.parquet
2025-03-19 18:58:14,085 - INFO - Target: s3://thesis--ec331-s3/de-duped-volume-bids/PUBLIC_DVD_BIDPEROFFER1_202311010000.parquet/part.701.parquet
2025-03-19 18:58:14,113 - INFO - Wrote original 0 rows to s3://thesis--ec331-s3/de-duped-volume-bids/PUBLIC_DVD_BIDPEROFFER1_202311010000.parquet/part.7.parquet
2025-03-19 18:58:14,201 - INFO - Processing: s3://thesis--ec331-s3/FCAS_RAISE1SEC-Volume-Bids/PUBLIC_DVD_BIDPEROFFER1_202311010000.parquet/part.702.parquet
2025-03-19 18:58:14,207 - INFO - Target: s3://thesis--ec331-s3/de-duped-volume-bids/PUBLIC_DVD_BIDPEROFFER1_202311010000.parquet/part.702.parquet
2025-03-19 18:58:14,246 - INFO - Wrote 4,320 rows to s3://thesis--ec331-s3/de-duped-volume-bids/PUBLIC_DVD_BIDPEROFFER1_202311010000.parquet/part.70.parquet
2025-03-19 18:58:14,419 - INFO - Processing: s3://thesis--ec331-s3/FCAS_RAISE1SEC-Volume-Bids/PUBLIC_DVD_BIDPEROFFER1_202311010000.parquet/part.703.parquet
2025-03-19 18:58:14,421 - INFO - Target: s3://thesis--ec331-s3/de-duped-volume-bids/PUBLIC_DVD_BIDPEROFFER1_202311010000.parquet/part.703.parquet
2025-03-19 18:58:14,445 - INFO - Read 0 rows from s3://thesis--ec331-s3/FCAS_RAISE1SEC-Volume-Bids/PUBLIC_DVD_BIDPEROFFER1_202311010000.parquet/part.700.parquet
2025-03-19 18:58:14,454 - INFO - No duplicates found in s3://thesis--ec331-s3/FCAS_RAISE1SEC-Volume-Bids/PUBLIC_DVD_BIDPEROFFER1_202311010000.parquet/part.700.parquet
2025-03-19 18:58:14,455 - WARNING - Empty DataFrame will be written.
2025-03-19 18:58:14,533 - INFO - Read 0 rows from s3://thesis--ec331-s3/FCAS_RAISE1SEC-Volume-Bids/PUBLIC_DVD_BIDPEROFFER1_202311010000.parquet/part.701.parquet
2025-03-19 18:58:14,536 - INFO - No duplicates found in s3://thesis--ec331-s3/FCAS_RAISE1SEC-Volume-Bids/PUBLIC_DVD_BIDPEROFFER1_202311010000.parquet/part.701.parquet
2025-03-19 18:58:14,543 - WARNING - Empty DataFrame will be written.
2025-03-19 18:58:14,597 - INFO - Read 0 rows from s3://thesis--ec331-s3/FCAS_RAISE1SEC-Volume-Bids/PUBLIC_DVD_BIDPEROFFER1_202311010000.parquet/part.702.parquet
2025-03-19 18:58:14,602 - INFO - No duplicates found in s3://thesis--ec331-s3/FCAS_RAISE1SEC-Volume-Bids/PUBLIC_DVD_BIDPEROFFER1_202311010000.parquet/part.702.parquet
2025-03-19 18:58:14,607 - WARNING - Empty DataFrame will be written.
2025-03-19 18:58:14,665 - INFO - Read 0 rows from s3://thesis--ec331-s3/FCAS_RAISE1SEC-Volume-Bids/PUBLIC_DVD_BIDPEROFFER1_202311010000.parquet/part.703.parquet
2025-03-19 18:58:14,668 - INFO - No duplicates found in s3://thesis--ec331-s3/FCAS_RAISE1SEC-Volume-Bids/PUBLIC_DVD_BIDPEROFFER1_202311010000.parquet/part.703.parquet
2025-03-19 18:58:14,669 - WARNING - Empty DataFrame will be written.
2025-03-19 18:58:14,687 - INFO - Wrote original 0 rows to s3://thesis--ec331-s3/de-duped-volume-bids/PUBLIC_DVD_BIDPEROFFER1_202311010000.parquet/part.700.parquet
2025-03-19 18:58:14,778 - INFO - Processing: s3://thesis--ec331-s3/FCAS_RAISE1SEC-Volume-Bids/PUBLIC_DVD_BIDPEROFFER1_202311010000.parquet/part.704.parquet
2025-03-19 18:58:14,780 - INFO - Target: s3://thesis--ec331-s3/de-duped-volume-bids/PUBLIC_DVD_BIDPEROFFER1_202311010000.parquet/part.704.parquet
2025-03-19 18:58:14,838 - INFO - Wrote original 0 rows to s3://thesis--ec331-s3/de-duped-volume-bids/PUBLIC_DVD_BIDPEROFFER1_202311010000.parquet/part.701.parquet
2025-03-19 18:58:14,927 - INFO - Processing: s3://thesis--ec331-s3/FCAS_RAISE1SEC-Volume-Bids/PUBLIC_DVD_BIDPEROFFER1_202311010000.parquet/part.705.parquet
2025-03-19 18:58:14,928 - INFO - Target: s3://thesis--ec331-s3/de-duped-volume-bids/PUBLIC_DVD_BIDPEROFFER1_202311010000.parquet/part.705.parquet
2025-03-19 18:58:15,000 - INFO - Wrote original 0 rows to s3://thesis--ec331-s3/de-duped-volume-bids/PUBLIC_DVD_BIDPEROFFER1_202311010000.parquet/part.702.parquet
2025-03-19 18:58:15,093 - INFO - Processing: s3://thesis--ec331-s3/FCAS_RAISE1SEC-Volume-Bids/PUBLIC_DVD_BIDPEROFFER1_202311010000.parquet/part.706.parquet
2025-03-19 18:58:15,094 - INFO - Target: s3://thesis--ec331-s3/de-duped-volume-bids/PUBLIC_DVD_BIDPEROFFER1_202311010000.parquet/part.706.parquet
2025-03-19 18:58:15,145 - INFO - Wrote original 0 rows to s3://thesis--ec331-s3/de-duped-volume-bids/PUBLIC_DVD_BIDPEROFFER1_202311010000.parquet/part.703.parquet
2025-03-19 18:58:15,235 - INFO - Processing: s3://thesis--ec331-s3/FCAS_RAISE1SEC-Volume-Bids/PUBLIC_DVD_BIDPEROFFER1_202311010000.parquet/part.707.parquet
2025-03-19 18:58:15,242 - INFO - Target: s3://thesis--ec331-s3/de-duped-volume-bids/PUBLIC_DVD_BIDPEROFFER1_202311010000.parquet/part.707.parquet
2025-03-19 18:58:15,287 - INFO - Read 0 rows from s3://thesis--ec331-s3/FCAS_RAISE1SEC-Volume-Bids/PUBLIC_DVD_BIDPEROFFER1_202311010000.parquet/part.704.parquet
2025-03-19 18:58:15,290 - INFO - No duplicates found in s3://thesis--ec331-s3/FCAS_RAISE1SEC-Volume-Bids/PUBLIC_DVD_BIDPEROFFER1_202311010000.parquet/part.704.parquet
2025-03-19 18:58:15,291 - WARNING - Empty DataFrame will be written.
2025-03-19 18:58:15,316 - INFO - Read 0 rows from s3://thesis--ec331-s3/FCAS_RAISE1SEC-Volume-Bids/PUBLIC_DVD_BIDPEROFFER1_202311010000.parquet/part.705.parquet
2025-03-19 18:58:15,319 - INFO - No duplicates found in s3://thesis--ec331-s3/FCAS_RAISE1SEC-Volume-Bids/PUBLIC_DVD_BIDPEROFFER1_202311010000.parquet/part.705.parquet
2025-03-19 18:58:15,320 - WARNING - Empty DataFrame will be written.
2025-03-19 18:58:15,446 - INFO - Read 0 rows from s3://thesis--ec331-s3/FCAS_RAISE1SEC-Volume-Bids/PUBLIC_DVD_BIDPEROFFER1_202311010000.parquet/part.706.parquet
2025-03-19 18:58:15,450 - INFO - No duplicates found in s3://thesis--ec331-s3/FCAS_RAISE1SEC-Volume-Bids/PUBLIC_DVD_BIDPEROFFER1_202311010000.parquet/part.706.parquet
2025-03-19 18:58:15,451 - WARNING - Empty DataFrame will be written.
2025-03-19 18:58:15,511 - INFO - Read 0 rows from s3://thesis--ec331-s3/FCAS_RAISE1SEC-Volume-Bids/PUBLIC_DVD_BIDPEROFFER1_202311010000.parquet/part.707.parquet
2025-03-19 18:58:15,514 - INFO - Wrote original 0 rows to s3://thesis--ec331-s3/de-duped-volume-bids/PUBLIC_DVD_BIDPEROFFER1_202311010000.parquet/part.704.parquet
2025-03-19 18:58:15,517 - INFO - No duplicates found in s3://thesis--ec331-s3/FCAS_RAISE1SEC-Volume-Bids/PUBLIC_DVD_BIDPEROFFER1_202311010000.parquet/part.707.parquet
2025-03-19 18:58:15,609 - INFO - Processing: s3://thesis--ec331-s3/FCAS_RAISE1SEC-Volume-Bids/PUBLIC_DVD_BIDPEROFFER1_202311010000.parquet/part.708.parquet
2025-03-19 18:58:15,610 - WARNING - Empty DataFrame will be written.
2025-03-19 18:58:15,612 - INFO - Target: s3://thesis--ec331-s3/de-duped-volume-bids/PUBLIC_DVD_BIDPEROFFER1_202311010000.parquet/part.708.parquet
2025-03-19 18:58:15,640 - INFO - Wrote original 0 rows to s3://thesis--ec331-s3/de-duped-volume-bids/PUBLIC_DVD_BIDPEROFFER1_202311010000.parquet/part.705.parquet
2025-03-19 18:58:15,736 - INFO - Processing: s3://thesis--ec331-s3/FCAS_RAISE1SEC-Volume-Bids/PUBLIC_DVD_BIDPEROFFER1_202311010000.parquet/part.709.parquet
2025-03-19 18:58:15,739 - INFO - Target: s3://thesis--ec331-s3/de-duped-volume-bids/PUBLIC_DVD_BIDPEROFFER1_202311010000.parquet/part.709.parquet
2025-03-19 18:58:15,875 - INFO - Wrote original 0 rows to s3://thesis--ec331-s3/de-duped-volume-bids/PUBLIC_DVD_BIDPEROFFER1_202311010000.parquet/part.706.parquet
2025-03-19 18:58:15,960 - INFO - Processing: s3://thesis--ec331-s3/FCAS_RAISE1SEC-Volume-Bids/PUBLIC_DVD_BIDPEROFFER1_202311010000.parquet/part.71.parquet
2025-03-19 18:58:15,962 - INFO - Target: s3://thesis--ec331-s3/de-duped-volume-bids/PUBLIC_DVD_BIDPEROFFER1_202311010000.parquet/part.71.parquet
2025-03-19 18:58:16,046 - INFO - Wrote original 0 rows to s3://thesis--ec331-s3/de-duped-volume-bids/PUBLIC_DVD_BIDPEROFFER1_202311010000.parquet/part.707.parquet
2025-03-19 18:58:16,139 - INFO - Processing: s3://thesis--ec331-s3/FCAS_RAISE1SEC-Volume-Bids/PUBLIC_DVD_BIDPEROFFER1_202311010000.parquet/part.710.parquet
2025-03-19 18:58:16,143 - INFO - Target: s3://thesis--ec331-s3/de-duped-volume-bids/PUBLIC_DVD_BIDPEROFFER1_202311010000.parquet/part.710.parquet
2025-03-19 18:58:16,168 - INFO - Read 0 rows from s3://thesis--ec331-s3/FCAS_RAISE1SEC-Volume-Bids/PUBLIC_DVD_BIDPEROFFER1_202311010000.parquet/part.709.parquet
2025-03-19 18:58:16,171 - INFO - No duplicates found in s3://thesis--ec331-s3/FCAS_RAISE1SEC-Volume-Bids/PUBLIC_DVD_BIDPEROFFER1_202311010000.parquet/part.709.parquet
2025-03-19 18:58:16,172 - WARNING - Empty DataFrame will be written.
2025-03-19 18:58:16,202 - INFO - Read 0 rows from s3://thesis--ec331-s3/FCAS_RAISE1SEC-Volume-Bids/PUBLIC_DVD_BIDPEROFFER1_202311010000.parquet/part.708.parquet
2025-03-19 18:58:16,206 - INFO - No duplicates found in s3://thesis--ec331-s3/FCAS_RAISE1SEC-Volume-Bids/PUBLIC_DVD_BIDPEROFFER1_202311010000.parquet/part.708.parquet
2025-03-19 18:58:16,207 - WARNING - Empty DataFrame will be written.
2025-03-19 18:58:16,260 - INFO - Read 0 rows from s3://thesis--ec331-s3/FCAS_RAISE1SEC-Volume-Bids/PUBLIC_DVD_BIDPEROFFER1_202311010000.parquet/part.71.parquet
2025-03-19 18:58:16,263 - INFO - No duplicates found in s3://thesis--ec331-s3/FCAS_RAISE1SEC-Volume-Bids/PUBLIC_DVD_BIDPEROFFER1_202311010000.parquet/part.71.parquet
2025-03-19 18:58:16,264 - WARNING - Empty DataFrame will be written.
2025-03-19 18:58:16,428 - INFO - Read 0 rows from s3://thesis--ec331-s3/FCAS_RAISE1SEC-Volume-Bids/PUBLIC_DVD_BIDPEROFFER1_202311010000.parquet/part.710.parquet
2025-03-19 18:58:16,431 - INFO - No duplicates found in s3://thesis--ec331-s3/FCAS_RAISE1SEC-Volume-Bids/PUBLIC_DVD_BIDPEROFFER1_202311010000.parquet/part.710.parquet
2025-03-19 18:58:16,432 - WARNING - Empty DataFrame will be written.
2025-03-19 18:58:16,468 - INFO - Wrote original 0 rows to s3://thesis--ec331-s3/de-duped-volume-bids/PUBLIC_DVD_BIDPEROFFER1_202311010000.parquet/part.708.parquet
2025-03-19 18:58:16,564 - INFO - Processing: s3://thesis--ec331-s3/FCAS_RAISE1SEC-Volume-Bids/PUBLIC_DVD_BIDPEROFFER1_202311010000.parquet/part.711.parquet
2025-03-19 18:58:16,568 - INFO - Target: s3://thesis--ec331-s3/de-duped-volume-bids/PUBLIC_DVD_BIDPEROFFER1_202311010000.parquet/part.711.parquet
2025-03-19 18:58:16,569 - INFO - Wrote original 0 rows to s3://thesis--ec331-s3/de-duped-volume-bids/PUBLIC_DVD_BIDPEROFFER1_202311010000.parquet/part.709.parquet
2025-03-19 18:58:16,669 - INFO - Processing: s3://thesis--ec331-s3/FCAS_RAISE1SEC-Volume-Bids/PUBLIC_DVD_BIDPEROFFER1_202311010000.parquet/part.712.parquet
2025-03-19 18:58:16,672 - INFO - Wrote original 0 rows to s3://thesis--ec331-s3/de-duped-volume-bids/PUBLIC_DVD_BIDPEROFFER1_202311010000.parquet/part.71.parquet
2025-03-19 18:58:16,677 - INFO - Target: s3://thesis--ec331-s3/de-duped-volume-bids/PUBLIC_DVD_BIDPEROFFER1_202311010000.parquet/part.712.parquet
2025-03-19 18:58:16,760 - INFO - Processing: s3://thesis--ec331-s3/FCAS_RAISE1SEC-Volume-Bids/PUBLIC_DVD_BIDPEROFFER1_202311010000.parquet/part.713.parquet
2025-03-19 18:58:16,765 - INFO - Target: s3://thesis--ec331-s3/de-duped-volume-bids/PUBLIC_DVD_BIDPEROFFER1_202311010000.parquet/part.713.parquet
2025-03-19 18:58:16,905 - INFO - Wrote original 0 rows to s3://thesis--ec331-s3/de-duped-volume-bids/PUBLIC_DVD_BIDPEROFFER1_202311010000.parquet/part.710.parquet
2025-03-19 18:58:16,993 - INFO - Processing: s3://thesis--ec331-s3/FCAS_RAISE1SEC-Volume-Bids/PUBLIC_DVD_BIDPEROFFER1_202311010000.parquet/part.714.parquet
2025-03-19 18:58:16,999 - INFO - Target: s3://thesis--ec331-s3/de-duped-volume-bids/PUBLIC_DVD_BIDPEROFFER1_202311010000.parquet/part.714.parquet
2025-03-19 18:58:17,045 - INFO - Read 0 rows from s3://thesis--ec331-s3/FCAS_RAISE1SEC-Volume-Bids/PUBLIC_DVD_BIDPEROFFER1_202311010000.parquet/part.711.parquet
2025-03-19 18:58:17,052 - INFO - No duplicates found in s3://thesis--ec331-s3/FCAS_RAISE1SEC-Volume-Bids/PUBLIC_DVD_BIDPEROFFER1_202311010000.parquet/part.711.parquet
2025-03-19 18:58:17,058 - WARNING - Empty DataFrame will be written.
2025-03-19 18:58:17,096 - INFO - Read 0 rows from s3://thesis--ec331-s3/FCAS_RAISE1SEC-Volume-Bids/PUBLIC_DVD_BIDPEROFFER1_202311010000.parquet/part.713.parquet
2025-03-19 18:58:17,100 - INFO - No duplicates found in s3://thesis--ec331-s3/FCAS_RAISE1SEC-Volume-Bids/PUBLIC_DVD_BIDPEROFFER1_202311010000.parquet/part.713.parquet
2025-03-19 18:58:17,101 - WARNING - Empty DataFrame will be written.
2025-03-19 18:58:17,128 - INFO - Read 0 rows from s3://thesis--ec331-s3/FCAS_RAISE1SEC-Volume-Bids/PUBLIC_DVD_BIDPEROFFER1_202311010000.parquet/part.712.parquet
2025-03-19 18:58:17,132 - INFO - No duplicates found in s3://thesis--ec331-s3/FCAS_RAISE1SEC-Volume-Bids/PUBLIC_DVD_BIDPEROFFER1_202311010000.parquet/part.712.parquet
2025-03-19 18:58:17,133 - WARNING - Empty DataFrame will be written.
2025-03-19 18:58:17,245 - INFO - Read 0 rows from s3://thesis--ec331-s3/FCAS_RAISE1SEC-Volume-Bids/PUBLIC_DVD_BIDPEROFFER1_202311010000.parquet/part.714.parquet
2025-03-19 18:58:17,248 - INFO - No duplicates found in s3://thesis--ec331-s3/FCAS_RAISE1SEC-Volume-Bids/PUBLIC_DVD_BIDPEROFFER1_202311010000.parquet/part.714.parquet
2025-03-19 18:58:17,256 - WARNING - Empty DataFrame will be written.
2025-03-19 18:58:17,293 - INFO - Wrote original 0 rows to s3://thesis--ec331-s3/de-duped-volume-bids/PUBLIC_DVD_BIDPEROFFER1_202311010000.parquet/part.711.parquet
2025-03-19 18:58:17,388 - INFO - Processing: s3://thesis--ec331-s3/FCAS_RAISE1SEC-Volume-Bids/PUBLIC_DVD_BIDPEROFFER1_202311010000.parquet/part.715.parquet
2025-03-19 18:58:17,389 - INFO - Target: s3://thesis--ec331-s3/de-duped-volume-bids/PUBLIC_DVD_BIDPEROFFER1_202311010000.parquet/part.715.parquet
2025-03-19 18:58:17,451 - INFO - Wrote original 0 rows to s3://thesis--ec331-s3/de-duped-volume-bids/PUBLIC_DVD_BIDPEROFFER1_202311010000.parquet/part.713.parquet
2025-03-19 18:58:17,454 - INFO - Wrote original 0 rows to s3://thesis--ec331-s3/de-duped-volume-bids/PUBLIC_DVD_BIDPEROFFER1_202311010000.parquet/part.712.parquet
2025-03-19 18:58:17,541 - INFO - Processing: s3://thesis--ec331-s3/FCAS_RAISE1SEC-Volume-Bids/PUBLIC_DVD_BIDPEROFFER1_202311010000.parquet/part.716.parquet
2025-03-19 18:58:17,624 - INFO - Processing: s3://thesis--ec331-s3/FCAS_RAISE1SEC-Volume-Bids/PUBLIC_DVD_BIDPEROFFER1_202311010000.parquet/part.717.parquet
2025-03-19 18:58:17,624 - INFO - Target: s3://thesis--ec331-s3/de-duped-volume-bids/PUBLIC_DVD_BIDPEROFFER1_202311010000.parquet/part.716.parquet
2025-03-19 18:58:17,625 - INFO - Target: s3://thesis--ec331-s3/de-duped-volume-bids/PUBLIC_DVD_BIDPEROFFER1_202311010000.parquet/part.717.parquet
2025-03-19 18:58:17,718 - INFO - Wrote original 0 rows to s3://thesis--ec331-s3/de-duped-volume-bids/PUBLIC_DVD_BIDPEROFFER1_202311010000.parquet/part.714.parquet
2025-03-19 18:58:17,807 - INFO - Processing: s3://thesis--ec331-s3/FCAS_RAISE1SEC-Volume-Bids/PUBLIC_DVD_BIDPEROFFER1_202311010000.parquet/part.718.parquet
2025-03-19 18:58:17,809 - INFO - Target: s3://thesis--ec331-s3/de-duped-volume-bids/PUBLIC_DVD_BIDPEROFFER1_202311010000.parquet/part.718.parquet
2025-03-19 18:58:17,891 - INFO - Read 0 rows from s3://thesis--ec331-s3/FCAS_RAISE1SEC-Volume-Bids/PUBLIC_DVD_BIDPEROFFER1_202311010000.parquet/part.715.parquet
2025-03-19 18:58:17,894 - INFO - No duplicates found in s3://thesis--ec331-s3/FCAS_RAISE1SEC-Volume-Bids/PUBLIC_DVD_BIDPEROFFER1_202311010000.parquet/part.715.parquet
2025-03-19 18:58:17,895 - WARNING - Empty DataFrame will be written.
2025-03-19 18:58:18,003 - INFO - Read 0 rows from s3://thesis--ec331-s3/FCAS_RAISE1SEC-Volume-Bids/PUBLIC_DVD_BIDPEROFFER1_202311010000.parquet/part.716.parquet
2025-03-19 18:58:18,006 - INFO - No duplicates found in s3://thesis--ec331-s3/FCAS_RAISE1SEC-Volume-Bids/PUBLIC_DVD_BIDPEROFFER1_202311010000.parquet/part.716.parquet
2025-03-19 18:58:18,007 - WARNING - Empty DataFrame will be written.
2025-03-19 18:58:18,041 - INFO - Read 0 rows from s3://thesis--ec331-s3/FCAS_RAISE1SEC-Volume-Bids/PUBLIC_DVD_BIDPEROFFER1_202311010000.parquet/part.717.parquet
2025-03-19 18:58:18,048 - INFO - No duplicates found in s3://thesis--ec331-s3/FCAS_RAISE1SEC-Volume-Bids/PUBLIC_DVD_BIDPEROFFER1_202311010000.parquet/part.717.parquet
2025-03-19 18:58:18,049 - WARNING - Empty DataFrame will be written.
2025-03-19 18:58:18,090 - INFO - Read 0 rows from s3://thesis--ec331-s3/FCAS_RAISE1SEC-Volume-Bids/PUBLIC_DVD_BIDPEROFFER1_202311010000.parquet/part.718.parquet
2025-03-19 18:58:18,092 - INFO - No duplicates found in s3://thesis--ec331-s3/FCAS_RAISE1SEC-Volume-Bids/PUBLIC_DVD_BIDPEROFFER1_202311010000.parquet/part.718.parquet
2025-03-19 18:58:18,093 - WARNING - Empty DataFrame will be written.
2025-03-19 18:58:18,158 - INFO - Wrote original 0 rows to s3://thesis--ec331-s3/de-duped-volume-bids/PUBLIC_DVD_BIDPEROFFER1_202311010000.parquet/part.715.parquet
2025-03-19 18:58:18,254 - INFO - Processing: s3://thesis--ec331-s3/FCAS_RAISE1SEC-Volume-Bids/PUBLIC_DVD_BIDPEROFFER1_202311010000.parquet/part.719.parquet
2025-03-19 18:58:18,255 - INFO - Target: s3://thesis--ec331-s3/de-duped-volume-bids/PUBLIC_DVD_BIDPEROFFER1_202311010000.parquet/part.719.parquet
2025-03-19 18:58:18,334 - INFO - Wrote original 0 rows to s3://thesis--ec331-s3/de-duped-volume-bids/PUBLIC_DVD_BIDPEROFFER1_202311010000.parquet/part.716.parquet
2025-03-19 18:58:18,429 - INFO - Processing: s3://thesis--ec331-s3/FCAS_RAISE1SEC-Volume-Bids/PUBLIC_DVD_BIDPEROFFER1_202311010000.parquet/part.72.parquet
2025-03-19 18:58:18,431 - INFO - Target: s3://thesis--ec331-s3/de-duped-volume-bids/PUBLIC_DVD_BIDPEROFFER1_202311010000.parquet/part.72.parquet
2025-03-19 18:58:18,454 - INFO - Wrote original 0 rows to s3://thesis--ec331-s3/de-duped-volume-bids/PUBLIC_DVD_BIDPEROFFER1_202311010000.parquet/part.717.parquet
2025-03-19 18:58:18,544 - INFO - Processing: s3://thesis--ec331-s3/FCAS_RAISE1SEC-Volume-Bids/PUBLIC_DVD_BIDPEROFFER1_202311010000.parquet/part.720.parquet
2025-03-19 18:58:18,545 - INFO - Target: s3://thesis--ec331-s3/de-duped-volume-bids/PUBLIC_DVD_BIDPEROFFER1_202311010000.parquet/part.720.parquet
2025-03-19 18:58:18,574 - INFO - Wrote original 0 rows to s3://thesis--ec331-s3/de-duped-volume-bids/PUBLIC_DVD_BIDPEROFFER1_202311010000.parquet/part.718.parquet
2025-03-19 18:58:18,666 - INFO - Processing: s3://thesis--ec331-s3/FCAS_RAISE1SEC-Volume-Bids/PUBLIC_DVD_BIDPEROFFER1_202311010000.parquet/part.721.parquet
2025-03-19 18:58:18,667 - INFO - Target: s3://thesis--ec331-s3/de-duped-volume-bids/PUBLIC_DVD_BIDPEROFFER1_202311010000.parquet/part.721.parquet
2025-03-19 18:58:18,762 - INFO - Read 0 rows from s3://thesis--ec331-s3/FCAS_RAISE1SEC-Volume-Bids/PUBLIC_DVD_BIDPEROFFER1_202311010000.parquet/part.719.parquet
2025-03-19 18:58:18,765 - INFO - No duplicates found in s3://thesis--ec331-s3/FCAS_RAISE1SEC-Volume-Bids/PUBLIC_DVD_BIDPEROFFER1_202311010000.parquet/part.719.parquet
2025-03-19 18:58:18,766 - WARNING - Empty DataFrame will be written.
2025-03-19 18:58:18,792 - INFO - Read 0 rows from s3://thesis--ec331-s3/FCAS_RAISE1SEC-Volume-Bids/PUBLIC_DVD_BIDPEROFFER1_202311010000.parquet/part.72.parquet
2025-03-19 18:58:18,800 - INFO - No duplicates found in s3://thesis--ec331-s3/FCAS_RAISE1SEC-Volume-Bids/PUBLIC_DVD_BIDPEROFFER1_202311010000.parquet/part.72.parquet
2025-03-19 18:58:18,801 - WARNING - Empty DataFrame will be written.
2025-03-19 18:58:18,851 - INFO - Read 0 rows from s3://thesis--ec331-s3/FCAS_RAISE1SEC-Volume-Bids/PUBLIC_DVD_BIDPEROFFER1_202311010000.parquet/part.720.parquet
2025-03-19 18:58:18,860 - INFO - No duplicates found in s3://thesis--ec331-s3/FCAS_RAISE1SEC-Volume-Bids/PUBLIC_DVD_BIDPEROFFER1_202311010000.parquet/part.720.parquet
2025-03-19 18:58:18,860 - WARNING - Empty DataFrame will be written.
2025-03-19 18:58:18,915 - INFO - Read 0 rows from s3://thesis--ec331-s3/FCAS_RAISE1SEC-Volume-Bids/PUBLIC_DVD_BIDPEROFFER1_202311010000.parquet/part.721.parquet
2025-03-19 18:58:18,925 - INFO - No duplicates found in s3://thesis--ec331-s3/FCAS_RAISE1SEC-Volume-Bids/PUBLIC_DVD_BIDPEROFFER1_202311010000.parquet/part.721.parquet
2025-03-19 18:58:18,926 - WARNING - Empty DataFrame will be written.
2025-03-19 18:58:19,022 - INFO - Wrote original 0 rows to s3://thesis--ec331-s3/de-duped-volume-bids/PUBLIC_DVD_BIDPEROFFER1_202311010000.parquet/part.72.parquet
2025-03-19 18:58:19,121 - INFO - Processing: s3://thesis--ec331-s3/FCAS_RAISE1SEC-Volume-Bids/PUBLIC_DVD_BIDPEROFFER1_202311010000.parquet/part.722.parquet
2025-03-19 18:58:19,123 - INFO - Target: s3://thesis--ec331-s3/de-duped-volume-bids/PUBLIC_DVD_BIDPEROFFER1_202311010000.parquet/part.722.parquet
2025-03-19 18:58:19,146 - INFO - Wrote original 0 rows to s3://thesis--ec331-s3/de-duped-volume-bids/PUBLIC_DVD_BIDPEROFFER1_202311010000.parquet/part.719.parquet
2025-03-19 18:58:19,236 - INFO - Processing: s3://thesis--ec331-s3/FCAS_RAISE1SEC-Volume-Bids/PUBLIC_DVD_BIDPEROFFER1_202311010000.parquet/part.723.parquet
2025-03-19 18:58:19,238 - INFO - Target: s3://thesis--ec331-s3/de-duped-volume-bids/PUBLIC_DVD_BIDPEROFFER1_202311010000.parquet/part.723.parquet
2025-03-19 18:58:19,270 - INFO - Wrote original 0 rows to s3://thesis--ec331-s3/de-duped-volume-bids/PUBLIC_DVD_BIDPEROFFER1_202311010000.parquet/part.720.parquet
2025-03-19 18:58:19,362 - INFO - Processing: s3://thesis--ec331-s3/FCAS_RAISE1SEC-Volume-Bids/PUBLIC_DVD_BIDPEROFFER1_202311010000.parquet/part.724.parquet
2025-03-19 18:58:19,364 - INFO - Target: s3://thesis--ec331-s3/de-duped-volume-bids/PUBLIC_DVD_BIDPEROFFER1_202311010000.parquet/part.724.parquet
2025-03-19 18:58:19,403 - INFO - Wrote original 0 rows to s3://thesis--ec331-s3/de-duped-volume-bids/PUBLIC_DVD_BIDPEROFFER1_202311010000.parquet/part.721.parquet
2025-03-19 18:58:19,495 - INFO - Processing: s3://thesis--ec331-s3/FCAS_RAISE1SEC-Volume-Bids/PUBLIC_DVD_BIDPEROFFER1_202311010000.parquet/part.725.parquet
2025-03-19 18:58:19,504 - INFO - Target: s3://thesis--ec331-s3/de-duped-volume-bids/PUBLIC_DVD_BIDPEROFFER1_202311010000.parquet/part.725.parquet
2025-03-19 18:58:19,564 - INFO - Read 0 rows from s3://thesis--ec331-s3/FCAS_RAISE1SEC-Volume-Bids/PUBLIC_DVD_BIDPEROFFER1_202311010000.parquet/part.722.parquet
2025-03-19 18:58:19,567 - INFO - No duplicates found in s3://thesis--ec331-s3/FCAS_RAISE1SEC-Volume-Bids/PUBLIC_DVD_BIDPEROFFER1_202311010000.parquet/part.722.parquet
2025-03-19 18:58:19,568 - WARNING - Empty DataFrame will be written.
2025-03-19 18:58:19,608 - INFO - Read 0 rows from s3://thesis--ec331-s3/FCAS_RAISE1SEC-Volume-Bids/PUBLIC_DVD_BIDPEROFFER1_202311010000.parquet/part.723.parquet
2025-03-19 18:58:19,611 - INFO - No duplicates found in s3://thesis--ec331-s3/FCAS_RAISE1SEC-Volume-Bids/PUBLIC_DVD_BIDPEROFFER1_202311010000.parquet/part.723.parquet
2025-03-19 18:58:19,612 - WARNING - Empty DataFrame will be written.
2025-03-19 18:58:19,686 - INFO - Read 0 rows from s3://thesis--ec331-s3/FCAS_RAISE1SEC-Volume-Bids/PUBLIC_DVD_BIDPEROFFER1_202311010000.parquet/part.724.parquet
2025-03-19 18:58:19,694 - INFO - No duplicates found in s3://thesis--ec331-s3/FCAS_RAISE1SEC-Volume-Bids/PUBLIC_DVD_BIDPEROFFER1_202311010000.parquet/part.724.parquet
2025-03-19 18:58:19,695 - WARNING - Empty DataFrame will be written.
2025-03-19 18:58:19,747 - INFO - Read 0 rows from s3://thesis--ec331-s3/FCAS_RAISE1SEC-Volume-Bids/PUBLIC_DVD_BIDPEROFFER1_202311010000.parquet/part.725.parquet
2025-03-19 18:58:19,750 - INFO - No duplicates found in s3://thesis--ec331-s3/FCAS_RAISE1SEC-Volume-Bids/PUBLIC_DVD_BIDPEROFFER1_202311010000.parquet/part.725.parquet
2025-03-19 18:58:19,751 - WARNING - Empty DataFrame will be written.
2025-03-19 18:58:19,798 - INFO - Wrote original 0 rows to s3://thesis--ec331-s3/de-duped-volume-bids/PUBLIC_DVD_BIDPEROFFER1_202311010000.parquet/part.722.parquet
2025-03-19 18:58:19,898 - INFO - Processing: s3://thesis--ec331-s3/FCAS_RAISE1SEC-Volume-Bids/PUBLIC_DVD_BIDPEROFFER1_202311010000.parquet/part.726.parquet
2025-03-19 18:58:19,900 - INFO - Target: s3://thesis--ec331-s3/de-duped-volume-bids/PUBLIC_DVD_BIDPEROFFER1_202311010000.parquet/part.726.parquet
2025-03-19 18:58:19,965 - INFO - Wrote original 0 rows to s3://thesis--ec331-s3/de-duped-volume-bids/PUBLIC_DVD_BIDPEROFFER1_202311010000.parquet/part.723.parquet
2025-03-19 18:58:20,062 - INFO - Processing: s3://thesis--ec331-s3/FCAS_RAISE1SEC-Volume-Bids/PUBLIC_DVD_BIDPEROFFER1_202311010000.parquet/part.727.parquet
2025-03-19 18:58:20,064 - INFO - Target: s3://thesis--ec331-s3/de-duped-volume-bids/PUBLIC_DVD_BIDPEROFFER1_202311010000.parquet/part.727.parquet
2025-03-19 18:58:20,131 - INFO - Wrote original 0 rows to s3://thesis--ec331-s3/de-duped-volume-bids/PUBLIC_DVD_BIDPEROFFER1_202311010000.parquet/part.725.parquet
2025-03-19 18:58:20,138 - INFO - Wrote original 0 rows to s3://thesis--ec331-s3/de-duped-volume-bids/PUBLIC_DVD_BIDPEROFFER1_202311010000.parquet/part.724.parquet
2025-03-19 18:58:20,229 - INFO - Processing: s3://thesis--ec331-s3/FCAS_RAISE1SEC-Volume-Bids/PUBLIC_DVD_BIDPEROFFER1_202311010000.parquet/part.728.parquet
2025-03-19 18:58:20,319 - INFO - Processing: s3://thesis--ec331-s3/FCAS_RAISE1SEC-Volume-Bids/PUBLIC_DVD_BIDPEROFFER1_202311010000.parquet/part.729.parquet
2025-03-19 18:58:20,320 - INFO - Target: s3://thesis--ec331-s3/de-duped-volume-bids/PUBLIC_DVD_BIDPEROFFER1_202311010000.parquet/part.728.parquet
2025-03-19 18:58:20,328 - INFO - Target: s3://thesis--ec331-s3/de-duped-volume-bids/PUBLIC_DVD_BIDPEROFFER1_202311010000.parquet/part.729.parquet
2025-03-19 18:58:20,448 - INFO - Read 0 rows from s3://thesis--ec331-s3/FCAS_RAISE1SEC-Volume-Bids/PUBLIC_DVD_BIDPEROFFER1_202311010000.parquet/part.726.parquet
2025-03-19 18:58:20,456 - INFO - No duplicates found in s3://thesis--ec331-s3/FCAS_RAISE1SEC-Volume-Bids/PUBLIC_DVD_BIDPEROFFER1_202311010000.parquet/part.726.parquet
2025-03-19 18:58:20,457 - WARNING - Empty DataFrame will be written.
2025-03-19 18:58:20,505 - INFO - Read 0 rows from s3://thesis--ec331-s3/FCAS_RAISE1SEC-Volume-Bids/PUBLIC_DVD_BIDPEROFFER1_202311010000.parquet/part.727.parquet
2025-03-19 18:58:20,508 - INFO - No duplicates found in s3://thesis--ec331-s3/FCAS_RAISE1SEC-Volume-Bids/PUBLIC_DVD_BIDPEROFFER1_202311010000.parquet/part.727.parquet
2025-03-19 18:58:20,509 - WARNING - Empty DataFrame will be written.
2025-03-19 18:58:20,583 - INFO - Read 0 rows from s3://thesis--ec331-s3/FCAS_RAISE1SEC-Volume-Bids/PUBLIC_DVD_BIDPEROFFER1_202311010000.parquet/part.728.parquet
2025-03-19 18:58:20,586 - INFO - No duplicates found in s3://thesis--ec331-s3/FCAS_RAISE1SEC-Volume-Bids/PUBLIC_DVD_BIDPEROFFER1_202311010000.parquet/part.728.parquet
2025-03-19 18:58:20,587 - WARNING - Empty DataFrame will be written.
2025-03-19 18:58:20,617 - INFO - Read 0 rows from s3://thesis--ec331-s3/FCAS_RAISE1SEC-Volume-Bids/PUBLIC_DVD_BIDPEROFFER1_202311010000.parquet/part.729.parquet
2025-03-19 18:58:20,627 - INFO - No duplicates found in s3://thesis--ec331-s3/FCAS_RAISE1SEC-Volume-Bids/PUBLIC_DVD_BIDPEROFFER1_202311010000.parquet/part.729.parquet
2025-03-19 18:58:20,629 - WARNING - Empty DataFrame will be written.
2025-03-19 18:58:20,678 - INFO - Wrote original 0 rows to s3://thesis--ec331-s3/de-duped-volume-bids/PUBLIC_DVD_BIDPEROFFER1_202311010000.parquet/part.726.parquet
2025-03-19 18:58:20,768 - INFO - Processing: s3://thesis--ec331-s3/FCAS_RAISE1SEC-Volume-Bids/PUBLIC_DVD_BIDPEROFFER1_202311010000.parquet/part.73.parquet
2025-03-19 18:58:20,770 - INFO - Target: s3://thesis--ec331-s3/de-duped-volume-bids/PUBLIC_DVD_BIDPEROFFER1_202311010000.parquet/part.73.parquet
2025-03-19 18:58:20,832 - INFO - Wrote original 0 rows to s3://thesis--ec331-s3/de-duped-volume-bids/PUBLIC_DVD_BIDPEROFFER1_202311010000.parquet/part.727.parquet
2025-03-19 18:58:20,920 - INFO - Processing: s3://thesis--ec331-s3/FCAS_RAISE1SEC-Volume-Bids/PUBLIC_DVD_BIDPEROFFER1_202311010000.parquet/part.730.parquet
2025-03-19 18:58:20,922 - INFO - Target: s3://thesis--ec331-s3/de-duped-volume-bids/PUBLIC_DVD_BIDPEROFFER1_202311010000.parquet/part.730.parquet
2025-03-19 18:58:20,966 - INFO - Wrote original 0 rows to s3://thesis--ec331-s3/de-duped-volume-bids/PUBLIC_DVD_BIDPEROFFER1_202311010000.parquet/part.728.parquet
2025-03-19 18:58:21,058 - INFO - Processing: s3://thesis--ec331-s3/FCAS_RAISE1SEC-Volume-Bids/PUBLIC_DVD_BIDPEROFFER1_202311010000.parquet/part.731.parquet
2025-03-19 18:58:21,060 - INFO - Target: s3://thesis--ec331-s3/de-duped-volume-bids/PUBLIC_DVD_BIDPEROFFER1_202311010000.parquet/part.731.parquet
2025-03-19 18:58:21,092 - INFO - Wrote original 0 rows to s3://thesis--ec331-s3/de-duped-volume-bids/PUBLIC_DVD_BIDPEROFFER1_202311010000.parquet/part.729.parquet
2025-03-19 18:58:21,181 - INFO - Processing: s3://thesis--ec331-s3/FCAS_RAISE1SEC-Volume-Bids/PUBLIC_DVD_BIDPEROFFER1_202311010000.parquet/part.732.parquet
2025-03-19 18:58:21,187 - INFO - Target: s3://thesis--ec331-s3/de-duped-volume-bids/PUBLIC_DVD_BIDPEROFFER1_202311010000.parquet/part.732.parquet
2025-03-19 18:58:21,225 - INFO - Read 0 rows from s3://thesis--ec331-s3/FCAS_RAISE1SEC-Volume-Bids/PUBLIC_DVD_BIDPEROFFER1_202311010000.parquet/part.73.parquet
2025-03-19 18:58:21,228 - INFO - No duplicates found in s3://thesis--ec331-s3/FCAS_RAISE1SEC-Volume-Bids/PUBLIC_DVD_BIDPEROFFER1_202311010000.parquet/part.73.parquet
2025-03-19 18:58:21,229 - WARNING - Empty DataFrame will be written.
2025-03-19 18:58:21,307 - INFO - Read 0 rows from s3://thesis--ec331-s3/FCAS_RAISE1SEC-Volume-Bids/PUBLIC_DVD_BIDPEROFFER1_202311010000.parquet/part.730.parquet
2025-03-19 18:58:21,315 - INFO - No duplicates found in s3://thesis--ec331-s3/FCAS_RAISE1SEC-Volume-Bids/PUBLIC_DVD_BIDPEROFFER1_202311010000.parquet/part.730.parquet
2025-03-19 18:58:21,316 - WARNING - Empty DataFrame will be written.
2025-03-19 18:58:21,359 - INFO - Read 0 rows from s3://thesis--ec331-s3/FCAS_RAISE1SEC-Volume-Bids/PUBLIC_DVD_BIDPEROFFER1_202311010000.parquet/part.731.parquet
2025-03-19 18:58:21,368 - INFO - No duplicates found in s3://thesis--ec331-s3/FCAS_RAISE1SEC-Volume-Bids/PUBLIC_DVD_BIDPEROFFER1_202311010000.parquet/part.731.parquet
2025-03-19 18:58:21,369 - WARNING - Empty DataFrame will be written.
2025-03-19 18:58:21,416 - INFO - Read 0 rows from s3://thesis--ec331-s3/FCAS_RAISE1SEC-Volume-Bids/PUBLIC_DVD_BIDPEROFFER1_202311010000.parquet/part.732.parquet
2025-03-19 18:58:21,419 - INFO - No duplicates found in s3://thesis--ec331-s3/FCAS_RAISE1SEC-Volume-Bids/PUBLIC_DVD_BIDPEROFFER1_202311010000.parquet/part.732.parquet
2025-03-19 18:58:21,422 - WARNING - Empty DataFrame will be written.
2025-03-19 18:58:21,485 - INFO - Wrote original 0 rows to s3://thesis--ec331-s3/de-duped-volume-bids/PUBLIC_DVD_BIDPEROFFER1_202311010000.parquet/part.73.parquet
2025-03-19 18:58:21,582 - INFO - Processing: s3://thesis--ec331-s3/FCAS_RAISE1SEC-Volume-Bids/PUBLIC_DVD_BIDPEROFFER1_202311010000.parquet/part.733.parquet
2025-03-19 18:58:21,584 - INFO - Target: s3://thesis--ec331-s3/de-duped-volume-bids/PUBLIC_DVD_BIDPEROFFER1_202311010000.parquet/part.733.parquet
2025-03-19 18:58:21,631 - INFO - Wrote original 0 rows to s3://thesis--ec331-s3/de-duped-volume-bids/PUBLIC_DVD_BIDPEROFFER1_202311010000.parquet/part.731.parquet
2025-03-19 18:58:21,729 - INFO - Processing: s3://thesis--ec331-s3/FCAS_RAISE1SEC-Volume-Bids/PUBLIC_DVD_BIDPEROFFER1_202311010000.parquet/part.734.parquet
2025-03-19 18:58:21,730 - INFO - Target: s3://thesis--ec331-s3/de-duped-volume-bids/PUBLIC_DVD_BIDPEROFFER1_202311010000.parquet/part.734.parquet
2025-03-19 18:58:21,737 - INFO - Wrote original 0 rows to s3://thesis--ec331-s3/de-duped-volume-bids/PUBLIC_DVD_BIDPEROFFER1_202311010000.parquet/part.730.parquet
2025-03-19 18:58:21,833 - INFO - Processing: s3://thesis--ec331-s3/FCAS_RAISE1SEC-Volume-Bids/PUBLIC_DVD_BIDPEROFFER1_202311010000.parquet/part.735.parquet
2025-03-19 18:58:21,842 - INFO - Target: s3://thesis--ec331-s3/de-duped-volume-bids/PUBLIC_DVD_BIDPEROFFER1_202311010000.parquet/part.735.parquet
2025-03-19 18:58:21,861 - INFO - Wrote original 0 rows to s3://thesis--ec331-s3/de-duped-volume-bids/PUBLIC_DVD_BIDPEROFFER1_202311010000.parquet/part.732.parquet
2025-03-19 18:58:21,950 - INFO - Processing: s3://thesis--ec331-s3/FCAS_RAISE1SEC-Volume-Bids/PUBLIC_DVD_BIDPEROFFER1_202311010000.parquet/part.736.parquet
2025-03-19 18:58:21,951 - INFO - Target: s3://thesis--ec331-s3/de-duped-volume-bids/PUBLIC_DVD_BIDPEROFFER1_202311010000.parquet/part.736.parquet
2025-03-19 18:58:22,063 - INFO - Read 0 rows from s3://thesis--ec331-s3/FCAS_RAISE1SEC-Volume-Bids/PUBLIC_DVD_BIDPEROFFER1_202311010000.parquet/part.733.parquet
2025-03-19 18:58:22,066 - INFO - No duplicates found in s3://thesis--ec331-s3/FCAS_RAISE1SEC-Volume-Bids/PUBLIC_DVD_BIDPEROFFER1_202311010000.parquet/part.733.parquet
2025-03-19 18:58:22,067 - WARNING - Empty DataFrame will be written.
2025-03-19 18:58:22,147 - INFO - Read 0 rows from s3://thesis--ec331-s3/FCAS_RAISE1SEC-Volume-Bids/PUBLIC_DVD_BIDPEROFFER1_202311010000.parquet/part.735.parquet
2025-03-19 18:58:22,152 - INFO - No duplicates found in s3://thesis--ec331-s3/FCAS_RAISE1SEC-Volume-Bids/PUBLIC_DVD_BIDPEROFFER1_202311010000.parquet/part.735.parquet
2025-03-19 18:58:22,158 - WARNING - Empty DataFrame will be written.
2025-03-19 18:58:22,196 - INFO - Read 0 rows from s3://thesis--ec331-s3/FCAS_RAISE1SEC-Volume-Bids/PUBLIC_DVD_BIDPEROFFER1_202311010000.parquet/part.734.parquet
2025-03-19 18:58:22,200 - INFO - No duplicates found in s3://thesis--ec331-s3/FCAS_RAISE1SEC-Volume-Bids/PUBLIC_DVD_BIDPEROFFER1_202311010000.parquet/part.734.parquet
2025-03-19 18:58:22,202 - WARNING - Empty DataFrame will be written.
2025-03-19 18:58:22,219 - INFO - Read 0 rows from s3://thesis--ec331-s3/FCAS_RAISE1SEC-Volume-Bids/PUBLIC_DVD_BIDPEROFFER1_202311010000.parquet/part.736.parquet
2025-03-19 18:58:22,227 - INFO - No duplicates found in s3://thesis--ec331-s3/FCAS_RAISE1SEC-Volume-Bids/PUBLIC_DVD_BIDPEROFFER1_202311010000.parquet/part.736.parquet
2025-03-19 18:58:22,228 - WARNING - Empty DataFrame will be written.
2025-03-19 18:58:22,294 - INFO - Wrote original 0 rows to s3://thesis--ec331-s3/de-duped-volume-bids/PUBLIC_DVD_BIDPEROFFER1_202311010000.parquet/part.733.parquet
2025-03-19 18:58:22,389 - INFO - Processing: s3://thesis--ec331-s3/FCAS_RAISE1SEC-Volume-Bids/PUBLIC_DVD_BIDPEROFFER1_202311010000.parquet/part.737.parquet
2025-03-19 18:58:22,392 - INFO - Target: s3://thesis--ec331-s3/de-duped-volume-bids/PUBLIC_DVD_BIDPEROFFER1_202311010000.parquet/part.737.parquet
2025-03-19 18:58:22,561 - INFO - Wrote original 0 rows to s3://thesis--ec331-s3/de-duped-volume-bids/PUBLIC_DVD_BIDPEROFFER1_202311010000.parquet/part.735.parquet
2025-03-19 18:58:22,565 - INFO - Wrote original 0 rows to s3://thesis--ec331-s3/de-duped-volume-bids/PUBLIC_DVD_BIDPEROFFER1_202311010000.parquet/part.736.parquet
2025-03-19 18:58:22,654 - INFO - Processing: s3://thesis--ec331-s3/FCAS_RAISE1SEC-Volume-Bids/PUBLIC_DVD_BIDPEROFFER1_202311010000.parquet/part.738.parquet
2025-03-19 18:58:22,738 - INFO - Processing: s3://thesis--ec331-s3/FCAS_RAISE1SEC-Volume-Bids/PUBLIC_DVD_BIDPEROFFER1_202311010000.parquet/part.739.parquet
2025-03-19 18:58:22,745 - INFO - Wrote original 0 rows to s3://thesis--ec331-s3/de-duped-volume-bids/PUBLIC_DVD_BIDPEROFFER1_202311010000.parquet/part.734.parquet
2025-03-19 18:58:22,746 - INFO - Target: s3://thesis--ec331-s3/de-duped-volume-bids/PUBLIC_DVD_BIDPEROFFER1_202311010000.parquet/part.738.parquet
2025-03-19 18:58:22,747 - INFO - Target: s3://thesis--ec331-s3/de-duped-volume-bids/PUBLIC_DVD_BIDPEROFFER1_202311010000.parquet/part.739.parquet
2025-03-19 18:58:22,835 - INFO - Processing: s3://thesis--ec331-s3/FCAS_RAISE1SEC-Volume-Bids/PUBLIC_DVD_BIDPEROFFER1_202311010000.parquet/part.74.parquet
2025-03-19 18:58:22,860 - INFO - Target: s3://thesis--ec331-s3/de-duped-volume-bids/PUBLIC_DVD_BIDPEROFFER1_202311010000.parquet/part.74.parquet
2025-03-19 18:58:22,884 - INFO - Read 0 rows from s3://thesis--ec331-s3/FCAS_RAISE1SEC-Volume-Bids/PUBLIC_DVD_BIDPEROFFER1_202311010000.parquet/part.737.parquet
2025-03-19 18:58:22,887 - INFO - No duplicates found in s3://thesis--ec331-s3/FCAS_RAISE1SEC-Volume-Bids/PUBLIC_DVD_BIDPEROFFER1_202311010000.parquet/part.737.parquet
2025-03-19 18:58:22,887 - WARNING - Empty DataFrame will be written.
2025-03-19 18:58:23,111 - INFO - Read 0 rows from s3://thesis--ec331-s3/FCAS_RAISE1SEC-Volume-Bids/PUBLIC_DVD_BIDPEROFFER1_202311010000.parquet/part.738.parquet
2025-03-19 18:58:23,115 - INFO - Wrote original 0 rows to s3://thesis--ec331-s3/de-duped-volume-bids/PUBLIC_DVD_BIDPEROFFER1_202311010000.parquet/part.737.parquet
2025-03-19 18:58:23,119 - INFO - No duplicates found in s3://thesis--ec331-s3/FCAS_RAISE1SEC-Volume-Bids/PUBLIC_DVD_BIDPEROFFER1_202311010000.parquet/part.738.parquet
2025-03-19 18:58:23,208 - INFO - Processing: s3://thesis--ec331-s3/FCAS_RAISE1SEC-Volume-Bids/PUBLIC_DVD_BIDPEROFFER1_202311010000.parquet/part.740.parquet
2025-03-19 18:58:23,210 - WARNING - Empty DataFrame will be written.
2025-03-19 18:58:23,213 - INFO - Target: s3://thesis--ec331-s3/de-duped-volume-bids/PUBLIC_DVD_BIDPEROFFER1_202311010000.parquet/part.740.parquet
2025-03-19 18:58:23,249 - INFO - Read 0 rows from s3://thesis--ec331-s3/FCAS_RAISE1SEC-Volume-Bids/PUBLIC_DVD_BIDPEROFFER1_202311010000.parquet/part.739.parquet
2025-03-19 18:58:23,253 - INFO - No duplicates found in s3://thesis--ec331-s3/FCAS_RAISE1SEC-Volume-Bids/PUBLIC_DVD_BIDPEROFFER1_202311010000.parquet/part.739.parquet
2025-03-19 18:58:23,254 - WARNING - Empty DataFrame will be written.
2025-03-19 18:58:23,279 - INFO - Read 0 rows from s3://thesis--ec331-s3/FCAS_RAISE1SEC-Volume-Bids/PUBLIC_DVD_BIDPEROFFER1_202311010000.parquet/part.74.parquet
2025-03-19 18:58:23,284 - INFO - No duplicates found in s3://thesis--ec331-s3/FCAS_RAISE1SEC-Volume-Bids/PUBLIC_DVD_BIDPEROFFER1_202311010000.parquet/part.74.parquet
2025-03-19 18:58:23,286 - WARNING - Empty DataFrame will be written.
2025-03-19 18:58:23,518 - INFO - Read 0 rows from s3://thesis--ec331-s3/FCAS_RAISE1SEC-Volume-Bids/PUBLIC_DVD_BIDPEROFFER1_202311010000.parquet/part.740.parquet
2025-03-19 18:58:23,523 - INFO - No duplicates found in s3://thesis--ec331-s3/FCAS_RAISE1SEC-Volume-Bids/PUBLIC_DVD_BIDPEROFFER1_202311010000.parquet/part.740.parquet
2025-03-19 18:58:23,525 - WARNING - Empty DataFrame will be written.
2025-03-19 18:58:23,558 - INFO - Wrote original 0 rows to s3://thesis--ec331-s3/de-duped-volume-bids/PUBLIC_DVD_BIDPEROFFER1_202311010000.parquet/part.739.parquet
2025-03-19 18:58:23,562 - INFO - Wrote original 0 rows to s3://thesis--ec331-s3/de-duped-volume-bids/PUBLIC_DVD_BIDPEROFFER1_202311010000.parquet/part.74.parquet
2025-03-19 18:58:23,565 - INFO - Wrote original 0 rows to s3://thesis--ec331-s3/de-duped-volume-bids/PUBLIC_DVD_BIDPEROFFER1_202311010000.parquet/part.738.parquet
2025-03-19 18:58:23,659 - INFO - Processing: s3://thesis--ec331-s3/FCAS_RAISE1SEC-Volume-Bids/PUBLIC_DVD_BIDPEROFFER1_202311010000.parquet/part.741.parquet
2025-03-19 18:58:23,746 - INFO - Processing: s3://thesis--ec331-s3/FCAS_RAISE1SEC-Volume-Bids/PUBLIC_DVD_BIDPEROFFER1_202311010000.parquet/part.742.parquet
2025-03-19 18:58:23,829 - INFO - Processing: s3://thesis--ec331-s3/FCAS_RAISE1SEC-Volume-Bids/PUBLIC_DVD_BIDPEROFFER1_202311010000.parquet/part.743.parquet
2025-03-19 18:58:23,831 - INFO - Target: s3://thesis--ec331-s3/de-duped-volume-bids/PUBLIC_DVD_BIDPEROFFER1_202311010000.parquet/part.741.parquet
2025-03-19 18:58:23,832 - INFO - Target: s3://thesis--ec331-s3/de-duped-volume-bids/PUBLIC_DVD_BIDPEROFFER1_202311010000.parquet/part.742.parquet
2025-03-19 18:58:23,838 - INFO - Target: s3://thesis--ec331-s3/de-duped-volume-bids/PUBLIC_DVD_BIDPEROFFER1_202311010000.parquet/part.743.parquet
2025-03-19 18:58:23,969 - INFO - Wrote original 0 rows to s3://thesis--ec331-s3/de-duped-volume-bids/PUBLIC_DVD_BIDPEROFFER1_202311010000.parquet/part.740.parquet
2025-03-19 18:58:24,061 - INFO - Processing: s3://thesis--ec331-s3/FCAS_RAISE1SEC-Volume-Bids/PUBLIC_DVD_BIDPEROFFER1_202311010000.parquet/part.744.parquet
2025-03-19 18:58:24,062 - INFO - Target: s3://thesis--ec331-s3/de-duped-volume-bids/PUBLIC_DVD_BIDPEROFFER1_202311010000.parquet/part.744.parquet
2025-03-19 18:58:24,161 - INFO - Read 0 rows from s3://thesis--ec331-s3/FCAS_RAISE1SEC-Volume-Bids/PUBLIC_DVD_BIDPEROFFER1_202311010000.parquet/part.743.parquet
2025-03-19 18:58:24,166 - INFO - No duplicates found in s3://thesis--ec331-s3/FCAS_RAISE1SEC-Volume-Bids/PUBLIC_DVD_BIDPEROFFER1_202311010000.parquet/part.743.parquet
2025-03-19 18:58:24,167 - WARNING - Empty DataFrame will be written.
2025-03-19 18:58:24,197 - INFO - Read 0 rows from s3://thesis--ec331-s3/FCAS_RAISE1SEC-Volume-Bids/PUBLIC_DVD_BIDPEROFFER1_202311010000.parquet/part.742.parquet
2025-03-19 18:58:24,201 - INFO - No duplicates found in s3://thesis--ec331-s3/FCAS_RAISE1SEC-Volume-Bids/PUBLIC_DVD_BIDPEROFFER1_202311010000.parquet/part.742.parquet
2025-03-19 18:58:24,205 - WARNING - Empty DataFrame will be written.
2025-03-19 18:58:24,227 - INFO - Read 0 rows from s3://thesis--ec331-s3/FCAS_RAISE1SEC-Volume-Bids/PUBLIC_DVD_BIDPEROFFER1_202311010000.parquet/part.741.parquet
2025-03-19 18:58:24,230 - INFO - No duplicates found in s3://thesis--ec331-s3/FCAS_RAISE1SEC-Volume-Bids/PUBLIC_DVD_BIDPEROFFER1_202311010000.parquet/part.741.parquet
2025-03-19 18:58:24,231 - WARNING - Empty DataFrame will be written.
2025-03-19 18:58:24,324 - INFO - Read 0 rows from s3://thesis--ec331-s3/FCAS_RAISE1SEC-Volume-Bids/PUBLIC_DVD_BIDPEROFFER1_202311010000.parquet/part.744.parquet
2025-03-19 18:58:24,327 - INFO - No duplicates found in s3://thesis--ec331-s3/FCAS_RAISE1SEC-Volume-Bids/PUBLIC_DVD_BIDPEROFFER1_202311010000.parquet/part.744.parquet
2025-03-19 18:58:24,329 - WARNING - Empty DataFrame will be written.
2025-03-19 18:58:24,501 - INFO - Wrote original 0 rows to s3://thesis--ec331-s3/de-duped-volume-bids/PUBLIC_DVD_BIDPEROFFER1_202311010000.parquet/part.743.parquet
2025-03-19 18:58:24,594 - INFO - Processing: s3://thesis--ec331-s3/FCAS_RAISE1SEC-Volume-Bids/PUBLIC_DVD_BIDPEROFFER1_202311010000.parquet/part.745.parquet
2025-03-19 18:58:24,598 - INFO - Wrote original 0 rows to s3://thesis--ec331-s3/de-duped-volume-bids/PUBLIC_DVD_BIDPEROFFER1_202311010000.parquet/part.742.parquet
2025-03-19 18:58:24,600 - INFO - Wrote original 0 rows to s3://thesis--ec331-s3/de-duped-volume-bids/PUBLIC_DVD_BIDPEROFFER1_202311010000.parquet/part.741.parquet
2025-03-19 18:58:24,601 - INFO - Target: s3://thesis--ec331-s3/de-duped-volume-bids/PUBLIC_DVD_BIDPEROFFER1_202311010000.parquet/part.745.parquet
2025-03-19 18:58:24,688 - INFO - Processing: s3://thesis--ec331-s3/FCAS_RAISE1SEC-Volume-Bids/PUBLIC_DVD_BIDPEROFFER1_202311010000.parquet/part.746.parquet
2025-03-19 18:58:24,776 - INFO - Processing: s3://thesis--ec331-s3/FCAS_RAISE1SEC-Volume-Bids/PUBLIC_DVD_BIDPEROFFER1_202311010000.parquet/part.747.parquet
2025-03-19 18:58:24,789 - INFO - Target: s3://thesis--ec331-s3/de-duped-volume-bids/PUBLIC_DVD_BIDPEROFFER1_202311010000.parquet/part.746.parquet
2025-03-19 18:58:24,790 - INFO - Target: s3://thesis--ec331-s3/de-duped-volume-bids/PUBLIC_DVD_BIDPEROFFER1_202311010000.parquet/part.747.parquet
2025-03-19 18:58:24,822 - INFO - Wrote original 0 rows to s3://thesis--ec331-s3/de-duped-volume-bids/PUBLIC_DVD_BIDPEROFFER1_202311010000.parquet/part.744.parquet
2025-03-19 18:58:24,914 - INFO - Processing: s3://thesis--ec331-s3/FCAS_RAISE1SEC-Volume-Bids/PUBLIC_DVD_BIDPEROFFER1_202311010000.parquet/part.748.parquet
2025-03-19 18:58:24,916 - INFO - Target: s3://thesis--ec331-s3/de-duped-volume-bids/PUBLIC_DVD_BIDPEROFFER1_202311010000.parquet/part.748.parquet
2025-03-19 18:58:25,113 - INFO - Read 0 rows from s3://thesis--ec331-s3/FCAS_RAISE1SEC-Volume-Bids/PUBLIC_DVD_BIDPEROFFER1_202311010000.parquet/part.747.parquet
2025-03-19 18:58:25,117 - INFO - No duplicates found in s3://thesis--ec331-s3/FCAS_RAISE1SEC-Volume-Bids/PUBLIC_DVD_BIDPEROFFER1_202311010000.parquet/part.747.parquet
2025-03-19 18:58:25,120 - WARNING - Empty DataFrame will be written.
2025-03-19 18:58:25,165 - INFO - Read 0 rows from s3://thesis--ec331-s3/FCAS_RAISE1SEC-Volume-Bids/PUBLIC_DVD_BIDPEROFFER1_202311010000.parquet/part.745.parquet
2025-03-19 18:58:25,167 - INFO - Read 0 rows from s3://thesis--ec331-s3/FCAS_RAISE1SEC-Volume-Bids/PUBLIC_DVD_BIDPEROFFER1_202311010000.parquet/part.746.parquet
2025-03-19 18:58:25,170 - INFO - No duplicates found in s3://thesis--ec331-s3/FCAS_RAISE1SEC-Volume-Bids/PUBLIC_DVD_BIDPEROFFER1_202311010000.parquet/part.745.parquet
2025-03-19 18:58:25,172 - INFO - No duplicates found in s3://thesis--ec331-s3/FCAS_RAISE1SEC-Volume-Bids/PUBLIC_DVD_BIDPEROFFER1_202311010000.parquet/part.746.parquet
2025-03-19 18:58:25,173 - WARNING - Empty DataFrame will be written.
2025-03-19 18:58:25,174 - WARNING - Empty DataFrame will be written.
2025-03-19 18:58:25,225 - INFO - Read 0 rows from s3://thesis--ec331-s3/FCAS_RAISE1SEC-Volume-Bids/PUBLIC_DVD_BIDPEROFFER1_202311010000.parquet/part.748.parquet
2025-03-19 18:58:25,228 - INFO - No duplicates found in s3://thesis--ec331-s3/FCAS_RAISE1SEC-Volume-Bids/PUBLIC_DVD_BIDPEROFFER1_202311010000.parquet/part.748.parquet
2025-03-19 18:58:25,230 - WARNING - Empty DataFrame will be written.
2025-03-19 18:58:25,437 - INFO - Wrote original 0 rows to s3://thesis--ec331-s3/de-duped-volume-bids/PUBLIC_DVD_BIDPEROFFER1_202311010000.parquet/part.747.parquet
2025-03-19 18:58:25,533 - INFO - Processing: s3://thesis--ec331-s3/FCAS_RAISE1SEC-Volume-Bids/PUBLIC_DVD_BIDPEROFFER1_202311010000.parquet/part.749.parquet
2025-03-19 18:58:25,536 - INFO - Target: s3://thesis--ec331-s3/de-duped-volume-bids/PUBLIC_DVD_BIDPEROFFER1_202311010000.parquet/part.749.parquet
2025-03-19 18:58:25,558 - INFO - Wrote original 0 rows to s3://thesis--ec331-s3/de-duped-volume-bids/PUBLIC_DVD_BIDPEROFFER1_202311010000.parquet/part.745.parquet
2025-03-19 18:58:25,656 - INFO - Processing: s3://thesis--ec331-s3/FCAS_RAISE1SEC-Volume-Bids/PUBLIC_DVD_BIDPEROFFER1_202311010000.parquet/part.75.parquet
2025-03-19 18:58:25,659 - INFO - Wrote original 0 rows to s3://thesis--ec331-s3/de-duped-volume-bids/PUBLIC_DVD_BIDPEROFFER1_202311010000.parquet/part.746.parquet
2025-03-19 18:58:25,664 - INFO - Wrote original 0 rows to s3://thesis--ec331-s3/de-duped-volume-bids/PUBLIC_DVD_BIDPEROFFER1_202311010000.parquet/part.748.parquet
2025-03-19 18:58:25,664 - INFO - Target: s3://thesis--ec331-s3/de-duped-volume-bids/PUBLIC_DVD_BIDPEROFFER1_202311010000.parquet/part.75.parquet
2025-03-19 18:58:25,757 - INFO - Processing: s3://thesis--ec331-s3/FCAS_RAISE1SEC-Volume-Bids/PUBLIC_DVD_BIDPEROFFER1_202311010000.parquet/part.750.parquet
2025-03-19 18:58:25,846 - INFO - Processing: s3://thesis--ec331-s3/FCAS_RAISE1SEC-Volume-Bids/PUBLIC_DVD_BIDPEROFFER1_202311010000.parquet/part.751.parquet
2025-03-19 18:58:25,862 - INFO - Target: s3://thesis--ec331-s3/de-duped-volume-bids/PUBLIC_DVD_BIDPEROFFER1_202311010000.parquet/part.750.parquet
2025-03-19 18:58:25,865 - INFO - Target: s3://thesis--ec331-s3/de-duped-volume-bids/PUBLIC_DVD_BIDPEROFFER1_202311010000.parquet/part.751.parquet
2025-03-19 18:58:26,041 - INFO - Read 0 rows from s3://thesis--ec331-s3/FCAS_RAISE1SEC-Volume-Bids/PUBLIC_DVD_BIDPEROFFER1_202311010000.parquet/part.749.parquet
2025-03-19 18:58:26,044 - INFO - No duplicates found in s3://thesis--ec331-s3/FCAS_RAISE1SEC-Volume-Bids/PUBLIC_DVD_BIDPEROFFER1_202311010000.parquet/part.749.parquet
2025-03-19 18:58:26,045 - WARNING - Empty DataFrame will be written.
2025-03-19 18:58:26,116 - INFO - Read 0 rows from s3://thesis--ec331-s3/FCAS_RAISE1SEC-Volume-Bids/PUBLIC_DVD_BIDPEROFFER1_202311010000.parquet/part.75.parquet
2025-03-19 18:58:26,123 - INFO - No duplicates found in s3://thesis--ec331-s3/FCAS_RAISE1SEC-Volume-Bids/PUBLIC_DVD_BIDPEROFFER1_202311010000.parquet/part.75.parquet
2025-03-19 18:58:26,125 - WARNING - Empty DataFrame will be written.
2025-03-19 18:58:26,159 - INFO - Read 0 rows from s3://thesis--ec331-s3/FCAS_RAISE1SEC-Volume-Bids/PUBLIC_DVD_BIDPEROFFER1_202311010000.parquet/part.751.parquet
2025-03-19 18:58:26,165 - INFO - No duplicates found in s3://thesis--ec331-s3/FCAS_RAISE1SEC-Volume-Bids/PUBLIC_DVD_BIDPEROFFER1_202311010000.parquet/part.751.parquet
2025-03-19 18:58:26,166 - WARNING - Empty DataFrame will be written.
2025-03-19 18:58:26,197 - INFO - Read 0 rows from s3://thesis--ec331-s3/FCAS_RAISE1SEC-Volume-Bids/PUBLIC_DVD_BIDPEROFFER1_202311010000.parquet/part.750.parquet
2025-03-19 18:58:26,200 - INFO - No duplicates found in s3://thesis--ec331-s3/FCAS_RAISE1SEC-Volume-Bids/PUBLIC_DVD_BIDPEROFFER1_202311010000.parquet/part.750.parquet
2025-03-19 18:58:26,202 - WARNING - Empty DataFrame will be written.
2025-03-19 18:58:26,278 - INFO - Wrote original 0 rows to s3://thesis--ec331-s3/de-duped-volume-bids/PUBLIC_DVD_BIDPEROFFER1_202311010000.parquet/part.749.parquet
2025-03-19 18:58:26,377 - INFO - Processing: s3://thesis--ec331-s3/FCAS_RAISE1SEC-Volume-Bids/PUBLIC_DVD_BIDPEROFFER1_202311010000.parquet/part.752.parquet
2025-03-19 18:58:26,379 - INFO - Target: s3://thesis--ec331-s3/de-duped-volume-bids/PUBLIC_DVD_BIDPEROFFER1_202311010000.parquet/part.752.parquet
2025-03-19 18:58:26,436 - INFO - Wrote original 0 rows to s3://thesis--ec331-s3/de-duped-volume-bids/PUBLIC_DVD_BIDPEROFFER1_202311010000.parquet/part.75.parquet
2025-03-19 18:58:26,535 - INFO - Processing: s3://thesis--ec331-s3/FCAS_RAISE1SEC-Volume-Bids/PUBLIC_DVD_BIDPEROFFER1_202311010000.parquet/part.753.parquet
2025-03-19 18:58:26,537 - INFO - Target: s3://thesis--ec331-s3/de-duped-volume-bids/PUBLIC_DVD_BIDPEROFFER1_202311010000.parquet/part.753.parquet
2025-03-19 18:58:26,602 - INFO - Wrote original 0 rows to s3://thesis--ec331-s3/de-duped-volume-bids/PUBLIC_DVD_BIDPEROFFER1_202311010000.parquet/part.750.parquet
2025-03-19 18:58:26,606 - INFO - Wrote original 0 rows to s3://thesis--ec331-s3/de-duped-volume-bids/PUBLIC_DVD_BIDPEROFFER1_202311010000.parquet/part.751.parquet
2025-03-19 18:58:26,699 - INFO - Processing: s3://thesis--ec331-s3/FCAS_RAISE1SEC-Volume-Bids/PUBLIC_DVD_BIDPEROFFER1_202311010000.parquet/part.754.parquet
2025-03-19 18:58:26,790 - INFO - Processing: s3://thesis--ec331-s3/FCAS_RAISE1SEC-Volume-Bids/PUBLIC_DVD_BIDPEROFFER1_202311010000.parquet/part.755.parquet
2025-03-19 18:58:26,791 - INFO - Target: s3://thesis--ec331-s3/de-duped-volume-bids/PUBLIC_DVD_BIDPEROFFER1_202311010000.parquet/part.754.parquet
2025-03-19 18:58:26,792 - INFO - Target: s3://thesis--ec331-s3/de-duped-volume-bids/PUBLIC_DVD_BIDPEROFFER1_202311010000.parquet/part.755.parquet
2025-03-19 18:58:26,901 - INFO - Read 0 rows from s3://thesis--ec331-s3/FCAS_RAISE1SEC-Volume-Bids/PUBLIC_DVD_BIDPEROFFER1_202311010000.parquet/part.752.parquet
2025-03-19 18:58:26,905 - INFO - No duplicates found in s3://thesis--ec331-s3/FCAS_RAISE1SEC-Volume-Bids/PUBLIC_DVD_BIDPEROFFER1_202311010000.parquet/part.752.parquet
2025-03-19 18:58:26,916 - WARNING - Empty DataFrame will be written.
2025-03-19 18:58:27,014 - INFO - Read 0 rows from s3://thesis--ec331-s3/FCAS_RAISE1SEC-Volume-Bids/PUBLIC_DVD_BIDPEROFFER1_202311010000.parquet/part.753.parquet
2025-03-19 18:58:27,017 - INFO - No duplicates found in s3://thesis--ec331-s3/FCAS_RAISE1SEC-Volume-Bids/PUBLIC_DVD_BIDPEROFFER1_202311010000.parquet/part.753.parquet
2025-03-19 18:58:27,019 - WARNING - Empty DataFrame will be written.
2025-03-19 18:58:27,093 - INFO - Read 0 rows from s3://thesis--ec331-s3/FCAS_RAISE1SEC-Volume-Bids/PUBLIC_DVD_BIDPEROFFER1_202311010000.parquet/part.755.parquet
2025-03-19 18:58:27,098 - INFO - No duplicates found in s3://thesis--ec331-s3/FCAS_RAISE1SEC-Volume-Bids/PUBLIC_DVD_BIDPEROFFER1_202311010000.parquet/part.755.parquet
2025-03-19 18:58:27,099 - WARNING - Empty DataFrame will be written.
2025-03-19 18:58:27,127 - INFO - Read 0 rows from s3://thesis--ec331-s3/FCAS_RAISE1SEC-Volume-Bids/PUBLIC_DVD_BIDPEROFFER1_202311010000.parquet/part.754.parquet
2025-03-19 18:58:27,130 - INFO - No duplicates found in s3://thesis--ec331-s3/FCAS_RAISE1SEC-Volume-Bids/PUBLIC_DVD_BIDPEROFFER1_202311010000.parquet/part.754.parquet
2025-03-19 18:58:27,132 - WARNING - Empty DataFrame will be written.
2025-03-19 18:58:27,177 - INFO - Wrote original 0 rows to s3://thesis--ec331-s3/de-duped-volume-bids/PUBLIC_DVD_BIDPEROFFER1_202311010000.parquet/part.752.parquet
2025-03-19 18:58:27,275 - INFO - Processing: s3://thesis--ec331-s3/FCAS_RAISE1SEC-Volume-Bids/PUBLIC_DVD_BIDPEROFFER1_202311010000.parquet/part.756.parquet
2025-03-19 18:58:27,277 - INFO - Target: s3://thesis--ec331-s3/de-duped-volume-bids/PUBLIC_DVD_BIDPEROFFER1_202311010000.parquet/part.756.parquet
2025-03-19 18:58:27,364 - INFO - Wrote original 0 rows to s3://thesis--ec331-s3/de-duped-volume-bids/PUBLIC_DVD_BIDPEROFFER1_202311010000.parquet/part.753.parquet
2025-03-19 18:58:27,453 - INFO - Processing: s3://thesis--ec331-s3/FCAS_RAISE1SEC-Volume-Bids/PUBLIC_DVD_BIDPEROFFER1_202311010000.parquet/part.757.parquet
2025-03-19 18:58:27,459 - INFO - Target: s3://thesis--ec331-s3/de-duped-volume-bids/PUBLIC_DVD_BIDPEROFFER1_202311010000.parquet/part.757.parquet
2025-03-19 18:58:27,512 - INFO - Wrote original 0 rows to s3://thesis--ec331-s3/de-duped-volume-bids/PUBLIC_DVD_BIDPEROFFER1_202311010000.parquet/part.755.parquet
2025-03-19 18:58:27,600 - INFO - Processing: s3://thesis--ec331-s3/FCAS_RAISE1SEC-Volume-Bids/PUBLIC_DVD_BIDPEROFFER1_202311010000.parquet/part.758.parquet
2025-03-19 18:58:27,603 - INFO - Wrote original 0 rows to s3://thesis--ec331-s3/de-duped-volume-bids/PUBLIC_DVD_BIDPEROFFER1_202311010000.parquet/part.754.parquet
2025-03-19 18:58:27,603 - INFO - Target: s3://thesis--ec331-s3/de-duped-volume-bids/PUBLIC_DVD_BIDPEROFFER1_202311010000.parquet/part.758.parquet
2025-03-19 18:58:27,688 - INFO - Processing: s3://thesis--ec331-s3/FCAS_RAISE1SEC-Volume-Bids/PUBLIC_DVD_BIDPEROFFER1_202311010000.parquet/part.759.parquet
2025-03-19 18:58:27,702 - INFO - Target: s3://thesis--ec331-s3/de-duped-volume-bids/PUBLIC_DVD_BIDPEROFFER1_202311010000.parquet/part.759.parquet
2025-03-19 18:58:27,792 - INFO - Read 0 rows from s3://thesis--ec331-s3/FCAS_RAISE1SEC-Volume-Bids/PUBLIC_DVD_BIDPEROFFER1_202311010000.parquet/part.756.parquet
2025-03-19 18:58:27,795 - INFO - No duplicates found in s3://thesis--ec331-s3/FCAS_RAISE1SEC-Volume-Bids/PUBLIC_DVD_BIDPEROFFER1_202311010000.parquet/part.756.parquet
2025-03-19 18:58:27,797 - WARNING - Empty DataFrame will be written.
2025-03-19 18:58:27,915 - INFO - Read 0 rows from s3://thesis--ec331-s3/FCAS_RAISE1SEC-Volume-Bids/PUBLIC_DVD_BIDPEROFFER1_202311010000.parquet/part.757.parquet
2025-03-19 18:58:27,918 - INFO - No duplicates found in s3://thesis--ec331-s3/FCAS_RAISE1SEC-Volume-Bids/PUBLIC_DVD_BIDPEROFFER1_202311010000.parquet/part.757.parquet
2025-03-19 18:58:27,919 - WARNING - Empty DataFrame will be written.
2025-03-19 18:58:27,953 - INFO - Read 0 rows from s3://thesis--ec331-s3/FCAS_RAISE1SEC-Volume-Bids/PUBLIC_DVD_BIDPEROFFER1_202311010000.parquet/part.758.parquet
2025-03-19 18:58:27,960 - INFO - No duplicates found in s3://thesis--ec331-s3/FCAS_RAISE1SEC-Volume-Bids/PUBLIC_DVD_BIDPEROFFER1_202311010000.parquet/part.758.parquet
2025-03-19 18:58:27,961 - WARNING - Empty DataFrame will be written.
2025-03-19 18:58:27,999 - INFO - Read 0 rows from s3://thesis--ec331-s3/FCAS_RAISE1SEC-Volume-Bids/PUBLIC_DVD_BIDPEROFFER1_202311010000.parquet/part.759.parquet
2025-03-19 18:58:28,001 - INFO - No duplicates found in s3://thesis--ec331-s3/FCAS_RAISE1SEC-Volume-Bids/PUBLIC_DVD_BIDPEROFFER1_202311010000.parquet/part.759.parquet
2025-03-19 18:58:28,003 - WARNING - Empty DataFrame will be written.
2025-03-19 18:58:28,017 - INFO - Wrote original 0 rows to s3://thesis--ec331-s3/de-duped-volume-bids/PUBLIC_DVD_BIDPEROFFER1_202311010000.parquet/part.756.parquet
2025-03-19 18:58:28,115 - INFO - Processing: s3://thesis--ec331-s3/FCAS_RAISE1SEC-Volume-Bids/PUBLIC_DVD_BIDPEROFFER1_202311010000.parquet/part.76.parquet
2025-03-19 18:58:28,117 - INFO - Target: s3://thesis--ec331-s3/de-duped-volume-bids/PUBLIC_DVD_BIDPEROFFER1_202311010000.parquet/part.76.parquet
2025-03-19 18:58:28,290 - INFO - Wrote original 0 rows to s3://thesis--ec331-s3/de-duped-volume-bids/PUBLIC_DVD_BIDPEROFFER1_202311010000.parquet/part.758.parquet
2025-03-19 18:58:28,381 - INFO - Processing: s3://thesis--ec331-s3/FCAS_RAISE1SEC-Volume-Bids/PUBLIC_DVD_BIDPEROFFER1_202311010000.parquet/part.760.parquet
2025-03-19 18:58:28,387 - INFO - Wrote original 0 rows to s3://thesis--ec331-s3/de-duped-volume-bids/PUBLIC_DVD_BIDPEROFFER1_202311010000.parquet/part.757.parquet
2025-03-19 18:58:28,389 - INFO - Target: s3://thesis--ec331-s3/de-duped-volume-bids/PUBLIC_DVD_BIDPEROFFER1_202311010000.parquet/part.760.parquet
2025-03-19 18:58:28,474 - INFO - Processing: s3://thesis--ec331-s3/FCAS_RAISE1SEC-Volume-Bids/PUBLIC_DVD_BIDPEROFFER1_202311010000.parquet/part.761.parquet
2025-03-19 18:58:28,487 - INFO - Target: s3://thesis--ec331-s3/de-duped-volume-bids/PUBLIC_DVD_BIDPEROFFER1_202311010000.parquet/part.761.parquet
2025-03-19 18:58:28,508 - INFO - Read 0 rows from s3://thesis--ec331-s3/FCAS_RAISE1SEC-Volume-Bids/PUBLIC_DVD_BIDPEROFFER1_202311010000.parquet/part.76.parquet
2025-03-19 18:58:28,512 - INFO - No duplicates found in s3://thesis--ec331-s3/FCAS_RAISE1SEC-Volume-Bids/PUBLIC_DVD_BIDPEROFFER1_202311010000.parquet/part.76.parquet
2025-03-19 18:58:28,512 - WARNING - Empty DataFrame will be written.
2025-03-19 18:58:28,529 - INFO - Wrote original 0 rows to s3://thesis--ec331-s3/de-duped-volume-bids/PUBLIC_DVD_BIDPEROFFER1_202311010000.parquet/part.759.parquet
2025-03-19 18:58:28,618 - INFO - Processing: s3://thesis--ec331-s3/FCAS_RAISE1SEC-Volume-Bids/PUBLIC_DVD_BIDPEROFFER1_202311010000.parquet/part.762.parquet
2025-03-19 18:58:28,619 - INFO - Target: s3://thesis--ec331-s3/de-duped-volume-bids/PUBLIC_DVD_BIDPEROFFER1_202311010000.parquet/part.762.parquet
2025-03-19 18:58:28,822 - INFO - Read 0 rows from s3://thesis--ec331-s3/FCAS_RAISE1SEC-Volume-Bids/PUBLIC_DVD_BIDPEROFFER1_202311010000.parquet/part.760.parquet
2025-03-19 18:58:28,824 - INFO - No duplicates found in s3://thesis--ec331-s3/FCAS_RAISE1SEC-Volume-Bids/PUBLIC_DVD_BIDPEROFFER1_202311010000.parquet/part.760.parquet
2025-03-19 18:58:28,826 - WARNING - Empty DataFrame will be written.
2025-03-19 18:58:28,849 - INFO - Wrote original 0 rows to s3://thesis--ec331-s3/de-duped-volume-bids/PUBLIC_DVD_BIDPEROFFER1_202311010000.parquet/part.76.parquet
2025-03-19 18:58:28,942 - INFO - Processing: s3://thesis--ec331-s3/FCAS_RAISE1SEC-Volume-Bids/PUBLIC_DVD_BIDPEROFFER1_202311010000.parquet/part.763.parquet
2025-03-19 18:58:28,948 - INFO - Target: s3://thesis--ec331-s3/de-duped-volume-bids/PUBLIC_DVD_BIDPEROFFER1_202311010000.parquet/part.763.parquet
2025-03-19 18:58:28,969 - INFO - Read 0 rows from s3://thesis--ec331-s3/FCAS_RAISE1SEC-Volume-Bids/PUBLIC_DVD_BIDPEROFFER1_202311010000.parquet/part.761.parquet
2025-03-19 18:58:28,972 - INFO - No duplicates found in s3://thesis--ec331-s3/FCAS_RAISE1SEC-Volume-Bids/PUBLIC_DVD_BIDPEROFFER1_202311010000.parquet/part.761.parquet
2025-03-19 18:58:28,973 - WARNING - Empty DataFrame will be written.
2025-03-19 18:58:29,006 - INFO - Read 0 rows from s3://thesis--ec331-s3/FCAS_RAISE1SEC-Volume-Bids/PUBLIC_DVD_BIDPEROFFER1_202311010000.parquet/part.762.parquet
2025-03-19 18:58:29,010 - INFO - No duplicates found in s3://thesis--ec331-s3/FCAS_RAISE1SEC-Volume-Bids/PUBLIC_DVD_BIDPEROFFER1_202311010000.parquet/part.762.parquet
2025-03-19 18:58:29,011 - WARNING - Empty DataFrame will be written.
2025-03-19 18:58:29,204 - INFO - Read 0 rows from s3://thesis--ec331-s3/FCAS_RAISE1SEC-Volume-Bids/PUBLIC_DVD_BIDPEROFFER1_202311010000.parquet/part.763.parquet
2025-03-19 18:58:29,207 - INFO - No duplicates found in s3://thesis--ec331-s3/FCAS_RAISE1SEC-Volume-Bids/PUBLIC_DVD_BIDPEROFFER1_202311010000.parquet/part.763.parquet
2025-03-19 18:58:29,208 - WARNING - Empty DataFrame will be written.
2025-03-19 18:58:29,222 - INFO - Wrote original 0 rows to s3://thesis--ec331-s3/de-duped-volume-bids/PUBLIC_DVD_BIDPEROFFER1_202311010000.parquet/part.760.parquet
2025-03-19 18:58:29,317 - INFO - Processing: s3://thesis--ec331-s3/FCAS_RAISE1SEC-Volume-Bids/PUBLIC_DVD_BIDPEROFFER1_202311010000.parquet/part.764.parquet
2025-03-19 18:58:29,320 - INFO - Wrote original 0 rows to s3://thesis--ec331-s3/de-duped-volume-bids/PUBLIC_DVD_BIDPEROFFER1_202311010000.parquet/part.761.parquet
2025-03-19 18:58:29,322 - INFO - Target: s3://thesis--ec331-s3/de-duped-volume-bids/PUBLIC_DVD_BIDPEROFFER1_202311010000.parquet/part.764.parquet
2025-03-19 18:58:29,410 - INFO - Processing: s3://thesis--ec331-s3/FCAS_RAISE1SEC-Volume-Bids/PUBLIC_DVD_BIDPEROFFER1_202311010000.parquet/part.765.parquet
2025-03-19 18:58:29,413 - INFO - Wrote original 0 rows to s3://thesis--ec331-s3/de-duped-volume-bids/PUBLIC_DVD_BIDPEROFFER1_202311010000.parquet/part.762.parquet
2025-03-19 18:58:29,418 - INFO - Target: s3://thesis--ec331-s3/de-duped-volume-bids/PUBLIC_DVD_BIDPEROFFER1_202311010000.parquet/part.765.parquet
2025-03-19 18:58:29,508 - INFO - Processing: s3://thesis--ec331-s3/FCAS_RAISE1SEC-Volume-Bids/PUBLIC_DVD_BIDPEROFFER1_202311010000.parquet/part.766.parquet
2025-03-19 18:58:29,518 - INFO - Target: s3://thesis--ec331-s3/de-duped-volume-bids/PUBLIC_DVD_BIDPEROFFER1_202311010000.parquet/part.766.parquet
2025-03-19 18:58:29,770 - INFO - Wrote original 0 rows to s3://thesis--ec331-s3/de-duped-volume-bids/PUBLIC_DVD_BIDPEROFFER1_202311010000.parquet/part.763.parquet
2025-03-19 18:58:29,855 - INFO - Processing: s3://thesis--ec331-s3/FCAS_RAISE1SEC-Volume-Bids/PUBLIC_DVD_BIDPEROFFER1_202311010000.parquet/part.767.parquet
2025-03-19 18:58:29,859 - INFO - Target: s3://thesis--ec331-s3/de-duped-volume-bids/PUBLIC_DVD_BIDPEROFFER1_202311010000.parquet/part.767.parquet
2025-03-19 18:58:29,887 - INFO - Read 0 rows from s3://thesis--ec331-s3/FCAS_RAISE1SEC-Volume-Bids/PUBLIC_DVD_BIDPEROFFER1_202311010000.parquet/part.766.parquet
2025-03-19 18:58:29,894 - INFO - No duplicates found in s3://thesis--ec331-s3/FCAS_RAISE1SEC-Volume-Bids/PUBLIC_DVD_BIDPEROFFER1_202311010000.parquet/part.766.parquet
2025-03-19 18:58:29,900 - INFO - Read 0 rows from s3://thesis--ec331-s3/FCAS_RAISE1SEC-Volume-Bids/PUBLIC_DVD_BIDPEROFFER1_202311010000.parquet/part.765.parquet
2025-03-19 18:58:29,908 - WARNING - Empty DataFrame will be written.
2025-03-19 18:58:29,910 - INFO - Read 0 rows from s3://thesis--ec331-s3/FCAS_RAISE1SEC-Volume-Bids/PUBLIC_DVD_BIDPEROFFER1_202311010000.parquet/part.764.parquet
2025-03-19 18:58:29,913 - INFO - No duplicates found in s3://thesis--ec331-s3/FCAS_RAISE1SEC-Volume-Bids/PUBLIC_DVD_BIDPEROFFER1_202311010000.parquet/part.765.parquet
2025-03-19 18:58:29,927 - INFO - No duplicates found in s3://thesis--ec331-s3/FCAS_RAISE1SEC-Volume-Bids/PUBLIC_DVD_BIDPEROFFER1_202311010000.parquet/part.764.parquet
2025-03-19 18:58:29,930 - WARNING - Empty DataFrame will be written.
2025-03-19 18:58:29,932 - WARNING - Empty DataFrame will be written.
2025-03-19 18:58:30,153 - INFO - Read 0 rows from s3://thesis--ec331-s3/FCAS_RAISE1SEC-Volume-Bids/PUBLIC_DVD_BIDPEROFFER1_202311010000.parquet/part.767.parquet
2025-03-19 18:58:30,155 - INFO - No duplicates found in s3://thesis--ec331-s3/FCAS_RAISE1SEC-Volume-Bids/PUBLIC_DVD_BIDPEROFFER1_202311010000.parquet/part.767.parquet
2025-03-19 18:58:30,156 - WARNING - Empty DataFrame will be written.
2025-03-19 18:58:30,205 - INFO - Wrote original 0 rows to s3://thesis--ec331-s3/de-duped-volume-bids/PUBLIC_DVD_BIDPEROFFER1_202311010000.parquet/part.764.parquet
2025-03-19 18:58:30,294 - INFO - Processing: s3://thesis--ec331-s3/FCAS_RAISE1SEC-Volume-Bids/PUBLIC_DVD_BIDPEROFFER1_202311010000.parquet/part.768.parquet
2025-03-19 18:58:30,298 - INFO - Wrote original 0 rows to s3://thesis--ec331-s3/de-duped-volume-bids/PUBLIC_DVD_BIDPEROFFER1_202311010000.parquet/part.765.parquet
2025-03-19 18:58:30,301 - INFO - Wrote original 0 rows to s3://thesis--ec331-s3/de-duped-volume-bids/PUBLIC_DVD_BIDPEROFFER1_202311010000.parquet/part.766.parquet
2025-03-19 18:58:30,302 - INFO - Target: s3://thesis--ec331-s3/de-duped-volume-bids/PUBLIC_DVD_BIDPEROFFER1_202311010000.parquet/part.768.parquet
2025-03-19 18:58:30,389 - INFO - Processing: s3://thesis--ec331-s3/FCAS_RAISE1SEC-Volume-Bids/PUBLIC_DVD_BIDPEROFFER1_202311010000.parquet/part.769.parquet
2025-03-19 18:58:30,476 - INFO - Processing: s3://thesis--ec331-s3/FCAS_RAISE1SEC-Volume-Bids/PUBLIC_DVD_BIDPEROFFER1_202311010000.parquet/part.77.parquet
2025-03-19 18:58:30,489 - INFO - Target: s3://thesis--ec331-s3/de-duped-volume-bids/PUBLIC_DVD_BIDPEROFFER1_202311010000.parquet/part.769.parquet
2025-03-19 18:58:30,496 - INFO - Target: s3://thesis--ec331-s3/de-duped-volume-bids/PUBLIC_DVD_BIDPEROFFER1_202311010000.parquet/part.77.parquet
2025-03-19 18:58:30,661 - INFO - Wrote original 0 rows to s3://thesis--ec331-s3/de-duped-volume-bids/PUBLIC_DVD_BIDPEROFFER1_202311010000.parquet/part.767.parquet
2025-03-19 18:58:30,754 - INFO - Processing: s3://thesis--ec331-s3/FCAS_RAISE1SEC-Volume-Bids/PUBLIC_DVD_BIDPEROFFER1_202311010000.parquet/part.770.parquet
2025-03-19 18:58:30,760 - INFO - Target: s3://thesis--ec331-s3/de-duped-volume-bids/PUBLIC_DVD_BIDPEROFFER1_202311010000.parquet/part.770.parquet
2025-03-19 18:58:30,800 - INFO - Read 0 rows from s3://thesis--ec331-s3/FCAS_RAISE1SEC-Volume-Bids/PUBLIC_DVD_BIDPEROFFER1_202311010000.parquet/part.768.parquet
2025-03-19 18:58:30,812 - INFO - No duplicates found in s3://thesis--ec331-s3/FCAS_RAISE1SEC-Volume-Bids/PUBLIC_DVD_BIDPEROFFER1_202311010000.parquet/part.768.parquet
2025-03-19 18:58:30,813 - WARNING - Empty DataFrame will be written.
2025-03-19 18:58:30,849 - INFO - Read 0 rows from s3://thesis--ec331-s3/FCAS_RAISE1SEC-Volume-Bids/PUBLIC_DVD_BIDPEROFFER1_202311010000.parquet/part.77.parquet
2025-03-19 18:58:30,852 - INFO - No duplicates found in s3://thesis--ec331-s3/FCAS_RAISE1SEC-Volume-Bids/PUBLIC_DVD_BIDPEROFFER1_202311010000.parquet/part.77.parquet
2025-03-19 18:58:30,854 - WARNING - Empty DataFrame will be written.
2025-03-19 18:58:30,886 - INFO - Read 0 rows from s3://thesis--ec331-s3/FCAS_RAISE1SEC-Volume-Bids/PUBLIC_DVD_BIDPEROFFER1_202311010000.parquet/part.769.parquet
2025-03-19 18:58:30,889 - INFO - No duplicates found in s3://thesis--ec331-s3/FCAS_RAISE1SEC-Volume-Bids/PUBLIC_DVD_BIDPEROFFER1_202311010000.parquet/part.769.parquet
2025-03-19 18:58:30,890 - WARNING - Empty DataFrame will be written.
2025-03-19 18:58:30,992 - INFO - Read 0 rows from s3://thesis--ec331-s3/FCAS_RAISE1SEC-Volume-Bids/PUBLIC_DVD_BIDPEROFFER1_202311010000.parquet/part.770.parquet
2025-03-19 18:58:30,997 - INFO - No duplicates found in s3://thesis--ec331-s3/FCAS_RAISE1SEC-Volume-Bids/PUBLIC_DVD_BIDPEROFFER1_202311010000.parquet/part.770.parquet
2025-03-19 18:58:31,009 - WARNING - Empty DataFrame will be written.
2025-03-19 18:58:31,070 - INFO - Wrote original 0 rows to s3://thesis--ec331-s3/de-duped-volume-bids/PUBLIC_DVD_BIDPEROFFER1_202311010000.parquet/part.768.parquet
2025-03-19 18:58:31,164 - INFO - Processing: s3://thesis--ec331-s3/FCAS_RAISE1SEC-Volume-Bids/PUBLIC_DVD_BIDPEROFFER1_202311010000.parquet/part.771.parquet
2025-03-19 18:58:31,167 - INFO - Target: s3://thesis--ec331-s3/de-duped-volume-bids/PUBLIC_DVD_BIDPEROFFER1_202311010000.parquet/part.771.parquet
2025-03-19 18:58:31,215 - INFO - Wrote original 0 rows to s3://thesis--ec331-s3/de-duped-volume-bids/PUBLIC_DVD_BIDPEROFFER1_202311010000.parquet/part.769.parquet
2025-03-19 18:58:31,307 - INFO - Processing: s3://thesis--ec331-s3/FCAS_RAISE1SEC-Volume-Bids/PUBLIC_DVD_BIDPEROFFER1_202311010000.parquet/part.772.parquet
2025-03-19 18:58:31,311 - INFO - Wrote original 0 rows to s3://thesis--ec331-s3/de-duped-volume-bids/PUBLIC_DVD_BIDPEROFFER1_202311010000.parquet/part.77.parquet
2025-03-19 18:58:31,313 - INFO - Target: s3://thesis--ec331-s3/de-duped-volume-bids/PUBLIC_DVD_BIDPEROFFER1_202311010000.parquet/part.772.parquet
2025-03-19 18:58:31,397 - INFO - Processing: s3://thesis--ec331-s3/FCAS_RAISE1SEC-Volume-Bids/PUBLIC_DVD_BIDPEROFFER1_202311010000.parquet/part.773.parquet
2025-03-19 18:58:31,401 - INFO - Target: s3://thesis--ec331-s3/de-duped-volume-bids/PUBLIC_DVD_BIDPEROFFER1_202311010000.parquet/part.773.parquet
2025-03-19 18:58:31,448 - INFO - Wrote original 0 rows to s3://thesis--ec331-s3/de-duped-volume-bids/PUBLIC_DVD_BIDPEROFFER1_202311010000.parquet/part.770.parquet
2025-03-19 18:58:31,542 - INFO - Processing: s3://thesis--ec331-s3/FCAS_RAISE1SEC-Volume-Bids/PUBLIC_DVD_BIDPEROFFER1_202311010000.parquet/part.774.parquet
2025-03-19 18:58:31,543 - INFO - Target: s3://thesis--ec331-s3/de-duped-volume-bids/PUBLIC_DVD_BIDPEROFFER1_202311010000.parquet/part.774.parquet
2025-03-19 18:58:31,641 - INFO - Read 0 rows from s3://thesis--ec331-s3/FCAS_RAISE1SEC-Volume-Bids/PUBLIC_DVD_BIDPEROFFER1_202311010000.parquet/part.771.parquet
2025-03-19 18:58:31,645 - INFO - No duplicates found in s3://thesis--ec331-s3/FCAS_RAISE1SEC-Volume-Bids/PUBLIC_DVD_BIDPEROFFER1_202311010000.parquet/part.771.parquet
2025-03-19 18:58:31,647 - WARNING - Empty DataFrame will be written.
2025-03-19 18:58:31,734 - INFO - Read 0 rows from s3://thesis--ec331-s3/FCAS_RAISE1SEC-Volume-Bids/PUBLIC_DVD_BIDPEROFFER1_202311010000.parquet/part.773.parquet
2025-03-19 18:58:31,738 - INFO - No duplicates found in s3://thesis--ec331-s3/FCAS_RAISE1SEC-Volume-Bids/PUBLIC_DVD_BIDPEROFFER1_202311010000.parquet/part.773.parquet
2025-03-19 18:58:31,738 - WARNING - Empty DataFrame will be written.
2025-03-19 18:58:31,779 - INFO - Read 0 rows from s3://thesis--ec331-s3/FCAS_RAISE1SEC-Volume-Bids/PUBLIC_DVD_BIDPEROFFER1_202311010000.parquet/part.772.parquet
2025-03-19 18:58:31,782 - INFO - No duplicates found in s3://thesis--ec331-s3/FCAS_RAISE1SEC-Volume-Bids/PUBLIC_DVD_BIDPEROFFER1_202311010000.parquet/part.772.parquet
2025-03-19 18:58:31,784 - WARNING - Empty DataFrame will be written.
2025-03-19 18:58:31,849 - INFO - Read 0 rows from s3://thesis--ec331-s3/FCAS_RAISE1SEC-Volume-Bids/PUBLIC_DVD_BIDPEROFFER1_202311010000.parquet/part.774.parquet
2025-03-19 18:58:31,852 - INFO - No duplicates found in s3://thesis--ec331-s3/FCAS_RAISE1SEC-Volume-Bids/PUBLIC_DVD_BIDPEROFFER1_202311010000.parquet/part.774.parquet
2025-03-19 18:58:31,853 - WARNING - Empty DataFrame will be written.
2025-03-19 18:58:31,926 - INFO - Wrote original 0 rows to s3://thesis--ec331-s3/de-duped-volume-bids/PUBLIC_DVD_BIDPEROFFER1_202311010000.parquet/part.771.parquet
2025-03-19 18:58:32,020 - INFO - Processing: s3://thesis--ec331-s3/FCAS_RAISE1SEC-Volume-Bids/PUBLIC_DVD_BIDPEROFFER1_202311010000.parquet/part.775.parquet
2025-03-19 18:58:32,022 - INFO - Target: s3://thesis--ec331-s3/de-duped-volume-bids/PUBLIC_DVD_BIDPEROFFER1_202311010000.parquet/part.775.parquet
2025-03-19 18:58:32,066 - INFO - Wrote original 0 rows to s3://thesis--ec331-s3/de-duped-volume-bids/PUBLIC_DVD_BIDPEROFFER1_202311010000.parquet/part.773.parquet
2025-03-19 18:58:32,159 - INFO - Processing: s3://thesis--ec331-s3/FCAS_RAISE1SEC-Volume-Bids/PUBLIC_DVD_BIDPEROFFER1_202311010000.parquet/part.776.parquet
2025-03-19 18:58:32,163 - INFO - Wrote original 0 rows to s3://thesis--ec331-s3/de-duped-volume-bids/PUBLIC_DVD_BIDPEROFFER1_202311010000.parquet/part.772.parquet
2025-03-19 18:58:32,164 - INFO - Target: s3://thesis--ec331-s3/de-duped-volume-bids/PUBLIC_DVD_BIDPEROFFER1_202311010000.parquet/part.776.parquet
2025-03-19 18:58:32,256 - INFO - Processing: s3://thesis--ec331-s3/FCAS_RAISE1SEC-Volume-Bids/PUBLIC_DVD_BIDPEROFFER1_202311010000.parquet/part.777.parquet
2025-03-19 18:58:32,270 - INFO - Target: s3://thesis--ec331-s3/de-duped-volume-bids/PUBLIC_DVD_BIDPEROFFER1_202311010000.parquet/part.777.parquet
2025-03-19 18:58:32,305 - INFO - Wrote original 0 rows to s3://thesis--ec331-s3/de-duped-volume-bids/PUBLIC_DVD_BIDPEROFFER1_202311010000.parquet/part.774.parquet
2025-03-19 18:58:32,395 - INFO - Processing: s3://thesis--ec331-s3/FCAS_RAISE1SEC-Volume-Bids/PUBLIC_DVD_BIDPEROFFER1_202311010000.parquet/part.778.parquet
2025-03-19 18:58:32,397 - INFO - Target: s3://thesis--ec331-s3/de-duped-volume-bids/PUBLIC_DVD_BIDPEROFFER1_202311010000.parquet/part.778.parquet
2025-03-19 18:58:32,482 - INFO - Read 0 rows from s3://thesis--ec331-s3/FCAS_RAISE1SEC-Volume-Bids/PUBLIC_DVD_BIDPEROFFER1_202311010000.parquet/part.775.parquet
2025-03-19 18:58:32,485 - INFO - No duplicates found in s3://thesis--ec331-s3/FCAS_RAISE1SEC-Volume-Bids/PUBLIC_DVD_BIDPEROFFER1_202311010000.parquet/part.775.parquet
2025-03-19 18:58:32,486 - WARNING - Empty DataFrame will be written.
2025-03-19 18:58:32,612 - INFO - Read 0 rows from s3://thesis--ec331-s3/FCAS_RAISE1SEC-Volume-Bids/PUBLIC_DVD_BIDPEROFFER1_202311010000.parquet/part.776.parquet
2025-03-19 18:58:32,620 - INFO - Read 0 rows from s3://thesis--ec331-s3/FCAS_RAISE1SEC-Volume-Bids/PUBLIC_DVD_BIDPEROFFER1_202311010000.parquet/part.777.parquet
2025-03-19 18:58:32,622 - INFO - No duplicates found in s3://thesis--ec331-s3/FCAS_RAISE1SEC-Volume-Bids/PUBLIC_DVD_BIDPEROFFER1_202311010000.parquet/part.776.parquet
2025-03-19 18:58:32,625 - INFO - No duplicates found in s3://thesis--ec331-s3/FCAS_RAISE1SEC-Volume-Bids/PUBLIC_DVD_BIDPEROFFER1_202311010000.parquet/part.777.parquet
2025-03-19 18:58:32,626 - WARNING - Empty DataFrame will be written.
2025-03-19 18:58:32,627 - WARNING - Empty DataFrame will be written.
2025-03-19 18:58:32,670 - INFO - Read 0 rows from s3://thesis--ec331-s3/FCAS_RAISE1SEC-Volume-Bids/PUBLIC_DVD_BIDPEROFFER1_202311010000.parquet/part.778.parquet
2025-03-19 18:58:32,673 - INFO - No duplicates found in s3://thesis--ec331-s3/FCAS_RAISE1SEC-Volume-Bids/PUBLIC_DVD_BIDPEROFFER1_202311010000.parquet/part.778.parquet
2025-03-19 18:58:32,675 - WARNING - Empty DataFrame will be written.
2025-03-19 18:58:32,704 - INFO - Wrote original 0 rows to s3://thesis--ec331-s3/de-duped-volume-bids/PUBLIC_DVD_BIDPEROFFER1_202311010000.parquet/part.775.parquet
2025-03-19 18:58:32,802 - INFO - Processing: s3://thesis--ec331-s3/FCAS_RAISE1SEC-Volume-Bids/PUBLIC_DVD_BIDPEROFFER1_202311010000.parquet/part.779.parquet
2025-03-19 18:58:32,804 - INFO - Target: s3://thesis--ec331-s3/de-duped-volume-bids/PUBLIC_DVD_BIDPEROFFER1_202311010000.parquet/part.779.parquet
2025-03-19 18:58:32,981 - INFO - Wrote original 0 rows to s3://thesis--ec331-s3/de-duped-volume-bids/PUBLIC_DVD_BIDPEROFFER1_202311010000.parquet/part.777.parquet
2025-03-19 18:58:32,984 - INFO - Wrote original 0 rows to s3://thesis--ec331-s3/de-duped-volume-bids/PUBLIC_DVD_BIDPEROFFER1_202311010000.parquet/part.776.parquet
2025-03-19 18:58:33,079 - INFO - Processing: s3://thesis--ec331-s3/FCAS_RAISE1SEC-Volume-Bids/PUBLIC_DVD_BIDPEROFFER1_202311010000.parquet/part.78.parquet
2025-03-19 18:58:33,182 - INFO - Processing: s3://thesis--ec331-s3/FCAS_RAISE1SEC-Volume-Bids/PUBLIC_DVD_BIDPEROFFER1_202311010000.parquet/part.780.parquet
2025-03-19 18:58:33,184 - INFO - Wrote original 0 rows to s3://thesis--ec331-s3/de-duped-volume-bids/PUBLIC_DVD_BIDPEROFFER1_202311010000.parquet/part.778.parquet
2025-03-19 18:58:33,186 - INFO - Target: s3://thesis--ec331-s3/de-duped-volume-bids/PUBLIC_DVD_BIDPEROFFER1_202311010000.parquet/part.78.parquet
2025-03-19 18:58:33,187 - INFO - Target: s3://thesis--ec331-s3/de-duped-volume-bids/PUBLIC_DVD_BIDPEROFFER1_202311010000.parquet/part.780.parquet
2025-03-19 18:58:33,272 - INFO - Processing: s3://thesis--ec331-s3/FCAS_RAISE1SEC-Volume-Bids/PUBLIC_DVD_BIDPEROFFER1_202311010000.parquet/part.781.parquet
2025-03-19 18:58:33,297 - INFO - Target: s3://thesis--ec331-s3/de-duped-volume-bids/PUBLIC_DVD_BIDPEROFFER1_202311010000.parquet/part.781.parquet
2025-03-19 18:58:33,318 - INFO - Read 0 rows from s3://thesis--ec331-s3/FCAS_RAISE1SEC-Volume-Bids/PUBLIC_DVD_BIDPEROFFER1_202311010000.parquet/part.779.parquet
2025-03-19 18:58:33,321 - INFO - No duplicates found in s3://thesis--ec331-s3/FCAS_RAISE1SEC-Volume-Bids/PUBLIC_DVD_BIDPEROFFER1_202311010000.parquet/part.779.parquet
2025-03-19 18:58:33,322 - WARNING - Empty DataFrame will be written.
2025-03-19 18:58:33,570 - INFO - Read 0 rows from s3://thesis--ec331-s3/FCAS_RAISE1SEC-Volume-Bids/PUBLIC_DVD_BIDPEROFFER1_202311010000.parquet/part.781.parquet
2025-03-19 18:58:33,574 - INFO - Wrote original 0 rows to s3://thesis--ec331-s3/de-duped-volume-bids/PUBLIC_DVD_BIDPEROFFER1_202311010000.parquet/part.779.parquet
2025-03-19 18:58:33,578 - INFO - No duplicates found in s3://thesis--ec331-s3/FCAS_RAISE1SEC-Volume-Bids/PUBLIC_DVD_BIDPEROFFER1_202311010000.parquet/part.781.parquet
2025-03-19 18:58:33,671 - INFO - Processing: s3://thesis--ec331-s3/FCAS_RAISE1SEC-Volume-Bids/PUBLIC_DVD_BIDPEROFFER1_202311010000.parquet/part.782.parquet
2025-03-19 18:58:33,672 - WARNING - Empty DataFrame will be written.
2025-03-19 18:58:33,673 - INFO - Target: s3://thesis--ec331-s3/de-duped-volume-bids/PUBLIC_DVD_BIDPEROFFER1_202311010000.parquet/part.782.parquet
2025-03-19 18:58:33,711 - INFO - Read 0 rows from s3://thesis--ec331-s3/FCAS_RAISE1SEC-Volume-Bids/PUBLIC_DVD_BIDPEROFFER1_202311010000.parquet/part.78.parquet
2025-03-19 18:58:33,720 - INFO - Read 0 rows from s3://thesis--ec331-s3/FCAS_RAISE1SEC-Volume-Bids/PUBLIC_DVD_BIDPEROFFER1_202311010000.parquet/part.780.parquet
2025-03-19 18:58:33,722 - INFO - No duplicates found in s3://thesis--ec331-s3/FCAS_RAISE1SEC-Volume-Bids/PUBLIC_DVD_BIDPEROFFER1_202311010000.parquet/part.78.parquet
2025-03-19 18:58:33,725 - INFO - No duplicates found in s3://thesis--ec331-s3/FCAS_RAISE1SEC-Volume-Bids/PUBLIC_DVD_BIDPEROFFER1_202311010000.parquet/part.780.parquet
2025-03-19 18:58:33,726 - WARNING - Empty DataFrame will be written.
2025-03-19 18:58:33,727 - WARNING - Empty DataFrame will be written.
2025-03-19 18:58:33,964 - INFO - Read 0 rows from s3://thesis--ec331-s3/FCAS_RAISE1SEC-Volume-Bids/PUBLIC_DVD_BIDPEROFFER1_202311010000.parquet/part.782.parquet
2025-03-19 18:58:33,968 - INFO - No duplicates found in s3://thesis--ec331-s3/FCAS_RAISE1SEC-Volume-Bids/PUBLIC_DVD_BIDPEROFFER1_202311010000.parquet/part.782.parquet
2025-03-19 18:58:33,969 - WARNING - Empty DataFrame will be written.
2025-03-19 18:58:33,986 - INFO - Wrote original 0 rows to s3://thesis--ec331-s3/de-duped-volume-bids/PUBLIC_DVD_BIDPEROFFER1_202311010000.parquet/part.781.parquet
2025-03-19 18:58:34,080 - INFO - Processing: s3://thesis--ec331-s3/FCAS_RAISE1SEC-Volume-Bids/PUBLIC_DVD_BIDPEROFFER1_202311010000.parquet/part.783.parquet
2025-03-19 18:58:34,083 - INFO - Target: s3://thesis--ec331-s3/de-duped-volume-bids/PUBLIC_DVD_BIDPEROFFER1_202311010000.parquet/part.783.parquet
2025-03-19 18:58:34,085 - INFO - Wrote original 0 rows to s3://thesis--ec331-s3/de-duped-volume-bids/PUBLIC_DVD_BIDPEROFFER1_202311010000.parquet/part.780.parquet
2025-03-19 18:58:34,186 - INFO - Processing: s3://thesis--ec331-s3/FCAS_RAISE1SEC-Volume-Bids/PUBLIC_DVD_BIDPEROFFER1_202311010000.parquet/part.784.parquet
2025-03-19 18:58:34,189 - INFO - Target: s3://thesis--ec331-s3/de-duped-volume-bids/PUBLIC_DVD_BIDPEROFFER1_202311010000.parquet/part.784.parquet
2025-03-19 18:58:34,210 - INFO - Wrote original 0 rows to s3://thesis--ec331-s3/de-duped-volume-bids/PUBLIC_DVD_BIDPEROFFER1_202311010000.parquet/part.78.parquet
2025-03-19 18:58:34,296 - INFO - Processing: s3://thesis--ec331-s3/FCAS_RAISE1SEC-Volume-Bids/PUBLIC_DVD_BIDPEROFFER1_202311010000.parquet/part.785.parquet
2025-03-19 18:58:34,297 - INFO - Target: s3://thesis--ec331-s3/de-duped-volume-bids/PUBLIC_DVD_BIDPEROFFER1_202311010000.parquet/part.785.parquet
2025-03-19 18:58:34,497 - INFO - Read 0 rows from s3://thesis--ec331-s3/FCAS_RAISE1SEC-Volume-Bids/PUBLIC_DVD_BIDPEROFFER1_202311010000.parquet/part.784.parquet
2025-03-19 18:58:34,501 - INFO - No duplicates found in s3://thesis--ec331-s3/FCAS_RAISE1SEC-Volume-Bids/PUBLIC_DVD_BIDPEROFFER1_202311010000.parquet/part.784.parquet
2025-03-19 18:58:34,508 - WARNING - Empty DataFrame will be written.
2025-03-19 18:58:34,537 - INFO - Read 0 rows from s3://thesis--ec331-s3/FCAS_RAISE1SEC-Volume-Bids/PUBLIC_DVD_BIDPEROFFER1_202311010000.parquet/part.783.parquet
2025-03-19 18:58:34,540 - INFO - Wrote original 0 rows to s3://thesis--ec331-s3/de-duped-volume-bids/PUBLIC_DVD_BIDPEROFFER1_202311010000.parquet/part.782.parquet
2025-03-19 18:58:34,543 - INFO - No duplicates found in s3://thesis--ec331-s3/FCAS_RAISE1SEC-Volume-Bids/PUBLIC_DVD_BIDPEROFFER1_202311010000.parquet/part.783.parquet
2025-03-19 18:58:34,635 - INFO - Processing: s3://thesis--ec331-s3/FCAS_RAISE1SEC-Volume-Bids/PUBLIC_DVD_BIDPEROFFER1_202311010000.parquet/part.786.parquet
2025-03-19 18:58:34,637 - WARNING - Empty DataFrame will be written.
2025-03-19 18:58:34,640 - INFO - Target: s3://thesis--ec331-s3/de-duped-volume-bids/PUBLIC_DVD_BIDPEROFFER1_202311010000.parquet/part.786.parquet
2025-03-19 18:58:34,676 - INFO - Read 0 rows from s3://thesis--ec331-s3/FCAS_RAISE1SEC-Volume-Bids/PUBLIC_DVD_BIDPEROFFER1_202311010000.parquet/part.785.parquet
2025-03-19 18:58:34,679 - INFO - No duplicates found in s3://thesis--ec331-s3/FCAS_RAISE1SEC-Volume-Bids/PUBLIC_DVD_BIDPEROFFER1_202311010000.parquet/part.785.parquet
2025-03-19 18:58:34,681 - WARNING - Empty DataFrame will be written.
2025-03-19 18:58:34,890 - INFO - Wrote original 0 rows to s3://thesis--ec331-s3/de-duped-volume-bids/PUBLIC_DVD_BIDPEROFFER1_202311010000.parquet/part.784.parquet
2025-03-19 18:58:34,980 - INFO - Processing: s3://thesis--ec331-s3/FCAS_RAISE1SEC-Volume-Bids/PUBLIC_DVD_BIDPEROFFER1_202311010000.parquet/part.787.parquet
2025-03-19 18:58:34,982 - INFO - Target: s3://thesis--ec331-s3/de-duped-volume-bids/PUBLIC_DVD_BIDPEROFFER1_202311010000.parquet/part.787.parquet
2025-03-19 18:58:35,005 - INFO - Wrote original 0 rows to s3://thesis--ec331-s3/de-duped-volume-bids/PUBLIC_DVD_BIDPEROFFER1_202311010000.parquet/part.783.parquet
2025-03-19 18:58:35,008 - INFO - Read 0 rows from s3://thesis--ec331-s3/FCAS_RAISE1SEC-Volume-Bids/PUBLIC_DVD_BIDPEROFFER1_202311010000.parquet/part.786.parquet
2025-03-19 18:58:35,011 - INFO - Wrote original 0 rows to s3://thesis--ec331-s3/de-duped-volume-bids/PUBLIC_DVD_BIDPEROFFER1_202311010000.parquet/part.785.parquet
2025-03-19 18:58:35,099 - INFO - Processing: s3://thesis--ec331-s3/FCAS_RAISE1SEC-Volume-Bids/PUBLIC_DVD_BIDPEROFFER1_202311010000.parquet/part.788.parquet
2025-03-19 18:58:35,101 - INFO - No duplicates found in s3://thesis--ec331-s3/FCAS_RAISE1SEC-Volume-Bids/PUBLIC_DVD_BIDPEROFFER1_202311010000.parquet/part.786.parquet
2025-03-19 18:58:35,184 - INFO - Processing: s3://thesis--ec331-s3/FCAS_RAISE1SEC-Volume-Bids/PUBLIC_DVD_BIDPEROFFER1_202311010000.parquet/part.789.parquet
2025-03-19 18:58:35,185 - INFO - Target: s3://thesis--ec331-s3/de-duped-volume-bids/PUBLIC_DVD_BIDPEROFFER1_202311010000.parquet/part.788.parquet
2025-03-19 18:58:35,186 - WARNING - Empty DataFrame will be written.
2025-03-19 18:58:35,187 - INFO - Target: s3://thesis--ec331-s3/de-duped-volume-bids/PUBLIC_DVD_BIDPEROFFER1_202311010000.parquet/part.789.parquet
2025-03-19 18:58:35,345 - INFO - Read 0 rows from s3://thesis--ec331-s3/FCAS_RAISE1SEC-Volume-Bids/PUBLIC_DVD_BIDPEROFFER1_202311010000.parquet/part.787.parquet
2025-03-19 18:58:35,348 - INFO - No duplicates found in s3://thesis--ec331-s3/FCAS_RAISE1SEC-Volume-Bids/PUBLIC_DVD_BIDPEROFFER1_202311010000.parquet/part.787.parquet
2025-03-19 18:58:35,349 - WARNING - Empty DataFrame will be written.
2025-03-19 18:58:35,454 - INFO - Wrote original 0 rows to s3://thesis--ec331-s3/de-duped-volume-bids/PUBLIC_DVD_BIDPEROFFER1_202311010000.parquet/part.786.parquet
2025-03-19 18:58:35,546 - INFO - Processing: s3://thesis--ec331-s3/FCAS_RAISE1SEC-Volume-Bids/PUBLIC_DVD_BIDPEROFFER1_202311010000.parquet/part.79.parquet
2025-03-19 18:58:35,549 - INFO - Target: s3://thesis--ec331-s3/de-duped-volume-bids/PUBLIC_DVD_BIDPEROFFER1_202311010000.parquet/part.79.parquet
2025-03-19 18:58:35,575 - INFO - Read 0 rows from s3://thesis--ec331-s3/FCAS_RAISE1SEC-Volume-Bids/PUBLIC_DVD_BIDPEROFFER1_202311010000.parquet/part.788.parquet
2025-03-19 18:58:35,578 - INFO - No duplicates found in s3://thesis--ec331-s3/FCAS_RAISE1SEC-Volume-Bids/PUBLIC_DVD_BIDPEROFFER1_202311010000.parquet/part.788.parquet
2025-03-19 18:58:35,579 - WARNING - Empty DataFrame will be written.
2025-03-19 18:58:35,604 - INFO - Read 0 rows from s3://thesis--ec331-s3/FCAS_RAISE1SEC-Volume-Bids/PUBLIC_DVD_BIDPEROFFER1_202311010000.parquet/part.789.parquet
2025-03-19 18:58:35,608 - INFO - No duplicates found in s3://thesis--ec331-s3/FCAS_RAISE1SEC-Volume-Bids/PUBLIC_DVD_BIDPEROFFER1_202311010000.parquet/part.789.parquet
2025-03-19 18:58:35,609 - WARNING - Empty DataFrame will be written.
2025-03-19 18:58:35,624 - INFO - Wrote original 0 rows to s3://thesis--ec331-s3/de-duped-volume-bids/PUBLIC_DVD_BIDPEROFFER1_202311010000.parquet/part.787.parquet
2025-03-19 18:58:35,717 - INFO - Processing: s3://thesis--ec331-s3/FCAS_RAISE1SEC-Volume-Bids/PUBLIC_DVD_BIDPEROFFER1_202311010000.parquet/part.790.parquet
2025-03-19 18:58:35,726 - INFO - Target: s3://thesis--ec331-s3/de-duped-volume-bids/PUBLIC_DVD_BIDPEROFFER1_202311010000.parquet/part.790.parquet
2025-03-19 18:58:35,886 - INFO - Read 0 rows from s3://thesis--ec331-s3/FCAS_RAISE1SEC-Volume-Bids/PUBLIC_DVD_BIDPEROFFER1_202311010000.parquet/part.79.parquet
2025-03-19 18:58:35,888 - INFO - No duplicates found in s3://thesis--ec331-s3/FCAS_RAISE1SEC-Volume-Bids/PUBLIC_DVD_BIDPEROFFER1_202311010000.parquet/part.79.parquet
2025-03-19 18:58:35,889 - WARNING - Empty DataFrame will be written.
2025-03-19 18:58:35,970 - INFO - Wrote original 0 rows to s3://thesis--ec331-s3/de-duped-volume-bids/PUBLIC_DVD_BIDPEROFFER1_202311010000.parquet/part.788.parquet
2025-03-19 18:58:36,060 - INFO - Processing: s3://thesis--ec331-s3/FCAS_RAISE1SEC-Volume-Bids/PUBLIC_DVD_BIDPEROFFER1_202311010000.parquet/part.791.parquet
2025-03-19 18:58:36,065 - INFO - Target: s3://thesis--ec331-s3/de-duped-volume-bids/PUBLIC_DVD_BIDPEROFFER1_202311010000.parquet/part.791.parquet
2025-03-19 18:58:36,066 - INFO - Wrote original 0 rows to s3://thesis--ec331-s3/de-duped-volume-bids/PUBLIC_DVD_BIDPEROFFER1_202311010000.parquet/part.789.parquet
2025-03-19 18:58:36,167 - INFO - Processing: s3://thesis--ec331-s3/FCAS_RAISE1SEC-Volume-Bids/PUBLIC_DVD_BIDPEROFFER1_202311010000.parquet/part.792.parquet
2025-03-19 18:58:36,176 - INFO - Target: s3://thesis--ec331-s3/de-duped-volume-bids/PUBLIC_DVD_BIDPEROFFER1_202311010000.parquet/part.792.parquet
2025-03-19 18:58:36,199 - INFO - Read 0 rows from s3://thesis--ec331-s3/FCAS_RAISE1SEC-Volume-Bids/PUBLIC_DVD_BIDPEROFFER1_202311010000.parquet/part.790.parquet
2025-03-19 18:58:36,202 - INFO - No duplicates found in s3://thesis--ec331-s3/FCAS_RAISE1SEC-Volume-Bids/PUBLIC_DVD_BIDPEROFFER1_202311010000.parquet/part.790.parquet
2025-03-19 18:58:36,203 - WARNING - Empty DataFrame will be written.
2025-03-19 18:58:36,297 - INFO - Wrote original 0 rows to s3://thesis--ec331-s3/de-duped-volume-bids/PUBLIC_DVD_BIDPEROFFER1_202311010000.parquet/part.79.parquet
2025-03-19 18:58:36,387 - INFO - Processing: s3://thesis--ec331-s3/FCAS_RAISE1SEC-Volume-Bids/PUBLIC_DVD_BIDPEROFFER1_202311010000.parquet/part.793.parquet
2025-03-19 18:58:36,388 - INFO - Target: s3://thesis--ec331-s3/de-duped-volume-bids/PUBLIC_DVD_BIDPEROFFER1_202311010000.parquet/part.793.parquet
2025-03-19 18:58:36,475 - INFO - Read 0 rows from s3://thesis--ec331-s3/FCAS_RAISE1SEC-Volume-Bids/PUBLIC_DVD_BIDPEROFFER1_202311010000.parquet/part.792.parquet
2025-03-19 18:58:36,486 - INFO - No duplicates found in s3://thesis--ec331-s3/FCAS_RAISE1SEC-Volume-Bids/PUBLIC_DVD_BIDPEROFFER1_202311010000.parquet/part.792.parquet
2025-03-19 18:58:36,489 - WARNING - Empty DataFrame will be written.
2025-03-19 18:58:36,511 - INFO - Read 0 rows from s3://thesis--ec331-s3/FCAS_RAISE1SEC-Volume-Bids/PUBLIC_DVD_BIDPEROFFER1_202311010000.parquet/part.791.parquet
2025-03-19 18:58:36,515 - INFO - No duplicates found in s3://thesis--ec331-s3/FCAS_RAISE1SEC-Volume-Bids/PUBLIC_DVD_BIDPEROFFER1_202311010000.parquet/part.791.parquet
2025-03-19 18:58:36,516 - WARNING - Empty DataFrame will be written.
2025-03-19 18:58:36,551 - INFO - Wrote original 0 rows to s3://thesis--ec331-s3/de-duped-volume-bids/PUBLIC_DVD_BIDPEROFFER1_202311010000.parquet/part.790.parquet
2025-03-19 18:58:36,646 - INFO - Processing: s3://thesis--ec331-s3/FCAS_RAISE1SEC-Volume-Bids/PUBLIC_DVD_BIDPEROFFER1_202311010000.parquet/part.794.parquet
2025-03-19 18:58:36,654 - INFO - Target: s3://thesis--ec331-s3/de-duped-volume-bids/PUBLIC_DVD_BIDPEROFFER1_202311010000.parquet/part.794.parquet
2025-03-19 18:58:36,722 - INFO - Read 0 rows from s3://thesis--ec331-s3/FCAS_RAISE1SEC-Volume-Bids/PUBLIC_DVD_BIDPEROFFER1_202311010000.parquet/part.793.parquet
2025-03-19 18:58:36,725 - INFO - No duplicates found in s3://thesis--ec331-s3/FCAS_RAISE1SEC-Volume-Bids/PUBLIC_DVD_BIDPEROFFER1_202311010000.parquet/part.793.parquet
2025-03-19 18:58:36,726 - WARNING - Empty DataFrame will be written.
2025-03-19 18:58:36,786 - INFO - Wrote original 0 rows to s3://thesis--ec331-s3/de-duped-volume-bids/PUBLIC_DVD_BIDPEROFFER1_202311010000.parquet/part.792.parquet
2025-03-19 18:58:36,875 - INFO - Processing: s3://thesis--ec331-s3/FCAS_RAISE1SEC-Volume-Bids/PUBLIC_DVD_BIDPEROFFER1_202311010000.parquet/part.795.parquet
2025-03-19 18:58:36,877 - INFO - Target: s3://thesis--ec331-s3/de-duped-volume-bids/PUBLIC_DVD_BIDPEROFFER1_202311010000.parquet/part.795.parquet
2025-03-19 18:58:36,902 - INFO - Wrote original 0 rows to s3://thesis--ec331-s3/de-duped-volume-bids/PUBLIC_DVD_BIDPEROFFER1_202311010000.parquet/part.791.parquet
2025-03-19 18:58:36,992 - INFO - Processing: s3://thesis--ec331-s3/FCAS_RAISE1SEC-Volume-Bids/PUBLIC_DVD_BIDPEROFFER1_202311010000.parquet/part.796.parquet
2025-03-19 18:58:36,999 - INFO - Target: s3://thesis--ec331-s3/de-duped-volume-bids/PUBLIC_DVD_BIDPEROFFER1_202311010000.parquet/part.796.parquet
2025-03-19 18:58:37,043 - INFO - Wrote original 0 rows to s3://thesis--ec331-s3/de-duped-volume-bids/PUBLIC_DVD_BIDPEROFFER1_202311010000.parquet/part.793.parquet
2025-03-19 18:58:37,131 - INFO - Processing: s3://thesis--ec331-s3/FCAS_RAISE1SEC-Volume-Bids/PUBLIC_DVD_BIDPEROFFER1_202311010000.parquet/part.797.parquet
2025-03-19 18:58:37,133 - INFO - Target: s3://thesis--ec331-s3/de-duped-volume-bids/PUBLIC_DVD_BIDPEROFFER1_202311010000.parquet/part.797.parquet
2025-03-19 18:58:37,155 - INFO - Read 0 rows from s3://thesis--ec331-s3/FCAS_RAISE1SEC-Volume-Bids/PUBLIC_DVD_BIDPEROFFER1_202311010000.parquet/part.794.parquet
2025-03-19 18:58:37,162 - INFO - No duplicates found in s3://thesis--ec331-s3/FCAS_RAISE1SEC-Volume-Bids/PUBLIC_DVD_BIDPEROFFER1_202311010000.parquet/part.794.parquet
2025-03-19 18:58:37,164 - WARNING - Empty DataFrame will be written.
2025-03-19 18:58:37,232 - INFO - Read 0 rows from s3://thesis--ec331-s3/FCAS_RAISE1SEC-Volume-Bids/PUBLIC_DVD_BIDPEROFFER1_202311010000.parquet/part.795.parquet
2025-03-19 18:58:37,236 - INFO - No duplicates found in s3://thesis--ec331-s3/FCAS_RAISE1SEC-Volume-Bids/PUBLIC_DVD_BIDPEROFFER1_202311010000.parquet/part.795.parquet
2025-03-19 18:58:37,237 - WARNING - Empty DataFrame will be written.
2025-03-19 18:58:37,344 - INFO - Read 0 rows from s3://thesis--ec331-s3/FCAS_RAISE1SEC-Volume-Bids/PUBLIC_DVD_BIDPEROFFER1_202311010000.parquet/part.796.parquet
2025-03-19 18:58:37,348 - INFO - No duplicates found in s3://thesis--ec331-s3/FCAS_RAISE1SEC-Volume-Bids/PUBLIC_DVD_BIDPEROFFER1_202311010000.parquet/part.796.parquet
2025-03-19 18:58:37,349 - WARNING - Empty DataFrame will be written.
2025-03-19 18:58:37,375 - INFO - Read 0 rows from s3://thesis--ec331-s3/FCAS_RAISE1SEC-Volume-Bids/PUBLIC_DVD_BIDPEROFFER1_202311010000.parquet/part.797.parquet
2025-03-19 18:58:37,377 - INFO - No duplicates found in s3://thesis--ec331-s3/FCAS_RAISE1SEC-Volume-Bids/PUBLIC_DVD_BIDPEROFFER1_202311010000.parquet/part.797.parquet
2025-03-19 18:58:37,379 - WARNING - Empty DataFrame will be written.
2025-03-19 18:58:37,426 - INFO - Wrote original 0 rows to s3://thesis--ec331-s3/de-duped-volume-bids/PUBLIC_DVD_BIDPEROFFER1_202311010000.parquet/part.794.parquet
2025-03-19 18:58:37,519 - INFO - Processing: s3://thesis--ec331-s3/FCAS_RAISE1SEC-Volume-Bids/PUBLIC_DVD_BIDPEROFFER1_202311010000.parquet/part.798.parquet
2025-03-19 18:58:37,521 - INFO - Target: s3://thesis--ec331-s3/de-duped-volume-bids/PUBLIC_DVD_BIDPEROFFER1_202311010000.parquet/part.798.parquet
2025-03-19 18:58:37,547 - INFO - Wrote original 0 rows to s3://thesis--ec331-s3/de-duped-volume-bids/PUBLIC_DVD_BIDPEROFFER1_202311010000.parquet/part.795.parquet
2025-03-19 18:58:37,636 - INFO - Processing: s3://thesis--ec331-s3/FCAS_RAISE1SEC-Volume-Bids/PUBLIC_DVD_BIDPEROFFER1_202311010000.parquet/part.799.parquet
2025-03-19 18:58:37,638 - INFO - Target: s3://thesis--ec331-s3/de-duped-volume-bids/PUBLIC_DVD_BIDPEROFFER1_202311010000.parquet/part.799.parquet
2025-03-19 18:58:37,778 - INFO - Wrote original 0 rows to s3://thesis--ec331-s3/de-duped-volume-bids/PUBLIC_DVD_BIDPEROFFER1_202311010000.parquet/part.796.parquet
2025-03-19 18:58:37,865 - INFO - Processing: s3://thesis--ec331-s3/FCAS_RAISE1SEC-Volume-Bids/PUBLIC_DVD_BIDPEROFFER1_202311010000.parquet/part.8.parquet
2025-03-19 18:58:37,868 - INFO - Wrote original 0 rows to s3://thesis--ec331-s3/de-duped-volume-bids/PUBLIC_DVD_BIDPEROFFER1_202311010000.parquet/part.797.parquet
2025-03-19 18:58:37,873 - INFO - Target: s3://thesis--ec331-s3/de-duped-volume-bids/PUBLIC_DVD_BIDPEROFFER1_202311010000.parquet/part.8.parquet
2025-03-19 18:58:37,960 - INFO - Processing: s3://thesis--ec331-s3/FCAS_RAISE1SEC-Volume-Bids/PUBLIC_DVD_BIDPEROFFER1_202311010000.parquet/part.80.parquet
2025-03-19 18:58:37,974 - INFO - Target: s3://thesis--ec331-s3/de-duped-volume-bids/PUBLIC_DVD_BIDPEROFFER1_202311010000.parquet/part.80.parquet
2025-03-19 18:58:38,001 - INFO - Read 0 rows from s3://thesis--ec331-s3/FCAS_RAISE1SEC-Volume-Bids/PUBLIC_DVD_BIDPEROFFER1_202311010000.parquet/part.798.parquet
2025-03-19 18:58:38,004 - INFO - No duplicates found in s3://thesis--ec331-s3/FCAS_RAISE1SEC-Volume-Bids/PUBLIC_DVD_BIDPEROFFER1_202311010000.parquet/part.798.parquet
2025-03-19 18:58:38,005 - WARNING - Empty DataFrame will be written.
2025-03-19 18:58:38,082 - INFO - Read 0 rows from s3://thesis--ec331-s3/FCAS_RAISE1SEC-Volume-Bids/PUBLIC_DVD_BIDPEROFFER1_202311010000.parquet/part.799.parquet
2025-03-19 18:58:38,085 - INFO - No duplicates found in s3://thesis--ec331-s3/FCAS_RAISE1SEC-Volume-Bids/PUBLIC_DVD_BIDPEROFFER1_202311010000.parquet/part.799.parquet
2025-03-19 18:58:38,086 - WARNING - Empty DataFrame will be written.
2025-03-19 18:58:38,212 - INFO - Read 0 rows from s3://thesis--ec331-s3/FCAS_RAISE1SEC-Volume-Bids/PUBLIC_DVD_BIDPEROFFER1_202311010000.parquet/part.8.parquet
2025-03-19 18:58:38,214 - INFO - No duplicates found in s3://thesis--ec331-s3/FCAS_RAISE1SEC-Volume-Bids/PUBLIC_DVD_BIDPEROFFER1_202311010000.parquet/part.8.parquet
2025-03-19 18:58:38,216 - WARNING - Empty DataFrame will be written.
2025-03-19 18:58:38,243 - INFO - Read 0 rows from s3://thesis--ec331-s3/FCAS_RAISE1SEC-Volume-Bids/PUBLIC_DVD_BIDPEROFFER1_202311010000.parquet/part.80.parquet
2025-03-19 18:58:38,247 - INFO - No duplicates found in s3://thesis--ec331-s3/FCAS_RAISE1SEC-Volume-Bids/PUBLIC_DVD_BIDPEROFFER1_202311010000.parquet/part.80.parquet
2025-03-19 18:58:38,249 - WARNING - Empty DataFrame will be written.
2025-03-19 18:58:38,275 - INFO - Wrote original 0 rows to s3://thesis--ec331-s3/de-duped-volume-bids/PUBLIC_DVD_BIDPEROFFER1_202311010000.parquet/part.798.parquet
2025-03-19 18:58:38,370 - INFO - Processing: s3://thesis--ec331-s3/FCAS_RAISE1SEC-Volume-Bids/PUBLIC_DVD_BIDPEROFFER1_202311010000.parquet/part.800.parquet
2025-03-19 18:58:38,372 - INFO - Target: s3://thesis--ec331-s3/de-duped-volume-bids/PUBLIC_DVD_BIDPEROFFER1_202311010000.parquet/part.800.parquet
2025-03-19 18:58:38,399 - INFO - Wrote original 0 rows to s3://thesis--ec331-s3/de-duped-volume-bids/PUBLIC_DVD_BIDPEROFFER1_202311010000.parquet/part.799.parquet
2025-03-19 18:58:38,491 - INFO - Processing: s3://thesis--ec331-s3/FCAS_RAISE1SEC-Volume-Bids/PUBLIC_DVD_BIDPEROFFER1_202311010000.parquet/part.801.parquet
2025-03-19 18:58:38,492 - INFO - Target: s3://thesis--ec331-s3/de-duped-volume-bids/PUBLIC_DVD_BIDPEROFFER1_202311010000.parquet/part.801.parquet
2025-03-19 18:58:38,556 - INFO - Wrote original 0 rows to s3://thesis--ec331-s3/de-duped-volume-bids/PUBLIC_DVD_BIDPEROFFER1_202311010000.parquet/part.80.parquet
2025-03-19 18:58:38,642 - INFO - Processing: s3://thesis--ec331-s3/FCAS_RAISE1SEC-Volume-Bids/PUBLIC_DVD_BIDPEROFFER1_202311010000.parquet/part.802.parquet
2025-03-19 18:58:38,644 - INFO - Target: s3://thesis--ec331-s3/de-duped-volume-bids/PUBLIC_DVD_BIDPEROFFER1_202311010000.parquet/part.802.parquet
2025-03-19 18:58:38,686 - INFO - Wrote original 0 rows to s3://thesis--ec331-s3/de-duped-volume-bids/PUBLIC_DVD_BIDPEROFFER1_202311010000.parquet/part.8.parquet
2025-03-19 18:58:38,778 - INFO - Processing: s3://thesis--ec331-s3/FCAS_RAISE1SEC-Volume-Bids/PUBLIC_DVD_BIDPEROFFER1_202311010000.parquet/part.803.parquet
2025-03-19 18:58:38,782 - INFO - Target: s3://thesis--ec331-s3/de-duped-volume-bids/PUBLIC_DVD_BIDPEROFFER1_202311010000.parquet/part.803.parquet
2025-03-19 18:58:38,805 - INFO - Read 0 rows from s3://thesis--ec331-s3/FCAS_RAISE1SEC-Volume-Bids/PUBLIC_DVD_BIDPEROFFER1_202311010000.parquet/part.800.parquet
2025-03-19 18:58:38,813 - INFO - No duplicates found in s3://thesis--ec331-s3/FCAS_RAISE1SEC-Volume-Bids/PUBLIC_DVD_BIDPEROFFER1_202311010000.parquet/part.800.parquet
2025-03-19 18:58:38,814 - WARNING - Empty DataFrame will be written.
2025-03-19 18:58:38,884 - INFO - Read 0 rows from s3://thesis--ec331-s3/FCAS_RAISE1SEC-Volume-Bids/PUBLIC_DVD_BIDPEROFFER1_202311010000.parquet/part.801.parquet
2025-03-19 18:58:38,887 - INFO - No duplicates found in s3://thesis--ec331-s3/FCAS_RAISE1SEC-Volume-Bids/PUBLIC_DVD_BIDPEROFFER1_202311010000.parquet/part.801.parquet
2025-03-19 18:58:38,888 - WARNING - Empty DataFrame will be written.
2025-03-19 18:58:38,976 - INFO - Read 0 rows from s3://thesis--ec331-s3/FCAS_RAISE1SEC-Volume-Bids/PUBLIC_DVD_BIDPEROFFER1_202311010000.parquet/part.802.parquet
2025-03-19 18:58:38,980 - INFO - No duplicates found in s3://thesis--ec331-s3/FCAS_RAISE1SEC-Volume-Bids/PUBLIC_DVD_BIDPEROFFER1_202311010000.parquet/part.802.parquet
2025-03-19 18:58:38,981 - WARNING - Empty DataFrame will be written.
2025-03-19 18:58:39,016 - INFO - Read 0 rows from s3://thesis--ec331-s3/FCAS_RAISE1SEC-Volume-Bids/PUBLIC_DVD_BIDPEROFFER1_202311010000.parquet/part.803.parquet
2025-03-19 18:58:39,019 - INFO - No duplicates found in s3://thesis--ec331-s3/FCAS_RAISE1SEC-Volume-Bids/PUBLIC_DVD_BIDPEROFFER1_202311010000.parquet/part.803.parquet
2025-03-19 18:58:39,020 - WARNING - Empty DataFrame will be written.
2025-03-19 18:58:39,033 - INFO - Wrote original 0 rows to s3://thesis--ec331-s3/de-duped-volume-bids/PUBLIC_DVD_BIDPEROFFER1_202311010000.parquet/part.800.parquet
2025-03-19 18:58:39,131 - INFO - Processing: s3://thesis--ec331-s3/FCAS_RAISE1SEC-Volume-Bids/PUBLIC_DVD_BIDPEROFFER1_202311010000.parquet/part.804.parquet
2025-03-19 18:58:39,135 - INFO - Target: s3://thesis--ec331-s3/de-duped-volume-bids/PUBLIC_DVD_BIDPEROFFER1_202311010000.parquet/part.804.parquet
2025-03-19 18:58:39,185 - INFO - Wrote original 0 rows to s3://thesis--ec331-s3/de-duped-volume-bids/PUBLIC_DVD_BIDPEROFFER1_202311010000.parquet/part.801.parquet
2025-03-19 18:58:39,282 - INFO - Processing: s3://thesis--ec331-s3/FCAS_RAISE1SEC-Volume-Bids/PUBLIC_DVD_BIDPEROFFER1_202311010000.parquet/part.805.parquet
2025-03-19 18:58:39,284 - INFO - Target: s3://thesis--ec331-s3/de-duped-volume-bids/PUBLIC_DVD_BIDPEROFFER1_202311010000.parquet/part.805.parquet
2025-03-19 18:58:39,446 - INFO - Wrote original 0 rows to s3://thesis--ec331-s3/de-duped-volume-bids/PUBLIC_DVD_BIDPEROFFER1_202311010000.parquet/part.802.parquet
2025-03-19 18:58:39,448 - INFO - Wrote original 0 rows to s3://thesis--ec331-s3/de-duped-volume-bids/PUBLIC_DVD_BIDPEROFFER1_202311010000.parquet/part.803.parquet
2025-03-19 18:58:39,545 - INFO - Processing: s3://thesis--ec331-s3/FCAS_RAISE1SEC-Volume-Bids/PUBLIC_DVD_BIDPEROFFER1_202311010000.parquet/part.806.parquet
2025-03-19 18:58:39,638 - INFO - Processing: s3://thesis--ec331-s3/FCAS_RAISE1SEC-Volume-Bids/PUBLIC_DVD_BIDPEROFFER1_202311010000.parquet/part.807.parquet
2025-03-19 18:58:39,639 - INFO - Target: s3://thesis--ec331-s3/de-duped-volume-bids/PUBLIC_DVD_BIDPEROFFER1_202311010000.parquet/part.806.parquet
2025-03-19 18:58:39,640 - INFO - Target: s3://thesis--ec331-s3/de-duped-volume-bids/PUBLIC_DVD_BIDPEROFFER1_202311010000.parquet/part.807.parquet
2025-03-19 18:58:39,684 - INFO - Read 0 rows from s3://thesis--ec331-s3/FCAS_RAISE1SEC-Volume-Bids/PUBLIC_DVD_BIDPEROFFER1_202311010000.parquet/part.804.parquet
2025-03-19 18:58:39,686 - INFO - No duplicates found in s3://thesis--ec331-s3/FCAS_RAISE1SEC-Volume-Bids/PUBLIC_DVD_BIDPEROFFER1_202311010000.parquet/part.804.parquet
2025-03-19 18:58:39,687 - WARNING - Empty DataFrame will be written.
2025-03-19 18:58:39,770 - INFO - Read 0 rows from s3://thesis--ec331-s3/FCAS_RAISE1SEC-Volume-Bids/PUBLIC_DVD_BIDPEROFFER1_202311010000.parquet/part.805.parquet
2025-03-19 18:58:39,773 - INFO - No duplicates found in s3://thesis--ec331-s3/FCAS_RAISE1SEC-Volume-Bids/PUBLIC_DVD_BIDPEROFFER1_202311010000.parquet/part.805.parquet
2025-03-19 18:58:39,774 - WARNING - Empty DataFrame will be written.
2025-03-19 18:58:39,907 - INFO - Read 0 rows from s3://thesis--ec331-s3/FCAS_RAISE1SEC-Volume-Bids/PUBLIC_DVD_BIDPEROFFER1_202311010000.parquet/part.807.parquet
2025-03-19 18:58:39,910 - INFO - No duplicates found in s3://thesis--ec331-s3/FCAS_RAISE1SEC-Volume-Bids/PUBLIC_DVD_BIDPEROFFER1_202311010000.parquet/part.807.parquet
2025-03-19 18:58:39,911 - WARNING - Empty DataFrame will be written.
2025-03-19 18:58:39,936 - INFO - Wrote original 0 rows to s3://thesis--ec331-s3/de-duped-volume-bids/PUBLIC_DVD_BIDPEROFFER1_202311010000.parquet/part.804.parquet
2025-03-19 18:58:40,033 - INFO - Processing: s3://thesis--ec331-s3/FCAS_RAISE1SEC-Volume-Bids/PUBLIC_DVD_BIDPEROFFER1_202311010000.parquet/part.808.parquet
2025-03-19 18:58:40,035 - INFO - Target: s3://thesis--ec331-s3/de-duped-volume-bids/PUBLIC_DVD_BIDPEROFFER1_202311010000.parquet/part.808.parquet
2025-03-19 18:58:40,056 - INFO - Read 0 rows from s3://thesis--ec331-s3/FCAS_RAISE1SEC-Volume-Bids/PUBLIC_DVD_BIDPEROFFER1_202311010000.parquet/part.806.parquet
2025-03-19 18:58:40,059 - INFO - No duplicates found in s3://thesis--ec331-s3/FCAS_RAISE1SEC-Volume-Bids/PUBLIC_DVD_BIDPEROFFER1_202311010000.parquet/part.806.parquet
2025-03-19 18:58:40,061 - WARNING - Empty DataFrame will be written.
2025-03-19 18:58:40,096 - INFO - Wrote original 0 rows to s3://thesis--ec331-s3/de-duped-volume-bids/PUBLIC_DVD_BIDPEROFFER1_202311010000.parquet/part.805.parquet
2025-03-19 18:58:40,189 - INFO - Processing: s3://thesis--ec331-s3/FCAS_RAISE1SEC-Volume-Bids/PUBLIC_DVD_BIDPEROFFER1_202311010000.parquet/part.809.parquet
2025-03-19 18:58:40,192 - INFO - Target: s3://thesis--ec331-s3/de-duped-volume-bids/PUBLIC_DVD_BIDPEROFFER1_202311010000.parquet/part.809.parquet
2025-03-19 18:58:40,350 - INFO - Wrote original 0 rows to s3://thesis--ec331-s3/de-duped-volume-bids/PUBLIC_DVD_BIDPEROFFER1_202311010000.parquet/part.807.parquet
2025-03-19 18:58:40,442 - INFO - Processing: s3://thesis--ec331-s3/FCAS_RAISE1SEC-Volume-Bids/PUBLIC_DVD_BIDPEROFFER1_202311010000.parquet/part.81.parquet
2025-03-19 18:58:40,447 - INFO - Wrote original 0 rows to s3://thesis--ec331-s3/de-duped-volume-bids/PUBLIC_DVD_BIDPEROFFER1_202311010000.parquet/part.806.parquet
2025-03-19 18:58:40,449 - INFO - Target: s3://thesis--ec331-s3/de-duped-volume-bids/PUBLIC_DVD_BIDPEROFFER1_202311010000.parquet/part.81.parquet
2025-03-19 18:58:40,542 - INFO - Processing: s3://thesis--ec331-s3/FCAS_RAISE1SEC-Volume-Bids/PUBLIC_DVD_BIDPEROFFER1_202311010000.parquet/part.810.parquet
2025-03-19 18:58:40,553 - INFO - Target: s3://thesis--ec331-s3/de-duped-volume-bids/PUBLIC_DVD_BIDPEROFFER1_202311010000.parquet/part.810.parquet
2025-03-19 18:58:40,573 - INFO - Read 0 rows from s3://thesis--ec331-s3/FCAS_RAISE1SEC-Volume-Bids/PUBLIC_DVD_BIDPEROFFER1_202311010000.parquet/part.808.parquet
2025-03-19 18:58:40,582 - INFO - No duplicates found in s3://thesis--ec331-s3/FCAS_RAISE1SEC-Volume-Bids/PUBLIC_DVD_BIDPEROFFER1_202311010000.parquet/part.808.parquet
2025-03-19 18:58:40,584 - WARNING - Empty DataFrame will be written.
2025-03-19 18:58:40,645 - INFO - Read 0 rows from s3://thesis--ec331-s3/FCAS_RAISE1SEC-Volume-Bids/PUBLIC_DVD_BIDPEROFFER1_202311010000.parquet/part.809.parquet
2025-03-19 18:58:40,648 - INFO - No duplicates found in s3://thesis--ec331-s3/FCAS_RAISE1SEC-Volume-Bids/PUBLIC_DVD_BIDPEROFFER1_202311010000.parquet/part.809.parquet
2025-03-19 18:58:40,649 - WARNING - Empty DataFrame will be written.
2025-03-19 18:58:40,783 - INFO - Read 0 rows from s3://thesis--ec331-s3/FCAS_RAISE1SEC-Volume-Bids/PUBLIC_DVD_BIDPEROFFER1_202311010000.parquet/part.81.parquet
2025-03-19 18:58:40,786 - INFO - No duplicates found in s3://thesis--ec331-s3/FCAS_RAISE1SEC-Volume-Bids/PUBLIC_DVD_BIDPEROFFER1_202311010000.parquet/part.81.parquet
2025-03-19 18:58:40,792 - WARNING - Empty DataFrame will be written.
2025-03-19 18:58:40,837 - INFO - Wrote original 0 rows to s3://thesis--ec331-s3/de-duped-volume-bids/PUBLIC_DVD_BIDPEROFFER1_202311010000.parquet/part.808.parquet
2025-03-19 18:58:40,933 - INFO - Processing: s3://thesis--ec331-s3/FCAS_RAISE1SEC-Volume-Bids/PUBLIC_DVD_BIDPEROFFER1_202311010000.parquet/part.811.parquet
2025-03-19 18:58:40,936 - INFO - Target: s3://thesis--ec331-s3/de-duped-volume-bids/PUBLIC_DVD_BIDPEROFFER1_202311010000.parquet/part.811.parquet
2025-03-19 18:58:40,938 - INFO - Wrote original 0 rows to s3://thesis--ec331-s3/de-duped-volume-bids/PUBLIC_DVD_BIDPEROFFER1_202311010000.parquet/part.809.parquet
2025-03-19 18:58:41,046 - INFO - Processing: s3://thesis--ec331-s3/FCAS_RAISE1SEC-Volume-Bids/PUBLIC_DVD_BIDPEROFFER1_202311010000.parquet/part.812.parquet
2025-03-19 18:58:41,053 - INFO - Target: s3://thesis--ec331-s3/de-duped-volume-bids/PUBLIC_DVD_BIDPEROFFER1_202311010000.parquet/part.812.parquet
2025-03-19 18:58:41,073 - INFO - Read 0 rows from s3://thesis--ec331-s3/FCAS_RAISE1SEC-Volume-Bids/PUBLIC_DVD_BIDPEROFFER1_202311010000.parquet/part.810.parquet
2025-03-19 18:58:41,077 - INFO - No duplicates found in s3://thesis--ec331-s3/FCAS_RAISE1SEC-Volume-Bids/PUBLIC_DVD_BIDPEROFFER1_202311010000.parquet/part.810.parquet
2025-03-19 18:58:41,077 - WARNING - Empty DataFrame will be written.
2025-03-19 18:58:41,173 - INFO - Wrote original 0 rows to s3://thesis--ec331-s3/de-duped-volume-bids/PUBLIC_DVD_BIDPEROFFER1_202311010000.parquet/part.81.parquet
2025-03-19 18:58:41,262 - INFO - Processing: s3://thesis--ec331-s3/FCAS_RAISE1SEC-Volume-Bids/PUBLIC_DVD_BIDPEROFFER1_202311010000.parquet/part.813.parquet
2025-03-19 18:58:41,269 - INFO - Target: s3://thesis--ec331-s3/de-duped-volume-bids/PUBLIC_DVD_BIDPEROFFER1_202311010000.parquet/part.813.parquet
2025-03-19 18:58:41,340 - INFO - Read 0 rows from s3://thesis--ec331-s3/FCAS_RAISE1SEC-Volume-Bids/PUBLIC_DVD_BIDPEROFFER1_202311010000.parquet/part.812.parquet
2025-03-19 18:58:41,344 - INFO - No duplicates found in s3://thesis--ec331-s3/FCAS_RAISE1SEC-Volume-Bids/PUBLIC_DVD_BIDPEROFFER1_202311010000.parquet/part.812.parquet
2025-03-19 18:58:41,345 - WARNING - Empty DataFrame will be written.
2025-03-19 18:58:41,378 - INFO - Read 0 rows from s3://thesis--ec331-s3/FCAS_RAISE1SEC-Volume-Bids/PUBLIC_DVD_BIDPEROFFER1_202311010000.parquet/part.811.parquet
2025-03-19 18:58:41,381 - INFO - No duplicates found in s3://thesis--ec331-s3/FCAS_RAISE1SEC-Volume-Bids/PUBLIC_DVD_BIDPEROFFER1_202311010000.parquet/part.811.parquet
2025-03-19 18:58:41,383 - WARNING - Empty DataFrame will be written.
2025-03-19 18:58:41,408 - INFO - Wrote original 0 rows to s3://thesis--ec331-s3/de-duped-volume-bids/PUBLIC_DVD_BIDPEROFFER1_202311010000.parquet/part.810.parquet
2025-03-19 18:58:41,498 - INFO - Processing: s3://thesis--ec331-s3/FCAS_RAISE1SEC-Volume-Bids/PUBLIC_DVD_BIDPEROFFER1_202311010000.parquet/part.814.parquet
2025-03-19 18:58:41,500 - INFO - Target: s3://thesis--ec331-s3/de-duped-volume-bids/PUBLIC_DVD_BIDPEROFFER1_202311010000.parquet/part.814.parquet
2025-03-19 18:58:41,591 - INFO - Read 0 rows from s3://thesis--ec331-s3/FCAS_RAISE1SEC-Volume-Bids/PUBLIC_DVD_BIDPEROFFER1_202311010000.parquet/part.813.parquet
2025-03-19 18:58:41,594 - INFO - No duplicates found in s3://thesis--ec331-s3/FCAS_RAISE1SEC-Volume-Bids/PUBLIC_DVD_BIDPEROFFER1_202311010000.parquet/part.813.parquet
2025-03-19 18:58:41,595 - WARNING - Empty DataFrame will be written.
2025-03-19 18:58:41,723 - INFO - Wrote original 0 rows to s3://thesis--ec331-s3/de-duped-volume-bids/PUBLIC_DVD_BIDPEROFFER1_202311010000.parquet/part.812.parquet
2025-03-19 18:58:41,822 - INFO - Processing: s3://thesis--ec331-s3/FCAS_RAISE1SEC-Volume-Bids/PUBLIC_DVD_BIDPEROFFER1_202311010000.parquet/part.815.parquet
2025-03-19 18:58:41,823 - INFO - Target: s3://thesis--ec331-s3/de-duped-volume-bids/PUBLIC_DVD_BIDPEROFFER1_202311010000.parquet/part.815.parquet
2025-03-19 18:58:41,855 - INFO - Wrote original 0 rows to s3://thesis--ec331-s3/de-duped-volume-bids/PUBLIC_DVD_BIDPEROFFER1_202311010000.parquet/part.811.parquet
2025-03-19 18:58:41,942 - INFO - Processing: s3://thesis--ec331-s3/FCAS_RAISE1SEC-Volume-Bids/PUBLIC_DVD_BIDPEROFFER1_202311010000.parquet/part.816.parquet
2025-03-19 18:58:41,946 - INFO - Target: s3://thesis--ec331-s3/de-duped-volume-bids/PUBLIC_DVD_BIDPEROFFER1_202311010000.parquet/part.816.parquet
2025-03-19 18:58:41,974 - INFO - Read 0 rows from s3://thesis--ec331-s3/FCAS_RAISE1SEC-Volume-Bids/PUBLIC_DVD_BIDPEROFFER1_202311010000.parquet/part.814.parquet
2025-03-19 18:58:41,977 - INFO - No duplicates found in s3://thesis--ec331-s3/FCAS_RAISE1SEC-Volume-Bids/PUBLIC_DVD_BIDPEROFFER1_202311010000.parquet/part.814.parquet
2025-03-19 18:58:41,978 - WARNING - Empty DataFrame will be written.
2025-03-19 18:58:41,999 - INFO - Wrote original 0 rows to s3://thesis--ec331-s3/de-duped-volume-bids/PUBLIC_DVD_BIDPEROFFER1_202311010000.parquet/part.813.parquet
2025-03-19 18:58:42,095 - INFO - Processing: s3://thesis--ec331-s3/FCAS_RAISE1SEC-Volume-Bids/PUBLIC_DVD_BIDPEROFFER1_202311010000.parquet/part.817.parquet
2025-03-19 18:58:42,097 - INFO - Target: s3://thesis--ec331-s3/de-duped-volume-bids/PUBLIC_DVD_BIDPEROFFER1_202311010000.parquet/part.817.parquet
2025-03-19 18:58:42,192 - INFO - Read 0 rows from s3://thesis--ec331-s3/FCAS_RAISE1SEC-Volume-Bids/PUBLIC_DVD_BIDPEROFFER1_202311010000.parquet/part.815.parquet
2025-03-19 18:58:42,196 - INFO - No duplicates found in s3://thesis--ec331-s3/FCAS_RAISE1SEC-Volume-Bids/PUBLIC_DVD_BIDPEROFFER1_202311010000.parquet/part.815.parquet
2025-03-19 18:58:42,204 - WARNING - Empty DataFrame will be written.
2025-03-19 18:58:42,238 - INFO - Wrote original 0 rows to s3://thesis--ec331-s3/de-duped-volume-bids/PUBLIC_DVD_BIDPEROFFER1_202311010000.parquet/part.814.parquet
2025-03-19 18:58:42,326 - INFO - Processing: s3://thesis--ec331-s3/FCAS_RAISE1SEC-Volume-Bids/PUBLIC_DVD_BIDPEROFFER1_202311010000.parquet/part.818.parquet
2025-03-19 18:58:42,332 - INFO - Target: s3://thesis--ec331-s3/de-duped-volume-bids/PUBLIC_DVD_BIDPEROFFER1_202311010000.parquet/part.818.parquet
2025-03-19 18:58:42,376 - INFO - Read 0 rows from s3://thesis--ec331-s3/FCAS_RAISE1SEC-Volume-Bids/PUBLIC_DVD_BIDPEROFFER1_202311010000.parquet/part.816.parquet
2025-03-19 18:58:42,384 - INFO - No duplicates found in s3://thesis--ec331-s3/FCAS_RAISE1SEC-Volume-Bids/PUBLIC_DVD_BIDPEROFFER1_202311010000.parquet/part.816.parquet
2025-03-19 18:58:42,385 - WARNING - Empty DataFrame will be written.
2025-03-19 18:58:42,463 - INFO - Read 0 rows from s3://thesis--ec331-s3/FCAS_RAISE1SEC-Volume-Bids/PUBLIC_DVD_BIDPEROFFER1_202311010000.parquet/part.817.parquet
2025-03-19 18:58:42,466 - INFO - No duplicates found in s3://thesis--ec331-s3/FCAS_RAISE1SEC-Volume-Bids/PUBLIC_DVD_BIDPEROFFER1_202311010000.parquet/part.817.parquet
2025-03-19 18:58:42,467 - WARNING - Empty DataFrame will be written.
2025-03-19 18:58:42,476 - INFO - Wrote original 0 rows to s3://thesis--ec331-s3/de-duped-volume-bids/PUBLIC_DVD_BIDPEROFFER1_202311010000.parquet/part.815.parquet
2025-03-19 18:58:42,572 - INFO - Processing: s3://thesis--ec331-s3/FCAS_RAISE1SEC-Volume-Bids/PUBLIC_DVD_BIDPEROFFER1_202311010000.parquet/part.819.parquet
2025-03-19 18:58:42,583 - INFO - Target: s3://thesis--ec331-s3/de-duped-volume-bids/PUBLIC_DVD_BIDPEROFFER1_202311010000.parquet/part.819.parquet
2025-03-19 18:58:42,669 - INFO - Read 0 rows from s3://thesis--ec331-s3/FCAS_RAISE1SEC-Volume-Bids/PUBLIC_DVD_BIDPEROFFER1_202311010000.parquet/part.818.parquet
2025-03-19 18:58:42,672 - INFO - No duplicates found in s3://thesis--ec331-s3/FCAS_RAISE1SEC-Volume-Bids/PUBLIC_DVD_BIDPEROFFER1_202311010000.parquet/part.818.parquet
2025-03-19 18:58:42,673 - WARNING - Empty DataFrame will be written.
2025-03-19 18:58:42,699 - INFO - Wrote original 0 rows to s3://thesis--ec331-s3/de-duped-volume-bids/PUBLIC_DVD_BIDPEROFFER1_202311010000.parquet/part.816.parquet
2025-03-19 18:58:42,791 - INFO - Processing: s3://thesis--ec331-s3/FCAS_RAISE1SEC-Volume-Bids/PUBLIC_DVD_BIDPEROFFER1_202311010000.parquet/part.82.parquet
2025-03-19 18:58:42,793 - INFO - Target: s3://thesis--ec331-s3/de-duped-volume-bids/PUBLIC_DVD_BIDPEROFFER1_202311010000.parquet/part.82.parquet
2025-03-19 18:58:42,876 - INFO - Read 0 rows from s3://thesis--ec331-s3/FCAS_RAISE1SEC-Volume-Bids/PUBLIC_DVD_BIDPEROFFER1_202311010000.parquet/part.819.parquet
2025-03-19 18:58:42,879 - INFO - No duplicates found in s3://thesis--ec331-s3/FCAS_RAISE1SEC-Volume-Bids/PUBLIC_DVD_BIDPEROFFER1_202311010000.parquet/part.819.parquet
2025-03-19 18:58:42,880 - WARNING - Empty DataFrame will be written.
2025-03-19 18:58:42,962 - INFO - Wrote original 0 rows to s3://thesis--ec331-s3/de-duped-volume-bids/PUBLIC_DVD_BIDPEROFFER1_202311010000.parquet/part.817.parquet
2025-03-19 18:58:43,060 - INFO - Processing: s3://thesis--ec331-s3/FCAS_RAISE1SEC-Volume-Bids/PUBLIC_DVD_BIDPEROFFER1_202311010000.parquet/part.820.parquet
2025-03-19 18:58:43,062 - INFO - Target: s3://thesis--ec331-s3/de-duped-volume-bids/PUBLIC_DVD_BIDPEROFFER1_202311010000.parquet/part.820.parquet
2025-03-19 18:58:43,133 - INFO - Wrote original 0 rows to s3://thesis--ec331-s3/de-duped-volume-bids/PUBLIC_DVD_BIDPEROFFER1_202311010000.parquet/part.818.parquet
2025-03-19 18:58:43,226 - INFO - Processing: s3://thesis--ec331-s3/FCAS_RAISE1SEC-Volume-Bids/PUBLIC_DVD_BIDPEROFFER1_202311010000.parquet/part.821.parquet
2025-03-19 18:58:43,230 - INFO - Target: s3://thesis--ec331-s3/de-duped-volume-bids/PUBLIC_DVD_BIDPEROFFER1_202311010000.parquet/part.821.parquet
2025-03-19 18:58:43,253 - INFO - Read 0 rows from s3://thesis--ec331-s3/FCAS_RAISE1SEC-Volume-Bids/PUBLIC_DVD_BIDPEROFFER1_202311010000.parquet/part.82.parquet
2025-03-19 18:58:43,257 - INFO - No duplicates found in s3://thesis--ec331-s3/FCAS_RAISE1SEC-Volume-Bids/PUBLIC_DVD_BIDPEROFFER1_202311010000.parquet/part.82.parquet
2025-03-19 18:58:43,263 - WARNING - Empty DataFrame will be written.
2025-03-19 18:58:43,277 - INFO - Wrote original 0 rows to s3://thesis--ec331-s3/de-duped-volume-bids/PUBLIC_DVD_BIDPEROFFER1_202311010000.parquet/part.819.parquet
2025-03-19 18:58:43,368 - INFO - Processing: s3://thesis--ec331-s3/FCAS_RAISE1SEC-Volume-Bids/PUBLIC_DVD_BIDPEROFFER1_202311010000.parquet/part.822.parquet
2025-03-19 18:58:43,370 - INFO - Target: s3://thesis--ec331-s3/de-duped-volume-bids/PUBLIC_DVD_BIDPEROFFER1_202311010000.parquet/part.822.parquet
2025-03-19 18:58:43,478 - INFO - Read 0 rows from s3://thesis--ec331-s3/FCAS_RAISE1SEC-Volume-Bids/PUBLIC_DVD_BIDPEROFFER1_202311010000.parquet/part.820.parquet
2025-03-19 18:58:43,482 - INFO - No duplicates found in s3://thesis--ec331-s3/FCAS_RAISE1SEC-Volume-Bids/PUBLIC_DVD_BIDPEROFFER1_202311010000.parquet/part.820.parquet
2025-03-19 18:58:43,488 - WARNING - Empty DataFrame will be written.
2025-03-19 18:58:43,569 - INFO - Read 0 rows from s3://thesis--ec331-s3/FCAS_RAISE1SEC-Volume-Bids/PUBLIC_DVD_BIDPEROFFER1_202311010000.parquet/part.821.parquet
2025-03-19 18:58:43,573 - INFO - No duplicates found in s3://thesis--ec331-s3/FCAS_RAISE1SEC-Volume-Bids/PUBLIC_DVD_BIDPEROFFER1_202311010000.parquet/part.821.parquet
2025-03-19 18:58:43,574 - WARNING - Empty DataFrame will be written.
2025-03-19 18:58:43,607 - INFO - Wrote original 0 rows to s3://thesis--ec331-s3/de-duped-volume-bids/PUBLIC_DVD_BIDPEROFFER1_202311010000.parquet/part.82.parquet
2025-03-19 18:58:43,697 - INFO - Processing: s3://thesis--ec331-s3/FCAS_RAISE1SEC-Volume-Bids/PUBLIC_DVD_BIDPEROFFER1_202311010000.parquet/part.823.parquet
2025-03-19 18:58:43,700 - INFO - Target: s3://thesis--ec331-s3/de-duped-volume-bids/PUBLIC_DVD_BIDPEROFFER1_202311010000.parquet/part.823.parquet
2025-03-19 18:58:43,723 - INFO - Read 0 rows from s3://thesis--ec331-s3/FCAS_RAISE1SEC-Volume-Bids/PUBLIC_DVD_BIDPEROFFER1_202311010000.parquet/part.822.parquet
2025-03-19 18:58:43,727 - INFO - No duplicates found in s3://thesis--ec331-s3/FCAS_RAISE1SEC-Volume-Bids/PUBLIC_DVD_BIDPEROFFER1_202311010000.parquet/part.822.parquet
2025-03-19 18:58:43,734 - WARNING - Empty DataFrame will be written.
2025-03-19 18:58:43,753 - INFO - Wrote original 0 rows to s3://thesis--ec331-s3/de-duped-volume-bids/PUBLIC_DVD_BIDPEROFFER1_202311010000.parquet/part.820.parquet
2025-03-19 18:58:43,838 - INFO - Processing: s3://thesis--ec331-s3/FCAS_RAISE1SEC-Volume-Bids/PUBLIC_DVD_BIDPEROFFER1_202311010000.parquet/part.824.parquet
2025-03-19 18:58:43,840 - INFO - Target: s3://thesis--ec331-s3/de-duped-volume-bids/PUBLIC_DVD_BIDPEROFFER1_202311010000.parquet/part.824.parquet
2025-03-19 18:58:43,925 - INFO - Wrote original 0 rows to s3://thesis--ec331-s3/de-duped-volume-bids/PUBLIC_DVD_BIDPEROFFER1_202311010000.parquet/part.821.parquet
2025-03-19 18:58:44,011 - INFO - Processing: s3://thesis--ec331-s3/FCAS_RAISE1SEC-Volume-Bids/PUBLIC_DVD_BIDPEROFFER1_202311010000.parquet/part.825.parquet
2025-03-19 18:58:44,013 - INFO - Target: s3://thesis--ec331-s3/de-duped-volume-bids/PUBLIC_DVD_BIDPEROFFER1_202311010000.parquet/part.825.parquet
2025-03-19 18:58:44,134 - INFO - Read 0 rows from s3://thesis--ec331-s3/FCAS_RAISE1SEC-Volume-Bids/PUBLIC_DVD_BIDPEROFFER1_202311010000.parquet/part.823.parquet
2025-03-19 18:58:44,137 - INFO - No duplicates found in s3://thesis--ec331-s3/FCAS_RAISE1SEC-Volume-Bids/PUBLIC_DVD_BIDPEROFFER1_202311010000.parquet/part.823.parquet
2025-03-19 18:58:44,138 - WARNING - Empty DataFrame will be written.
2025-03-19 18:58:44,182 - INFO - Wrote original 0 rows to s3://thesis--ec331-s3/de-duped-volume-bids/PUBLIC_DVD_BIDPEROFFER1_202311010000.parquet/part.822.parquet
2025-03-19 18:58:44,269 - INFO - Processing: s3://thesis--ec331-s3/FCAS_RAISE1SEC-Volume-Bids/PUBLIC_DVD_BIDPEROFFER1_202311010000.parquet/part.826.parquet
2025-03-19 18:58:44,277 - INFO - Target: s3://thesis--ec331-s3/de-duped-volume-bids/PUBLIC_DVD_BIDPEROFFER1_202311010000.parquet/part.826.parquet
2025-03-19 18:58:44,310 - INFO - Read 0 rows from s3://thesis--ec331-s3/FCAS_RAISE1SEC-Volume-Bids/PUBLIC_DVD_BIDPEROFFER1_202311010000.parquet/part.824.parquet
2025-03-19 18:58:44,312 - INFO - No duplicates found in s3://thesis--ec331-s3/FCAS_RAISE1SEC-Volume-Bids/PUBLIC_DVD_BIDPEROFFER1_202311010000.parquet/part.824.parquet
2025-03-19 18:58:44,313 - WARNING - Empty DataFrame will be written.
2025-03-19 18:58:44,339 - INFO - Read 0 rows from s3://thesis--ec331-s3/FCAS_RAISE1SEC-Volume-Bids/PUBLIC_DVD_BIDPEROFFER1_202311010000.parquet/part.825.parquet
2025-03-19 18:58:44,342 - INFO - No duplicates found in s3://thesis--ec331-s3/FCAS_RAISE1SEC-Volume-Bids/PUBLIC_DVD_BIDPEROFFER1_202311010000.parquet/part.825.parquet
2025-03-19 18:58:44,343 - WARNING - Empty DataFrame will be written.
2025-03-19 18:58:44,431 - INFO - Wrote original 0 rows to s3://thesis--ec331-s3/de-duped-volume-bids/PUBLIC_DVD_BIDPEROFFER1_202311010000.parquet/part.823.parquet
2025-03-19 18:58:44,527 - INFO - Processing: s3://thesis--ec331-s3/FCAS_RAISE1SEC-Volume-Bids/PUBLIC_DVD_BIDPEROFFER1_202311010000.parquet/part.827.parquet
2025-03-19 18:58:44,529 - INFO - Target: s3://thesis--ec331-s3/de-duped-volume-bids/PUBLIC_DVD_BIDPEROFFER1_202311010000.parquet/part.827.parquet
2025-03-19 18:58:44,637 - INFO - Read 0 rows from s3://thesis--ec331-s3/FCAS_RAISE1SEC-Volume-Bids/PUBLIC_DVD_BIDPEROFFER1_202311010000.parquet/part.826.parquet
2025-03-19 18:58:44,641 - INFO - No duplicates found in s3://thesis--ec331-s3/FCAS_RAISE1SEC-Volume-Bids/PUBLIC_DVD_BIDPEROFFER1_202311010000.parquet/part.826.parquet
2025-03-19 18:58:44,642 - WARNING - Empty DataFrame will be written.
2025-03-19 18:58:44,684 - INFO - Wrote original 0 rows to s3://thesis--ec331-s3/de-duped-volume-bids/PUBLIC_DVD_BIDPEROFFER1_202311010000.parquet/part.824.parquet
2025-03-19 18:58:44,772 - INFO - Processing: s3://thesis--ec331-s3/FCAS_RAISE1SEC-Volume-Bids/PUBLIC_DVD_BIDPEROFFER1_202311010000.parquet/part.828.parquet
2025-03-19 18:58:44,774 - INFO - Target: s3://thesis--ec331-s3/de-duped-volume-bids/PUBLIC_DVD_BIDPEROFFER1_202311010000.parquet/part.828.parquet
2025-03-19 18:58:44,777 - INFO - Wrote original 0 rows to s3://thesis--ec331-s3/de-duped-volume-bids/PUBLIC_DVD_BIDPEROFFER1_202311010000.parquet/part.825.parquet
2025-03-19 18:58:44,886 - INFO - Processing: s3://thesis--ec331-s3/FCAS_RAISE1SEC-Volume-Bids/PUBLIC_DVD_BIDPEROFFER1_202311010000.parquet/part.829.parquet
2025-03-19 18:58:44,897 - INFO - Target: s3://thesis--ec331-s3/de-duped-volume-bids/PUBLIC_DVD_BIDPEROFFER1_202311010000.parquet/part.829.parquet
2025-03-19 18:58:44,940 - INFO - Read 0 rows from s3://thesis--ec331-s3/FCAS_RAISE1SEC-Volume-Bids/PUBLIC_DVD_BIDPEROFFER1_202311010000.parquet/part.827.parquet
2025-03-19 18:58:44,943 - INFO - No duplicates found in s3://thesis--ec331-s3/FCAS_RAISE1SEC-Volume-Bids/PUBLIC_DVD_BIDPEROFFER1_202311010000.parquet/part.827.parquet
2025-03-19 18:58:44,944 - WARNING - Empty DataFrame will be written.
2025-03-19 18:58:45,030 - INFO - Wrote original 0 rows to s3://thesis--ec331-s3/de-duped-volume-bids/PUBLIC_DVD_BIDPEROFFER1_202311010000.parquet/part.826.parquet
2025-03-19 18:58:45,114 - INFO - Processing: s3://thesis--ec331-s3/FCAS_RAISE1SEC-Volume-Bids/PUBLIC_DVD_BIDPEROFFER1_202311010000.parquet/part.83.parquet
2025-03-19 18:58:45,116 - INFO - Target: s3://thesis--ec331-s3/de-duped-volume-bids/PUBLIC_DVD_BIDPEROFFER1_202311010000.parquet/part.83.parquet
2025-03-19 18:58:45,195 - INFO - Read 0 rows from s3://thesis--ec331-s3/FCAS_RAISE1SEC-Volume-Bids/PUBLIC_DVD_BIDPEROFFER1_202311010000.parquet/part.828.parquet
2025-03-19 18:58:45,199 - INFO - No duplicates found in s3://thesis--ec331-s3/FCAS_RAISE1SEC-Volume-Bids/PUBLIC_DVD_BIDPEROFFER1_202311010000.parquet/part.828.parquet
2025-03-19 18:58:45,201 - WARNING - Empty DataFrame will be written.
2025-03-19 18:58:45,235 - INFO - Read 0 rows from s3://thesis--ec331-s3/FCAS_RAISE1SEC-Volume-Bids/PUBLIC_DVD_BIDPEROFFER1_202311010000.parquet/part.829.parquet
2025-03-19 18:58:45,237 - INFO - No duplicates found in s3://thesis--ec331-s3/FCAS_RAISE1SEC-Volume-Bids/PUBLIC_DVD_BIDPEROFFER1_202311010000.parquet/part.829.parquet
2025-03-19 18:58:45,238 - WARNING - Empty DataFrame will be written.
2025-03-19 18:58:45,261 - INFO - Wrote original 0 rows to s3://thesis--ec331-s3/de-duped-volume-bids/PUBLIC_DVD_BIDPEROFFER1_202311010000.parquet/part.827.parquet
2025-03-19 18:58:45,352 - INFO - Processing: s3://thesis--ec331-s3/FCAS_RAISE1SEC-Volume-Bids/PUBLIC_DVD_BIDPEROFFER1_202311010000.parquet/part.830.parquet
2025-03-19 18:58:45,354 - INFO - Target: s3://thesis--ec331-s3/de-duped-volume-bids/PUBLIC_DVD_BIDPEROFFER1_202311010000.parquet/part.830.parquet
2025-03-19 18:58:45,465 - INFO - Read 0 rows from s3://thesis--ec331-s3/FCAS_RAISE1SEC-Volume-Bids/PUBLIC_DVD_BIDPEROFFER1_202311010000.parquet/part.83.parquet
2025-03-19 18:58:45,468 - INFO - No duplicates found in s3://thesis--ec331-s3/FCAS_RAISE1SEC-Volume-Bids/PUBLIC_DVD_BIDPEROFFER1_202311010000.parquet/part.83.parquet
2025-03-19 18:58:45,469 - WARNING - Empty DataFrame will be written.
2025-03-19 18:58:45,551 - INFO - Wrote original 0 rows to s3://thesis--ec331-s3/de-duped-volume-bids/PUBLIC_DVD_BIDPEROFFER1_202311010000.parquet/part.828.parquet
2025-03-19 18:58:45,650 - INFO - Processing: s3://thesis--ec331-s3/FCAS_RAISE1SEC-Volume-Bids/PUBLIC_DVD_BIDPEROFFER1_202311010000.parquet/part.831.parquet
2025-03-19 18:58:45,656 - INFO - Target: s3://thesis--ec331-s3/de-duped-volume-bids/PUBLIC_DVD_BIDPEROFFER1_202311010000.parquet/part.831.parquet
2025-03-19 18:58:45,677 - INFO - Wrote original 0 rows to s3://thesis--ec331-s3/de-duped-volume-bids/PUBLIC_DVD_BIDPEROFFER1_202311010000.parquet/part.829.parquet
2025-03-19 18:58:45,770 - INFO - Processing: s3://thesis--ec331-s3/FCAS_RAISE1SEC-Volume-Bids/PUBLIC_DVD_BIDPEROFFER1_202311010000.parquet/part.832.parquet
2025-03-19 18:58:45,773 - INFO - Target: s3://thesis--ec331-s3/de-duped-volume-bids/PUBLIC_DVD_BIDPEROFFER1_202311010000.parquet/part.832.parquet
2025-03-19 18:58:45,825 - INFO - Wrote original 0 rows to s3://thesis--ec331-s3/de-duped-volume-bids/PUBLIC_DVD_BIDPEROFFER1_202311010000.parquet/part.83.parquet
2025-03-19 18:58:45,916 - INFO - Processing: s3://thesis--ec331-s3/FCAS_RAISE1SEC-Volume-Bids/PUBLIC_DVD_BIDPEROFFER1_202311010000.parquet/part.833.parquet
2025-03-19 18:58:45,918 - INFO - Target: s3://thesis--ec331-s3/de-duped-volume-bids/PUBLIC_DVD_BIDPEROFFER1_202311010000.parquet/part.833.parquet
2025-03-19 18:58:46,152 - INFO - Read 207,833 rows from s3://thesis--ec331-s3/FCAS_RAISE1SEC-Volume-Bids/PUBLIC_DVD_BIDPEROFFER1_202311010000.parquet/part.830.parquet
2025-03-19 18:58:46,270 - INFO - Found 207,833 rows (100.00%) with duplicate keys
2025-03-19 18:58:46,357 - INFO - Removed 207,257 duplicate rows
2025-03-19 18:58:47,631 - INFO - Read 510,337 rows from s3://thesis--ec331-s3/FCAS_RAISE1SEC-Volume-Bids/PUBLIC_DVD_BIDPEROFFER1_202311010000.parquet/part.831.parquet
2025-03-19 18:58:47,757 - INFO - Read 510,860 rows from s3://thesis--ec331-s3/FCAS_RAISE1SEC-Volume-Bids/PUBLIC_DVD_BIDPEROFFER1_202311010000.parquet/part.832.parquet
2025-03-19 18:58:47,887 - INFO - Read 511,156 rows from s3://thesis--ec331-s3/FCAS_RAISE1SEC-Volume-Bids/PUBLIC_DVD_BIDPEROFFER1_202311010000.parquet/part.833.parquet
2025-03-19 18:58:47,902 - INFO - Wrote 576 rows to s3://thesis--ec331-s3/de-duped-volume-bids/PUBLIC_DVD_BIDPEROFFER1_202311010000.parquet/part.830.parquet
2025-03-19 18:58:48,250 - INFO - Processing: s3://thesis--ec331-s3/FCAS_RAISE1SEC-Volume-Bids/PUBLIC_DVD_BIDPEROFFER1_202311010000.parquet/part.834.parquet
2025-03-19 18:58:48,284 - INFO - Target: s3://thesis--ec331-s3/de-duped-volume-bids/PUBLIC_DVD_BIDPEROFFER1_202311010000.parquet/part.834.parquet
2025-03-19 18:58:48,496 - INFO - Found 510,337 rows (100.00%) with duplicate keys
2025-03-19 18:58:48,498 - INFO - Found 510,860 rows (100.00%) with duplicate keys
2025-03-19 18:58:48,621 - INFO - Found 511,156 rows (100.00%) with duplicate keys
2025-03-19 18:58:48,677 - INFO - Removed 509,630 duplicate rows
2025-03-19 18:58:48,712 - INFO - Removed 508,897 duplicate rows
2025-03-19 18:58:48,750 - INFO - Removed 509,727 duplicate rows
2025-03-19 18:58:48,926 - INFO - Wrote 1,230 rows to s3://thesis--ec331-s3/de-duped-volume-bids/PUBLIC_DVD_BIDPEROFFER1_202311010000.parquet/part.832.parquet
2025-03-19 18:58:49,213 - INFO - Processing: s3://thesis--ec331-s3/FCAS_RAISE1SEC-Volume-Bids/PUBLIC_DVD_BIDPEROFFER1_202311010000.parquet/part.835.parquet
2025-03-19 18:58:49,221 - INFO - Target: s3://thesis--ec331-s3/de-duped-volume-bids/PUBLIC_DVD_BIDPEROFFER1_202311010000.parquet/part.835.parquet
2025-03-19 18:58:49,270 - INFO - Wrote 1,440 rows to s3://thesis--ec331-s3/de-duped-volume-bids/PUBLIC_DVD_BIDPEROFFER1_202311010000.parquet/part.831.parquet
2025-03-19 18:58:49,537 - INFO - Processing: s3://thesis--ec331-s3/FCAS_RAISE1SEC-Volume-Bids/PUBLIC_DVD_BIDPEROFFER1_202311010000.parquet/part.836.parquet
2025-03-19 18:58:49,545 - INFO - Wrote 1,429 rows to s3://thesis--ec331-s3/de-duped-volume-bids/PUBLIC_DVD_BIDPEROFFER1_202311010000.parquet/part.833.parquet
2025-03-19 18:58:49,556 - INFO - Target: s3://thesis--ec331-s3/de-duped-volume-bids/PUBLIC_DVD_BIDPEROFFER1_202311010000.parquet/part.836.parquet
2025-03-19 18:58:49,779 - INFO - Processing: s3://thesis--ec331-s3/FCAS_RAISE1SEC-Volume-Bids/PUBLIC_DVD_BIDPEROFFER1_202311010000.parquet/part.837.parquet
2025-03-19 18:58:49,799 - INFO - Target: s3://thesis--ec331-s3/de-duped-volume-bids/PUBLIC_DVD_BIDPEROFFER1_202311010000.parquet/part.837.parquet
2025-03-19 18:58:49,863 - INFO - Read 331,398 rows from s3://thesis--ec331-s3/FCAS_RAISE1SEC-Volume-Bids/PUBLIC_DVD_BIDPEROFFER1_202311010000.parquet/part.834.parquet
2025-03-19 18:58:50,021 - INFO - Read 0 rows from s3://thesis--ec331-s3/FCAS_RAISE1SEC-Volume-Bids/PUBLIC_DVD_BIDPEROFFER1_202311010000.parquet/part.835.parquet
2025-03-19 18:58:50,025 - INFO - No duplicates found in s3://thesis--ec331-s3/FCAS_RAISE1SEC-Volume-Bids/PUBLIC_DVD_BIDPEROFFER1_202311010000.parquet/part.835.parquet
2025-03-19 18:58:50,028 - WARNING - Empty DataFrame will be written.
2025-03-19 18:58:50,076 - INFO - Found 331,398 rows (100.00%) with duplicate keys
2025-03-19 18:58:50,123 - INFO - Read 0 rows from s3://thesis--ec331-s3/FCAS_RAISE1SEC-Volume-Bids/PUBLIC_DVD_BIDPEROFFER1_202311010000.parquet/part.836.parquet
2025-03-19 18:58:50,127 - INFO - No duplicates found in s3://thesis--ec331-s3/FCAS_RAISE1SEC-Volume-Bids/PUBLIC_DVD_BIDPEROFFER1_202311010000.parquet/part.836.parquet
2025-03-19 18:58:50,134 - WARNING - Empty DataFrame will be written.
2025-03-19 18:58:50,136 - INFO - Read 0 rows from s3://thesis--ec331-s3/FCAS_RAISE1SEC-Volume-Bids/PUBLIC_DVD_BIDPEROFFER1_202311010000.parquet/part.837.parquet
2025-03-19 18:58:50,152 - INFO - No duplicates found in s3://thesis--ec331-s3/FCAS_RAISE1SEC-Volume-Bids/PUBLIC_DVD_BIDPEROFFER1_202311010000.parquet/part.837.parquet
2025-03-19 18:58:50,162 - WARNING - Empty DataFrame will be written.
2025-03-19 18:58:50,180 - INFO - Removed 330,534 duplicate rows
2025-03-19 18:58:50,252 - INFO - Wrote original 0 rows to s3://thesis--ec331-s3/de-duped-volume-bids/PUBLIC_DVD_BIDPEROFFER1_202311010000.parquet/part.835.parquet
2025-03-19 18:58:50,340 - INFO - Processing: s3://thesis--ec331-s3/FCAS_RAISE1SEC-Volume-Bids/PUBLIC_DVD_BIDPEROFFER1_202311010000.parquet/part.838.parquet
2025-03-19 18:58:50,342 - INFO - Target: s3://thesis--ec331-s3/de-duped-volume-bids/PUBLIC_DVD_BIDPEROFFER1_202311010000.parquet/part.838.parquet
2025-03-19 18:58:50,504 - INFO - Wrote 864 rows to s3://thesis--ec331-s3/de-duped-volume-bids/PUBLIC_DVD_BIDPEROFFER1_202311010000.parquet/part.834.parquet
2025-03-19 18:58:50,710 - INFO - Processing: s3://thesis--ec331-s3/FCAS_RAISE1SEC-Volume-Bids/PUBLIC_DVD_BIDPEROFFER1_202311010000.parquet/part.839.parquet
2025-03-19 18:58:50,713 - INFO - Wrote original 0 rows to s3://thesis--ec331-s3/de-duped-volume-bids/PUBLIC_DVD_BIDPEROFFER1_202311010000.parquet/part.837.parquet
2025-03-19 18:58:50,716 - INFO - Wrote original 0 rows to s3://thesis--ec331-s3/de-duped-volume-bids/PUBLIC_DVD_BIDPEROFFER1_202311010000.parquet/part.836.parquet
2025-03-19 18:58:50,721 - INFO - Target: s3://thesis--ec331-s3/de-duped-volume-bids/PUBLIC_DVD_BIDPEROFFER1_202311010000.parquet/part.839.parquet
2025-03-19 18:58:50,804 - INFO - Processing: s3://thesis--ec331-s3/FCAS_RAISE1SEC-Volume-Bids/PUBLIC_DVD_BIDPEROFFER1_202311010000.parquet/part.84.parquet
2025-03-19 18:58:50,890 - INFO - Processing: s3://thesis--ec331-s3/FCAS_RAISE1SEC-Volume-Bids/PUBLIC_DVD_BIDPEROFFER1_202311010000.parquet/part.840.parquet
2025-03-19 18:58:50,896 - INFO - Target: s3://thesis--ec331-s3/de-duped-volume-bids/PUBLIC_DVD_BIDPEROFFER1_202311010000.parquet/part.84.parquet
2025-03-19 18:58:50,903 - INFO - Target: s3://thesis--ec331-s3/de-duped-volume-bids/PUBLIC_DVD_BIDPEROFFER1_202311010000.parquet/part.840.parquet
2025-03-19 18:58:50,937 - INFO - Read 0 rows from s3://thesis--ec331-s3/FCAS_RAISE1SEC-Volume-Bids/PUBLIC_DVD_BIDPEROFFER1_202311010000.parquet/part.838.parquet
2025-03-19 18:58:50,940 - INFO - No duplicates found in s3://thesis--ec331-s3/FCAS_RAISE1SEC-Volume-Bids/PUBLIC_DVD_BIDPEROFFER1_202311010000.parquet/part.838.parquet
2025-03-19 18:58:50,941 - WARNING - Empty DataFrame will be written.
2025-03-19 18:58:51,166 - INFO - Read 0 rows from s3://thesis--ec331-s3/FCAS_RAISE1SEC-Volume-Bids/PUBLIC_DVD_BIDPEROFFER1_202311010000.parquet/part.839.parquet
2025-03-19 18:58:51,169 - INFO - No duplicates found in s3://thesis--ec331-s3/FCAS_RAISE1SEC-Volume-Bids/PUBLIC_DVD_BIDPEROFFER1_202311010000.parquet/part.839.parquet
2025-03-19 18:58:51,169 - WARNING - Empty DataFrame will be written.
2025-03-19 18:58:51,190 - INFO - Wrote original 0 rows to s3://thesis--ec331-s3/de-duped-volume-bids/PUBLIC_DVD_BIDPEROFFER1_202311010000.parquet/part.838.parquet
2025-03-19 18:58:51,278 - INFO - Processing: s3://thesis--ec331-s3/FCAS_RAISE1SEC-Volume-Bids/PUBLIC_DVD_BIDPEROFFER1_202311010000.parquet/part.841.parquet
2025-03-19 18:58:51,280 - INFO - Target: s3://thesis--ec331-s3/de-duped-volume-bids/PUBLIC_DVD_BIDPEROFFER1_202311010000.parquet/part.841.parquet
2025-03-19 18:58:51,304 - INFO - Read 0 rows from s3://thesis--ec331-s3/FCAS_RAISE1SEC-Volume-Bids/PUBLIC_DVD_BIDPEROFFER1_202311010000.parquet/part.840.parquet
2025-03-19 18:58:51,307 - INFO - No duplicates found in s3://thesis--ec331-s3/FCAS_RAISE1SEC-Volume-Bids/PUBLIC_DVD_BIDPEROFFER1_202311010000.parquet/part.840.parquet
2025-03-19 18:58:51,315 - INFO - Read 0 rows from s3://thesis--ec331-s3/FCAS_RAISE1SEC-Volume-Bids/PUBLIC_DVD_BIDPEROFFER1_202311010000.parquet/part.84.parquet
2025-03-19 18:58:51,316 - WARNING - Empty DataFrame will be written.
2025-03-19 18:58:51,319 - INFO - No duplicates found in s3://thesis--ec331-s3/FCAS_RAISE1SEC-Volume-Bids/PUBLIC_DVD_BIDPEROFFER1_202311010000.parquet/part.84.parquet
2025-03-19 18:58:51,324 - WARNING - Empty DataFrame will be written.
2025-03-19 18:58:51,557 - INFO - Read 0 rows from s3://thesis--ec331-s3/FCAS_RAISE1SEC-Volume-Bids/PUBLIC_DVD_BIDPEROFFER1_202311010000.parquet/part.841.parquet
2025-03-19 18:58:51,560 - INFO - No duplicates found in s3://thesis--ec331-s3/FCAS_RAISE1SEC-Volume-Bids/PUBLIC_DVD_BIDPEROFFER1_202311010000.parquet/part.841.parquet
2025-03-19 18:58:51,561 - WARNING - Empty DataFrame will be written.
2025-03-19 18:58:51,577 - INFO - Wrote original 0 rows to s3://thesis--ec331-s3/de-duped-volume-bids/PUBLIC_DVD_BIDPEROFFER1_202311010000.parquet/part.839.parquet
2025-03-19 18:58:51,581 - INFO - Wrote original 0 rows to s3://thesis--ec331-s3/de-duped-volume-bids/PUBLIC_DVD_BIDPEROFFER1_202311010000.parquet/part.840.parquet
2025-03-19 18:58:51,672 - INFO - Processing: s3://thesis--ec331-s3/FCAS_RAISE1SEC-Volume-Bids/PUBLIC_DVD_BIDPEROFFER1_202311010000.parquet/part.842.parquet
2025-03-19 18:58:51,755 - INFO - Processing: s3://thesis--ec331-s3/FCAS_RAISE1SEC-Volume-Bids/PUBLIC_DVD_BIDPEROFFER1_202311010000.parquet/part.843.parquet
2025-03-19 18:58:51,760 - INFO - Wrote original 0 rows to s3://thesis--ec331-s3/de-duped-volume-bids/PUBLIC_DVD_BIDPEROFFER1_202311010000.parquet/part.84.parquet
2025-03-19 18:58:51,761 - INFO - Target: s3://thesis--ec331-s3/de-duped-volume-bids/PUBLIC_DVD_BIDPEROFFER1_202311010000.parquet/part.842.parquet
2025-03-19 18:58:51,762 - INFO - Target: s3://thesis--ec331-s3/de-duped-volume-bids/PUBLIC_DVD_BIDPEROFFER1_202311010000.parquet/part.843.parquet
2025-03-19 18:58:51,842 - INFO - Processing: s3://thesis--ec331-s3/FCAS_RAISE1SEC-Volume-Bids/PUBLIC_DVD_BIDPEROFFER1_202311010000.parquet/part.844.parquet
2025-03-19 18:58:51,865 - INFO - Target: s3://thesis--ec331-s3/de-duped-volume-bids/PUBLIC_DVD_BIDPEROFFER1_202311010000.parquet/part.844.parquet
2025-03-19 18:58:52,085 - INFO - Wrote original 0 rows to s3://thesis--ec331-s3/de-duped-volume-bids/PUBLIC_DVD_BIDPEROFFER1_202311010000.parquet/part.841.parquet
2025-03-19 18:58:52,168 - INFO - Processing: s3://thesis--ec331-s3/FCAS_RAISE1SEC-Volume-Bids/PUBLIC_DVD_BIDPEROFFER1_202311010000.parquet/part.845.parquet
2025-03-19 18:58:52,175 - INFO - Target: s3://thesis--ec331-s3/de-duped-volume-bids/PUBLIC_DVD_BIDPEROFFER1_202311010000.parquet/part.845.parquet
2025-03-19 18:58:52,195 - INFO - Read 0 rows from s3://thesis--ec331-s3/FCAS_RAISE1SEC-Volume-Bids/PUBLIC_DVD_BIDPEROFFER1_202311010000.parquet/part.843.parquet
2025-03-19 18:58:52,197 - INFO - No duplicates found in s3://thesis--ec331-s3/FCAS_RAISE1SEC-Volume-Bids/PUBLIC_DVD_BIDPEROFFER1_202311010000.parquet/part.843.parquet
2025-03-19 18:58:52,198 - WARNING - Empty DataFrame will be written.
2025-03-19 18:58:52,227 - INFO - Read 0 rows from s3://thesis--ec331-s3/FCAS_RAISE1SEC-Volume-Bids/PUBLIC_DVD_BIDPEROFFER1_202311010000.parquet/part.844.parquet
2025-03-19 18:58:52,229 - INFO - No duplicates found in s3://thesis--ec331-s3/FCAS_RAISE1SEC-Volume-Bids/PUBLIC_DVD_BIDPEROFFER1_202311010000.parquet/part.844.parquet
2025-03-19 18:58:52,230 - WARNING - Empty DataFrame will be written.
2025-03-19 18:58:52,419 - INFO - Wrote original 0 rows to s3://thesis--ec331-s3/de-duped-volume-bids/PUBLIC_DVD_BIDPEROFFER1_202311010000.parquet/part.843.parquet
2025-03-19 18:58:52,506 - INFO - Processing: s3://thesis--ec331-s3/FCAS_RAISE1SEC-Volume-Bids/PUBLIC_DVD_BIDPEROFFER1_202311010000.parquet/part.846.parquet
2025-03-19 18:58:52,509 - INFO - Wrote original 0 rows to s3://thesis--ec331-s3/de-duped-volume-bids/PUBLIC_DVD_BIDPEROFFER1_202311010000.parquet/part.844.parquet
2025-03-19 18:58:52,511 - INFO - Target: s3://thesis--ec331-s3/de-duped-volume-bids/PUBLIC_DVD_BIDPEROFFER1_202311010000.parquet/part.846.parquet
2025-03-19 18:58:52,594 - INFO - Processing: s3://thesis--ec331-s3/FCAS_RAISE1SEC-Volume-Bids/PUBLIC_DVD_BIDPEROFFER1_202311010000.parquet/part.847.parquet
2025-03-19 18:58:52,600 - INFO - Target: s3://thesis--ec331-s3/de-duped-volume-bids/PUBLIC_DVD_BIDPEROFFER1_202311010000.parquet/part.847.parquet
2025-03-19 18:58:52,627 - INFO - Read 0 rows from s3://thesis--ec331-s3/FCAS_RAISE1SEC-Volume-Bids/PUBLIC_DVD_BIDPEROFFER1_202311010000.parquet/part.845.parquet
2025-03-19 18:58:52,630 - INFO - No duplicates found in s3://thesis--ec331-s3/FCAS_RAISE1SEC-Volume-Bids/PUBLIC_DVD_BIDPEROFFER1_202311010000.parquet/part.845.parquet
2025-03-19 18:58:52,631 - WARNING - Empty DataFrame will be written.
2025-03-19 18:58:52,857 - INFO - Read 0 rows from s3://thesis--ec331-s3/FCAS_RAISE1SEC-Volume-Bids/PUBLIC_DVD_BIDPEROFFER1_202311010000.parquet/part.846.parquet
2025-03-19 18:58:52,860 - INFO - No duplicates found in s3://thesis--ec331-s3/FCAS_RAISE1SEC-Volume-Bids/PUBLIC_DVD_BIDPEROFFER1_202311010000.parquet/part.846.parquet
2025-03-19 18:58:52,861 - WARNING - Empty DataFrame will be written.
2025-03-19 18:58:52,894 - INFO - Read 0 rows from s3://thesis--ec331-s3/FCAS_RAISE1SEC-Volume-Bids/PUBLIC_DVD_BIDPEROFFER1_202311010000.parquet/part.842.parquet
2025-03-19 18:58:52,897 - INFO - Read 0 rows from s3://thesis--ec331-s3/FCAS_RAISE1SEC-Volume-Bids/PUBLIC_DVD_BIDPEROFFER1_202311010000.parquet/part.847.parquet
2025-03-19 18:58:52,899 - INFO - Wrote original 0 rows to s3://thesis--ec331-s3/de-duped-volume-bids/PUBLIC_DVD_BIDPEROFFER1_202311010000.parquet/part.845.parquet
2025-03-19 18:58:52,902 - INFO - No duplicates found in s3://thesis--ec331-s3/FCAS_RAISE1SEC-Volume-Bids/PUBLIC_DVD_BIDPEROFFER1_202311010000.parquet/part.842.parquet
2025-03-19 18:58:52,905 - INFO - No duplicates found in s3://thesis--ec331-s3/FCAS_RAISE1SEC-Volume-Bids/PUBLIC_DVD_BIDPEROFFER1_202311010000.parquet/part.847.parquet
2025-03-19 18:58:52,994 - INFO - Processing: s3://thesis--ec331-s3/FCAS_RAISE1SEC-Volume-Bids/PUBLIC_DVD_BIDPEROFFER1_202311010000.parquet/part.848.parquet
2025-03-19 18:58:52,996 - WARNING - Empty DataFrame will be written.
2025-03-19 18:58:52,998 - WARNING - Empty DataFrame will be written.
2025-03-19 18:58:52,999 - INFO - Target: s3://thesis--ec331-s3/de-duped-volume-bids/PUBLIC_DVD_BIDPEROFFER1_202311010000.parquet/part.848.parquet
2025-03-19 18:58:53,278 - INFO - Wrote original 0 rows to s3://thesis--ec331-s3/de-duped-volume-bids/PUBLIC_DVD_BIDPEROFFER1_202311010000.parquet/part.842.parquet
2025-03-19 18:58:53,364 - INFO - Processing: s3://thesis--ec331-s3/FCAS_RAISE1SEC-Volume-Bids/PUBLIC_DVD_BIDPEROFFER1_202311010000.parquet/part.849.parquet
2025-03-19 18:58:53,369 - INFO - Wrote original 0 rows to s3://thesis--ec331-s3/de-duped-volume-bids/PUBLIC_DVD_BIDPEROFFER1_202311010000.parquet/part.847.parquet
2025-03-19 18:58:53,372 - INFO - Wrote original 0 rows to s3://thesis--ec331-s3/de-duped-volume-bids/PUBLIC_DVD_BIDPEROFFER1_202311010000.parquet/part.846.parquet
2025-03-19 18:58:53,372 - INFO - Target: s3://thesis--ec331-s3/de-duped-volume-bids/PUBLIC_DVD_BIDPEROFFER1_202311010000.parquet/part.849.parquet
2025-03-19 18:58:53,458 - INFO - Processing: s3://thesis--ec331-s3/FCAS_RAISE1SEC-Volume-Bids/PUBLIC_DVD_BIDPEROFFER1_202311010000.parquet/part.85.parquet
2025-03-19 18:58:53,540 - INFO - Processing: s3://thesis--ec331-s3/FCAS_RAISE1SEC-Volume-Bids/PUBLIC_DVD_BIDPEROFFER1_202311010000.parquet/part.850.parquet
2025-03-19 18:58:53,544 - INFO - Target: s3://thesis--ec331-s3/de-duped-volume-bids/PUBLIC_DVD_BIDPEROFFER1_202311010000.parquet/part.85.parquet
2025-03-19 18:58:53,551 - INFO - Target: s3://thesis--ec331-s3/de-duped-volume-bids/PUBLIC_DVD_BIDPEROFFER1_202311010000.parquet/part.850.parquet
2025-03-19 18:58:53,583 - INFO - Read 0 rows from s3://thesis--ec331-s3/FCAS_RAISE1SEC-Volume-Bids/PUBLIC_DVD_BIDPEROFFER1_202311010000.parquet/part.848.parquet
2025-03-19 18:58:53,586 - INFO - No duplicates found in s3://thesis--ec331-s3/FCAS_RAISE1SEC-Volume-Bids/PUBLIC_DVD_BIDPEROFFER1_202311010000.parquet/part.848.parquet
2025-03-19 18:58:53,587 - WARNING - Empty DataFrame will be written.
2025-03-19 18:58:53,819 - INFO - Read 0 rows from s3://thesis--ec331-s3/FCAS_RAISE1SEC-Volume-Bids/PUBLIC_DVD_BIDPEROFFER1_202311010000.parquet/part.849.parquet
2025-03-19 18:58:53,820 - INFO - Read 0 rows from s3://thesis--ec331-s3/FCAS_RAISE1SEC-Volume-Bids/PUBLIC_DVD_BIDPEROFFER1_202311010000.parquet/part.85.parquet
2025-03-19 18:58:53,823 - INFO - Wrote original 0 rows to s3://thesis--ec331-s3/de-duped-volume-bids/PUBLIC_DVD_BIDPEROFFER1_202311010000.parquet/part.848.parquet
2025-03-19 18:58:53,828 - INFO - No duplicates found in s3://thesis--ec331-s3/FCAS_RAISE1SEC-Volume-Bids/PUBLIC_DVD_BIDPEROFFER1_202311010000.parquet/part.849.parquet
2025-03-19 18:58:53,831 - INFO - No duplicates found in s3://thesis--ec331-s3/FCAS_RAISE1SEC-Volume-Bids/PUBLIC_DVD_BIDPEROFFER1_202311010000.parquet/part.85.parquet
2025-03-19 18:58:53,917 - INFO - Processing: s3://thesis--ec331-s3/FCAS_RAISE1SEC-Volume-Bids/PUBLIC_DVD_BIDPEROFFER1_202311010000.parquet/part.851.parquet
2025-03-19 18:58:53,918 - WARNING - Empty DataFrame will be written.
2025-03-19 18:58:53,919 - WARNING - Empty DataFrame will be written.
2025-03-19 18:58:53,921 - INFO - Target: s3://thesis--ec331-s3/de-duped-volume-bids/PUBLIC_DVD_BIDPEROFFER1_202311010000.parquet/part.851.parquet
2025-03-19 18:58:53,961 - INFO - Read 0 rows from s3://thesis--ec331-s3/FCAS_RAISE1SEC-Volume-Bids/PUBLIC_DVD_BIDPEROFFER1_202311010000.parquet/part.850.parquet
2025-03-19 18:58:53,975 - INFO - No duplicates found in s3://thesis--ec331-s3/FCAS_RAISE1SEC-Volume-Bids/PUBLIC_DVD_BIDPEROFFER1_202311010000.parquet/part.850.parquet
2025-03-19 18:58:53,976 - WARNING - Empty DataFrame will be written.
2025-03-19 18:58:54,220 - INFO - Wrote original 0 rows to s3://thesis--ec331-s3/de-duped-volume-bids/PUBLIC_DVD_BIDPEROFFER1_202311010000.parquet/part.85.parquet
2025-03-19 18:58:54,306 - INFO - Processing: s3://thesis--ec331-s3/FCAS_RAISE1SEC-Volume-Bids/PUBLIC_DVD_BIDPEROFFER1_202311010000.parquet/part.852.parquet
2025-03-19 18:58:54,308 - INFO - Target: s3://thesis--ec331-s3/de-duped-volume-bids/PUBLIC_DVD_BIDPEROFFER1_202311010000.parquet/part.852.parquet
2025-03-19 18:58:54,329 - INFO - Read 0 rows from s3://thesis--ec331-s3/FCAS_RAISE1SEC-Volume-Bids/PUBLIC_DVD_BIDPEROFFER1_202311010000.parquet/part.851.parquet
2025-03-19 18:58:54,334 - INFO - Wrote original 0 rows to s3://thesis--ec331-s3/de-duped-volume-bids/PUBLIC_DVD_BIDPEROFFER1_202311010000.parquet/part.849.parquet
2025-03-19 18:58:54,335 - INFO - Wrote original 0 rows to s3://thesis--ec331-s3/de-duped-volume-bids/PUBLIC_DVD_BIDPEROFFER1_202311010000.parquet/part.850.parquet
2025-03-19 18:58:54,338 - INFO - No duplicates found in s3://thesis--ec331-s3/FCAS_RAISE1SEC-Volume-Bids/PUBLIC_DVD_BIDPEROFFER1_202311010000.parquet/part.851.parquet
2025-03-19 18:58:54,420 - INFO - Processing: s3://thesis--ec331-s3/FCAS_RAISE1SEC-Volume-Bids/PUBLIC_DVD_BIDPEROFFER1_202311010000.parquet/part.853.parquet
2025-03-19 18:58:54,503 - INFO - Processing: s3://thesis--ec331-s3/FCAS_RAISE1SEC-Volume-Bids/PUBLIC_DVD_BIDPEROFFER1_202311010000.parquet/part.854.parquet
2025-03-19 18:58:54,504 - WARNING - Empty DataFrame will be written.
2025-03-19 18:58:54,505 - INFO - Target: s3://thesis--ec331-s3/de-duped-volume-bids/PUBLIC_DVD_BIDPEROFFER1_202311010000.parquet/part.853.parquet
2025-03-19 18:58:54,505 - INFO - Target: s3://thesis--ec331-s3/de-duped-volume-bids/PUBLIC_DVD_BIDPEROFFER1_202311010000.parquet/part.854.parquet
2025-03-19 18:58:54,734 - INFO - Read 0 rows from s3://thesis--ec331-s3/FCAS_RAISE1SEC-Volume-Bids/PUBLIC_DVD_BIDPEROFFER1_202311010000.parquet/part.852.parquet
2025-03-19 18:58:54,737 - INFO - No duplicates found in s3://thesis--ec331-s3/FCAS_RAISE1SEC-Volume-Bids/PUBLIC_DVD_BIDPEROFFER1_202311010000.parquet/part.852.parquet
2025-03-19 18:58:54,738 - WARNING - Empty DataFrame will be written.
2025-03-19 18:58:54,794 - INFO - Wrote original 0 rows to s3://thesis--ec331-s3/de-duped-volume-bids/PUBLIC_DVD_BIDPEROFFER1_202311010000.parquet/part.851.parquet
2025-03-19 18:58:54,881 - INFO - Processing: s3://thesis--ec331-s3/FCAS_RAISE1SEC-Volume-Bids/PUBLIC_DVD_BIDPEROFFER1_202311010000.parquet/part.855.parquet
2025-03-19 18:58:54,885 - INFO - Target: s3://thesis--ec331-s3/de-duped-volume-bids/PUBLIC_DVD_BIDPEROFFER1_202311010000.parquet/part.855.parquet
2025-03-19 18:58:54,912 - INFO - Read 0 rows from s3://thesis--ec331-s3/FCAS_RAISE1SEC-Volume-Bids/PUBLIC_DVD_BIDPEROFFER1_202311010000.parquet/part.853.parquet
2025-03-19 18:58:54,923 - INFO - Read 0 rows from s3://thesis--ec331-s3/FCAS_RAISE1SEC-Volume-Bids/PUBLIC_DVD_BIDPEROFFER1_202311010000.parquet/part.854.parquet
2025-03-19 18:58:54,927 - INFO - No duplicates found in s3://thesis--ec331-s3/FCAS_RAISE1SEC-Volume-Bids/PUBLIC_DVD_BIDPEROFFER1_202311010000.parquet/part.853.parquet
2025-03-19 18:58:54,930 - INFO - No duplicates found in s3://thesis--ec331-s3/FCAS_RAISE1SEC-Volume-Bids/PUBLIC_DVD_BIDPEROFFER1_202311010000.parquet/part.854.parquet
2025-03-19 18:58:54,931 - WARNING - Empty DataFrame will be written.
2025-03-19 18:58:54,932 - WARNING - Empty DataFrame will be written.
2025-03-19 18:58:55,034 - INFO - Wrote original 0 rows to s3://thesis--ec331-s3/de-duped-volume-bids/PUBLIC_DVD_BIDPEROFFER1_202311010000.parquet/part.852.parquet
2025-03-19 18:58:55,121 - INFO - Processing: s3://thesis--ec331-s3/FCAS_RAISE1SEC-Volume-Bids/PUBLIC_DVD_BIDPEROFFER1_202311010000.parquet/part.856.parquet
2025-03-19 18:58:55,123 - INFO - Target: s3://thesis--ec331-s3/de-duped-volume-bids/PUBLIC_DVD_BIDPEROFFER1_202311010000.parquet/part.856.parquet
2025-03-19 18:58:55,221 - INFO - Read 0 rows from s3://thesis--ec331-s3/FCAS_RAISE1SEC-Volume-Bids/PUBLIC_DVD_BIDPEROFFER1_202311010000.parquet/part.855.parquet
2025-03-19 18:58:55,225 - INFO - No duplicates found in s3://thesis--ec331-s3/FCAS_RAISE1SEC-Volume-Bids/PUBLIC_DVD_BIDPEROFFER1_202311010000.parquet/part.855.parquet
2025-03-19 18:58:55,227 - WARNING - Empty DataFrame will be written.
2025-03-19 18:58:55,269 - INFO - Wrote original 0 rows to s3://thesis--ec331-s3/de-duped-volume-bids/PUBLIC_DVD_BIDPEROFFER1_202311010000.parquet/part.854.parquet
2025-03-19 18:58:55,361 - INFO - Processing: s3://thesis--ec331-s3/FCAS_RAISE1SEC-Volume-Bids/PUBLIC_DVD_BIDPEROFFER1_202311010000.parquet/part.857.parquet
2025-03-19 18:58:55,363 - INFO - Target: s3://thesis--ec331-s3/de-duped-volume-bids/PUBLIC_DVD_BIDPEROFFER1_202311010000.parquet/part.857.parquet
2025-03-19 18:58:55,366 - INFO - Wrote original 0 rows to s3://thesis--ec331-s3/de-duped-volume-bids/PUBLIC_DVD_BIDPEROFFER1_202311010000.parquet/part.853.parquet
2025-03-19 18:58:55,475 - INFO - Processing: s3://thesis--ec331-s3/FCAS_RAISE1SEC-Volume-Bids/PUBLIC_DVD_BIDPEROFFER1_202311010000.parquet/part.858.parquet
2025-03-19 18:58:55,477 - INFO - Target: s3://thesis--ec331-s3/de-duped-volume-bids/PUBLIC_DVD_BIDPEROFFER1_202311010000.parquet/part.858.parquet
2025-03-19 18:58:55,526 - INFO - Read 0 rows from s3://thesis--ec331-s3/FCAS_RAISE1SEC-Volume-Bids/PUBLIC_DVD_BIDPEROFFER1_202311010000.parquet/part.856.parquet
2025-03-19 18:58:55,529 - INFO - No duplicates found in s3://thesis--ec331-s3/FCAS_RAISE1SEC-Volume-Bids/PUBLIC_DVD_BIDPEROFFER1_202311010000.parquet/part.856.parquet
2025-03-19 18:58:55,530 - WARNING - Empty DataFrame will be written.
2025-03-19 18:58:55,589 - INFO - Wrote original 0 rows to s3://thesis--ec331-s3/de-duped-volume-bids/PUBLIC_DVD_BIDPEROFFER1_202311010000.parquet/part.855.parquet
2025-03-19 18:58:55,676 - INFO - Processing: s3://thesis--ec331-s3/FCAS_RAISE1SEC-Volume-Bids/PUBLIC_DVD_BIDPEROFFER1_202311010000.parquet/part.859.parquet
2025-03-19 18:58:55,678 - INFO - Target: s3://thesis--ec331-s3/de-duped-volume-bids/PUBLIC_DVD_BIDPEROFFER1_202311010000.parquet/part.859.parquet
2025-03-19 18:58:55,781 - INFO - Read 0 rows from s3://thesis--ec331-s3/FCAS_RAISE1SEC-Volume-Bids/PUBLIC_DVD_BIDPEROFFER1_202311010000.parquet/part.858.parquet
2025-03-19 18:58:55,788 - INFO - Read 0 rows from s3://thesis--ec331-s3/FCAS_RAISE1SEC-Volume-Bids/PUBLIC_DVD_BIDPEROFFER1_202311010000.parquet/part.857.parquet
2025-03-19 18:58:55,791 - INFO - No duplicates found in s3://thesis--ec331-s3/FCAS_RAISE1SEC-Volume-Bids/PUBLIC_DVD_BIDPEROFFER1_202311010000.parquet/part.858.parquet
2025-03-19 18:58:55,793 - INFO - No duplicates found in s3://thesis--ec331-s3/FCAS_RAISE1SEC-Volume-Bids/PUBLIC_DVD_BIDPEROFFER1_202311010000.parquet/part.857.parquet
2025-03-19 18:58:55,794 - WARNING - Empty DataFrame will be written.
2025-03-19 18:58:55,795 - WARNING - Empty DataFrame will be written.
2025-03-19 18:58:55,865 - INFO - Wrote original 0 rows to s3://thesis--ec331-s3/de-duped-volume-bids/PUBLIC_DVD_BIDPEROFFER1_202311010000.parquet/part.856.parquet
2025-03-19 18:58:55,959 - INFO - Processing: s3://thesis--ec331-s3/FCAS_RAISE1SEC-Volume-Bids/PUBLIC_DVD_BIDPEROFFER1_202311010000.parquet/part.86.parquet
2025-03-19 18:58:55,965 - INFO - Target: s3://thesis--ec331-s3/de-duped-volume-bids/PUBLIC_DVD_BIDPEROFFER1_202311010000.parquet/part.86.parquet
2025-03-19 18:58:56,005 - INFO - Read 0 rows from s3://thesis--ec331-s3/FCAS_RAISE1SEC-Volume-Bids/PUBLIC_DVD_BIDPEROFFER1_202311010000.parquet/part.859.parquet
2025-03-19 18:58:56,007 - INFO - No duplicates found in s3://thesis--ec331-s3/FCAS_RAISE1SEC-Volume-Bids/PUBLIC_DVD_BIDPEROFFER1_202311010000.parquet/part.859.parquet
2025-03-19 18:58:56,008 - WARNING - Empty DataFrame will be written.
2025-03-19 18:58:56,119 - INFO - Wrote original 0 rows to s3://thesis--ec331-s3/de-duped-volume-bids/PUBLIC_DVD_BIDPEROFFER1_202311010000.parquet/part.858.parquet
2025-03-19 18:58:56,212 - INFO - Processing: s3://thesis--ec331-s3/FCAS_RAISE1SEC-Volume-Bids/PUBLIC_DVD_BIDPEROFFER1_202311010000.parquet/part.860.parquet
2025-03-19 18:58:56,216 - INFO - Wrote original 0 rows to s3://thesis--ec331-s3/de-duped-volume-bids/PUBLIC_DVD_BIDPEROFFER1_202311010000.parquet/part.857.parquet
2025-03-19 18:58:56,217 - INFO - Target: s3://thesis--ec331-s3/de-duped-volume-bids/PUBLIC_DVD_BIDPEROFFER1_202311010000.parquet/part.860.parquet
2025-03-19 18:58:56,310 - INFO - Processing: s3://thesis--ec331-s3/FCAS_RAISE1SEC-Volume-Bids/PUBLIC_DVD_BIDPEROFFER1_202311010000.parquet/part.861.parquet
2025-03-19 18:58:56,321 - INFO - Target: s3://thesis--ec331-s3/de-duped-volume-bids/PUBLIC_DVD_BIDPEROFFER1_202311010000.parquet/part.861.parquet
2025-03-19 18:58:56,388 - INFO - Wrote original 0 rows to s3://thesis--ec331-s3/de-duped-volume-bids/PUBLIC_DVD_BIDPEROFFER1_202311010000.parquet/part.859.parquet
2025-03-19 18:58:56,482 - INFO - Processing: s3://thesis--ec331-s3/FCAS_RAISE1SEC-Volume-Bids/PUBLIC_DVD_BIDPEROFFER1_202311010000.parquet/part.862.parquet
2025-03-19 18:58:56,486 - INFO - Target: s3://thesis--ec331-s3/de-duped-volume-bids/PUBLIC_DVD_BIDPEROFFER1_202311010000.parquet/part.862.parquet
2025-03-19 18:58:56,520 - INFO - Read 0 rows from s3://thesis--ec331-s3/FCAS_RAISE1SEC-Volume-Bids/PUBLIC_DVD_BIDPEROFFER1_202311010000.parquet/part.86.parquet
2025-03-19 18:58:56,523 - INFO - No duplicates found in s3://thesis--ec331-s3/FCAS_RAISE1SEC-Volume-Bids/PUBLIC_DVD_BIDPEROFFER1_202311010000.parquet/part.86.parquet
2025-03-19 18:58:56,524 - WARNING - Empty DataFrame will be written.
2025-03-19 18:58:56,682 - INFO - Read 0 rows from s3://thesis--ec331-s3/FCAS_RAISE1SEC-Volume-Bids/PUBLIC_DVD_BIDPEROFFER1_202311010000.parquet/part.860.parquet
2025-03-19 18:58:56,686 - INFO - No duplicates found in s3://thesis--ec331-s3/FCAS_RAISE1SEC-Volume-Bids/PUBLIC_DVD_BIDPEROFFER1_202311010000.parquet/part.860.parquet
2025-03-19 18:58:56,688 - WARNING - Empty DataFrame will be written.
2025-03-19 18:58:56,726 - INFO - Read 0 rows from s3://thesis--ec331-s3/FCAS_RAISE1SEC-Volume-Bids/PUBLIC_DVD_BIDPEROFFER1_202311010000.parquet/part.861.parquet
2025-03-19 18:58:56,729 - INFO - No duplicates found in s3://thesis--ec331-s3/FCAS_RAISE1SEC-Volume-Bids/PUBLIC_DVD_BIDPEROFFER1_202311010000.parquet/part.861.parquet
2025-03-19 18:58:56,731 - WARNING - Empty DataFrame will be written.
2025-03-19 18:58:56,765 - INFO - Read 0 rows from s3://thesis--ec331-s3/FCAS_RAISE1SEC-Volume-Bids/PUBLIC_DVD_BIDPEROFFER1_202311010000.parquet/part.862.parquet
2025-03-19 18:58:56,769 - INFO - Wrote original 0 rows to s3://thesis--ec331-s3/de-duped-volume-bids/PUBLIC_DVD_BIDPEROFFER1_202311010000.parquet/part.86.parquet
2025-03-19 18:58:56,772 - INFO - No duplicates found in s3://thesis--ec331-s3/FCAS_RAISE1SEC-Volume-Bids/PUBLIC_DVD_BIDPEROFFER1_202311010000.parquet/part.862.parquet
2025-03-19 18:58:56,874 - INFO - Processing: s3://thesis--ec331-s3/FCAS_RAISE1SEC-Volume-Bids/PUBLIC_DVD_BIDPEROFFER1_202311010000.parquet/part.863.parquet
2025-03-19 18:58:56,875 - WARNING - Empty DataFrame will be written.
2025-03-19 18:58:56,876 - INFO - Target: s3://thesis--ec331-s3/de-duped-volume-bids/PUBLIC_DVD_BIDPEROFFER1_202311010000.parquet/part.863.parquet
2025-03-19 18:58:57,030 - INFO - Wrote original 0 rows to s3://thesis--ec331-s3/de-duped-volume-bids/PUBLIC_DVD_BIDPEROFFER1_202311010000.parquet/part.860.parquet
2025-03-19 18:58:57,124 - INFO - Processing: s3://thesis--ec331-s3/FCAS_RAISE1SEC-Volume-Bids/PUBLIC_DVD_BIDPEROFFER1_202311010000.parquet/part.864.parquet
2025-03-19 18:58:57,125 - INFO - Target: s3://thesis--ec331-s3/de-duped-volume-bids/PUBLIC_DVD_BIDPEROFFER1_202311010000.parquet/part.864.parquet
2025-03-19 18:58:57,159 - INFO - Wrote original 0 rows to s3://thesis--ec331-s3/de-duped-volume-bids/PUBLIC_DVD_BIDPEROFFER1_202311010000.parquet/part.861.parquet
2025-03-19 18:58:57,252 - INFO - Processing: s3://thesis--ec331-s3/FCAS_RAISE1SEC-Volume-Bids/PUBLIC_DVD_BIDPEROFFER1_202311010000.parquet/part.865.parquet
2025-03-19 18:58:57,260 - INFO - Wrote original 0 rows to s3://thesis--ec331-s3/de-duped-volume-bids/PUBLIC_DVD_BIDPEROFFER1_202311010000.parquet/part.862.parquet
2025-03-19 18:58:57,261 - INFO - Target: s3://thesis--ec331-s3/de-duped-volume-bids/PUBLIC_DVD_BIDPEROFFER1_202311010000.parquet/part.865.parquet
2025-03-19 18:58:57,347 - INFO - Processing: s3://thesis--ec331-s3/FCAS_RAISE1SEC-Volume-Bids/PUBLIC_DVD_BIDPEROFFER1_202311010000.parquet/part.866.parquet
2025-03-19 18:58:57,367 - INFO - Target: s3://thesis--ec331-s3/de-duped-volume-bids/PUBLIC_DVD_BIDPEROFFER1_202311010000.parquet/part.866.parquet
2025-03-19 18:58:57,388 - INFO - Read 0 rows from s3://thesis--ec331-s3/FCAS_RAISE1SEC-Volume-Bids/PUBLIC_DVD_BIDPEROFFER1_202311010000.parquet/part.863.parquet
2025-03-19 18:58:57,392 - INFO - No duplicates found in s3://thesis--ec331-s3/FCAS_RAISE1SEC-Volume-Bids/PUBLIC_DVD_BIDPEROFFER1_202311010000.parquet/part.863.parquet
2025-03-19 18:58:57,393 - WARNING - Empty DataFrame will be written.
2025-03-19 18:58:57,556 - INFO - Read 0 rows from s3://thesis--ec331-s3/FCAS_RAISE1SEC-Volume-Bids/PUBLIC_DVD_BIDPEROFFER1_202311010000.parquet/part.864.parquet
2025-03-19 18:58:57,559 - INFO - No duplicates found in s3://thesis--ec331-s3/FCAS_RAISE1SEC-Volume-Bids/PUBLIC_DVD_BIDPEROFFER1_202311010000.parquet/part.864.parquet
2025-03-19 18:58:57,565 - WARNING - Empty DataFrame will be written.
2025-03-19 18:58:57,600 - INFO - Read 0 rows from s3://thesis--ec331-s3/FCAS_RAISE1SEC-Volume-Bids/PUBLIC_DVD_BIDPEROFFER1_202311010000.parquet/part.865.parquet
2025-03-19 18:58:57,608 - INFO - No duplicates found in s3://thesis--ec331-s3/FCAS_RAISE1SEC-Volume-Bids/PUBLIC_DVD_BIDPEROFFER1_202311010000.parquet/part.865.parquet
2025-03-19 18:58:57,609 - WARNING - Empty DataFrame will be written.
2025-03-19 18:58:57,640 - INFO - Read 0 rows from s3://thesis--ec331-s3/FCAS_RAISE1SEC-Volume-Bids/PUBLIC_DVD_BIDPEROFFER1_202311010000.parquet/part.866.parquet
2025-03-19 18:58:57,643 - INFO - No duplicates found in s3://thesis--ec331-s3/FCAS_RAISE1SEC-Volume-Bids/PUBLIC_DVD_BIDPEROFFER1_202311010000.parquet/part.866.parquet
2025-03-19 18:58:57,644 - WARNING - Empty DataFrame will be written.
2025-03-19 18:58:57,657 - INFO - Wrote original 0 rows to s3://thesis--ec331-s3/de-duped-volume-bids/PUBLIC_DVD_BIDPEROFFER1_202311010000.parquet/part.863.parquet
2025-03-19 18:58:57,748 - INFO - Processing: s3://thesis--ec331-s3/FCAS_RAISE1SEC-Volume-Bids/PUBLIC_DVD_BIDPEROFFER1_202311010000.parquet/part.867.parquet
2025-03-19 18:58:57,751 - INFO - Target: s3://thesis--ec331-s3/de-duped-volume-bids/PUBLIC_DVD_BIDPEROFFER1_202311010000.parquet/part.867.parquet
2025-03-19 18:58:57,937 - INFO - Wrote original 0 rows to s3://thesis--ec331-s3/de-duped-volume-bids/PUBLIC_DVD_BIDPEROFFER1_202311010000.parquet/part.864.parquet
2025-03-19 18:58:58,027 - INFO - Wrote original 0 rows to s3://thesis--ec331-s3/de-duped-volume-bids/PUBLIC_DVD_BIDPEROFFER1_202311010000.parquet/part.865.parquet
2025-03-19 18:58:58,027 - INFO - Processing: s3://thesis--ec331-s3/FCAS_RAISE1SEC-Volume-Bids/PUBLIC_DVD_BIDPEROFFER1_202311010000.parquet/part.868.parquet
2025-03-19 18:58:58,112 - INFO - Processing: s3://thesis--ec331-s3/FCAS_RAISE1SEC-Volume-Bids/PUBLIC_DVD_BIDPEROFFER1_202311010000.parquet/part.869.parquet
2025-03-19 18:58:58,119 - INFO - Target: s3://thesis--ec331-s3/de-duped-volume-bids/PUBLIC_DVD_BIDPEROFFER1_202311010000.parquet/part.868.parquet
2025-03-19 18:58:58,120 - INFO - Target: s3://thesis--ec331-s3/de-duped-volume-bids/PUBLIC_DVD_BIDPEROFFER1_202311010000.parquet/part.869.parquet
2025-03-19 18:58:58,169 - INFO - Wrote original 0 rows to s3://thesis--ec331-s3/de-duped-volume-bids/PUBLIC_DVD_BIDPEROFFER1_202311010000.parquet/part.866.parquet
2025-03-19 18:58:58,253 - INFO - Processing: s3://thesis--ec331-s3/FCAS_RAISE1SEC-Volume-Bids/PUBLIC_DVD_BIDPEROFFER1_202311010000.parquet/part.87.parquet
2025-03-19 18:58:58,256 - INFO - Target: s3://thesis--ec331-s3/de-duped-volume-bids/PUBLIC_DVD_BIDPEROFFER1_202311010000.parquet/part.87.parquet
2025-03-19 18:58:58,291 - INFO - Read 0 rows from s3://thesis--ec331-s3/FCAS_RAISE1SEC-Volume-Bids/PUBLIC_DVD_BIDPEROFFER1_202311010000.parquet/part.867.parquet
2025-03-19 18:58:58,293 - INFO - No duplicates found in s3://thesis--ec331-s3/FCAS_RAISE1SEC-Volume-Bids/PUBLIC_DVD_BIDPEROFFER1_202311010000.parquet/part.867.parquet
2025-03-19 18:58:58,295 - WARNING - Empty DataFrame will be written.
2025-03-19 18:58:58,475 - INFO - Read 0 rows from s3://thesis--ec331-s3/FCAS_RAISE1SEC-Volume-Bids/PUBLIC_DVD_BIDPEROFFER1_202311010000.parquet/part.868.parquet
2025-03-19 18:58:58,483 - INFO - No duplicates found in s3://thesis--ec331-s3/FCAS_RAISE1SEC-Volume-Bids/PUBLIC_DVD_BIDPEROFFER1_202311010000.parquet/part.868.parquet
2025-03-19 18:58:58,485 - WARNING - Empty DataFrame will be written.
2025-03-19 18:58:58,508 - INFO - Read 0 rows from s3://thesis--ec331-s3/FCAS_RAISE1SEC-Volume-Bids/PUBLIC_DVD_BIDPEROFFER1_202311010000.parquet/part.869.parquet
2025-03-19 18:58:58,511 - INFO - Wrote original 0 rows to s3://thesis--ec331-s3/de-duped-volume-bids/PUBLIC_DVD_BIDPEROFFER1_202311010000.parquet/part.867.parquet
2025-03-19 18:58:58,514 - INFO - No duplicates found in s3://thesis--ec331-s3/FCAS_RAISE1SEC-Volume-Bids/PUBLIC_DVD_BIDPEROFFER1_202311010000.parquet/part.869.parquet
2025-03-19 18:58:58,607 - INFO - Processing: s3://thesis--ec331-s3/FCAS_RAISE1SEC-Volume-Bids/PUBLIC_DVD_BIDPEROFFER1_202311010000.parquet/part.870.parquet
2025-03-19 18:58:58,610 - WARNING - Empty DataFrame will be written.
2025-03-19 18:58:58,612 - INFO - Target: s3://thesis--ec331-s3/de-duped-volume-bids/PUBLIC_DVD_BIDPEROFFER1_202311010000.parquet/part.870.parquet
2025-03-19 18:58:58,649 - INFO - Read 0 rows from s3://thesis--ec331-s3/FCAS_RAISE1SEC-Volume-Bids/PUBLIC_DVD_BIDPEROFFER1_202311010000.parquet/part.87.parquet
2025-03-19 18:58:58,652 - INFO - No duplicates found in s3://thesis--ec331-s3/FCAS_RAISE1SEC-Volume-Bids/PUBLIC_DVD_BIDPEROFFER1_202311010000.parquet/part.87.parquet
2025-03-19 18:58:58,654 - WARNING - Empty DataFrame will be written.
2025-03-19 18:58:58,882 - INFO - Wrote original 0 rows to s3://thesis--ec331-s3/de-duped-volume-bids/PUBLIC_DVD_BIDPEROFFER1_202311010000.parquet/part.868.parquet
2025-03-19 18:58:58,974 - INFO - Processing: s3://thesis--ec331-s3/FCAS_RAISE1SEC-Volume-Bids/PUBLIC_DVD_BIDPEROFFER1_202311010000.parquet/part.871.parquet
2025-03-19 18:58:58,979 - INFO - Target: s3://thesis--ec331-s3/de-duped-volume-bids/PUBLIC_DVD_BIDPEROFFER1_202311010000.parquet/part.871.parquet
2025-03-19 18:58:59,000 - INFO - Read 0 rows from s3://thesis--ec331-s3/FCAS_RAISE1SEC-Volume-Bids/PUBLIC_DVD_BIDPEROFFER1_202311010000.parquet/part.870.parquet
2025-03-19 18:58:59,004 - INFO - Wrote original 0 rows to s3://thesis--ec331-s3/de-duped-volume-bids/PUBLIC_DVD_BIDPEROFFER1_202311010000.parquet/part.87.parquet
2025-03-19 18:58:59,006 - INFO - No duplicates found in s3://thesis--ec331-s3/FCAS_RAISE1SEC-Volume-Bids/PUBLIC_DVD_BIDPEROFFER1_202311010000.parquet/part.870.parquet
2025-03-19 18:58:59,097 - INFO - Processing: s3://thesis--ec331-s3/FCAS_RAISE1SEC-Volume-Bids/PUBLIC_DVD_BIDPEROFFER1_202311010000.parquet/part.872.parquet
2025-03-19 18:58:59,100 - WARNING - Empty DataFrame will be written.
2025-03-19 18:58:59,101 - INFO - Wrote original 0 rows to s3://thesis--ec331-s3/de-duped-volume-bids/PUBLIC_DVD_BIDPEROFFER1_202311010000.parquet/part.869.parquet
2025-03-19 18:58:59,103 - INFO - Target: s3://thesis--ec331-s3/de-duped-volume-bids/PUBLIC_DVD_BIDPEROFFER1_202311010000.parquet/part.872.parquet
2025-03-19 18:58:59,204 - INFO - Processing: s3://thesis--ec331-s3/FCAS_RAISE1SEC-Volume-Bids/PUBLIC_DVD_BIDPEROFFER1_202311010000.parquet/part.873.parquet
2025-03-19 18:58:59,206 - INFO - Target: s3://thesis--ec331-s3/de-duped-volume-bids/PUBLIC_DVD_BIDPEROFFER1_202311010000.parquet/part.873.parquet
2025-03-19 18:58:59,424 - INFO - Read 0 rows from s3://thesis--ec331-s3/FCAS_RAISE1SEC-Volume-Bids/PUBLIC_DVD_BIDPEROFFER1_202311010000.parquet/part.871.parquet
2025-03-19 18:58:59,433 - INFO - No duplicates found in s3://thesis--ec331-s3/FCAS_RAISE1SEC-Volume-Bids/PUBLIC_DVD_BIDPEROFFER1_202311010000.parquet/part.871.parquet
2025-03-19 18:58:59,440 - INFO - Wrote original 0 rows to s3://thesis--ec331-s3/de-duped-volume-bids/PUBLIC_DVD_BIDPEROFFER1_202311010000.parquet/part.870.parquet
2025-03-19 18:58:59,442 - WARNING - Empty DataFrame will be written.
2025-03-19 18:58:59,531 - INFO - Processing: s3://thesis--ec331-s3/FCAS_RAISE1SEC-Volume-Bids/PUBLIC_DVD_BIDPEROFFER1_202311010000.parquet/part.874.parquet
2025-03-19 18:58:59,544 - INFO - Target: s3://thesis--ec331-s3/de-duped-volume-bids/PUBLIC_DVD_BIDPEROFFER1_202311010000.parquet/part.874.parquet
2025-03-19 18:58:59,584 - INFO - Read 0 rows from s3://thesis--ec331-s3/FCAS_RAISE1SEC-Volume-Bids/PUBLIC_DVD_BIDPEROFFER1_202311010000.parquet/part.873.parquet
2025-03-19 18:58:59,587 - INFO - No duplicates found in s3://thesis--ec331-s3/FCAS_RAISE1SEC-Volume-Bids/PUBLIC_DVD_BIDPEROFFER1_202311010000.parquet/part.873.parquet
2025-03-19 18:58:59,588 - WARNING - Empty DataFrame will be written.
2025-03-19 18:58:59,622 - INFO - Read 0 rows from s3://thesis--ec331-s3/FCAS_RAISE1SEC-Volume-Bids/PUBLIC_DVD_BIDPEROFFER1_202311010000.parquet/part.872.parquet
2025-03-19 18:58:59,626 - INFO - No duplicates found in s3://thesis--ec331-s3/FCAS_RAISE1SEC-Volume-Bids/PUBLIC_DVD_BIDPEROFFER1_202311010000.parquet/part.872.parquet
2025-03-19 18:58:59,627 - WARNING - Empty DataFrame will be written.
2025-03-19 18:58:59,819 - INFO - Wrote original 0 rows to s3://thesis--ec331-s3/de-duped-volume-bids/PUBLIC_DVD_BIDPEROFFER1_202311010000.parquet/part.871.parquet
2025-03-19 18:58:59,912 - INFO - Processing: s3://thesis--ec331-s3/FCAS_RAISE1SEC-Volume-Bids/PUBLIC_DVD_BIDPEROFFER1_202311010000.parquet/part.875.parquet
2025-03-19 18:58:59,914 - INFO - Target: s3://thesis--ec331-s3/de-duped-volume-bids/PUBLIC_DVD_BIDPEROFFER1_202311010000.parquet/part.875.parquet
2025-03-19 18:58:59,916 - INFO - Wrote original 0 rows to s3://thesis--ec331-s3/de-duped-volume-bids/PUBLIC_DVD_BIDPEROFFER1_202311010000.parquet/part.873.parquet
2025-03-19 18:59:00,022 - INFO - Processing: s3://thesis--ec331-s3/FCAS_RAISE1SEC-Volume-Bids/PUBLIC_DVD_BIDPEROFFER1_202311010000.parquet/part.876.parquet
2025-03-19 18:59:00,027 - INFO - Wrote original 0 rows to s3://thesis--ec331-s3/de-duped-volume-bids/PUBLIC_DVD_BIDPEROFFER1_202311010000.parquet/part.872.parquet
2025-03-19 18:59:00,027 - INFO - Target: s3://thesis--ec331-s3/de-duped-volume-bids/PUBLIC_DVD_BIDPEROFFER1_202311010000.parquet/part.876.parquet
2025-03-19 18:59:00,116 - INFO - Processing: s3://thesis--ec331-s3/FCAS_RAISE1SEC-Volume-Bids/PUBLIC_DVD_BIDPEROFFER1_202311010000.parquet/part.877.parquet
2025-03-19 18:59:00,122 - INFO - Target: s3://thesis--ec331-s3/de-duped-volume-bids/PUBLIC_DVD_BIDPEROFFER1_202311010000.parquet/part.877.parquet
2025-03-19 18:59:00,157 - INFO - Read 0 rows from s3://thesis--ec331-s3/FCAS_RAISE1SEC-Volume-Bids/PUBLIC_DVD_BIDPEROFFER1_202311010000.parquet/part.874.parquet
2025-03-19 18:59:00,160 - INFO - No duplicates found in s3://thesis--ec331-s3/FCAS_RAISE1SEC-Volume-Bids/PUBLIC_DVD_BIDPEROFFER1_202311010000.parquet/part.874.parquet
2025-03-19 18:59:00,161 - WARNING - Empty DataFrame will be written.
2025-03-19 18:59:00,352 - INFO - Read 0 rows from s3://thesis--ec331-s3/FCAS_RAISE1SEC-Volume-Bids/PUBLIC_DVD_BIDPEROFFER1_202311010000.parquet/part.875.parquet
2025-03-19 18:59:00,355 - INFO - No duplicates found in s3://thesis--ec331-s3/FCAS_RAISE1SEC-Volume-Bids/PUBLIC_DVD_BIDPEROFFER1_202311010000.parquet/part.875.parquet
2025-03-19 18:59:00,356 - WARNING - Empty DataFrame will be written.
2025-03-19 18:59:00,385 - INFO - Read 0 rows from s3://thesis--ec331-s3/FCAS_RAISE1SEC-Volume-Bids/PUBLIC_DVD_BIDPEROFFER1_202311010000.parquet/part.876.parquet
2025-03-19 18:59:00,391 - INFO - No duplicates found in s3://thesis--ec331-s3/FCAS_RAISE1SEC-Volume-Bids/PUBLIC_DVD_BIDPEROFFER1_202311010000.parquet/part.876.parquet
2025-03-19 18:59:00,393 - WARNING - Empty DataFrame will be written.
2025-03-19 18:59:00,414 - INFO - Wrote original 0 rows to s3://thesis--ec331-s3/de-duped-volume-bids/PUBLIC_DVD_BIDPEROFFER1_202311010000.parquet/part.874.parquet
2025-03-19 18:59:00,509 - INFO - Processing: s3://thesis--ec331-s3/FCAS_RAISE1SEC-Volume-Bids/PUBLIC_DVD_BIDPEROFFER1_202311010000.parquet/part.878.parquet
2025-03-19 18:59:00,511 - INFO - Target: s3://thesis--ec331-s3/de-duped-volume-bids/PUBLIC_DVD_BIDPEROFFER1_202311010000.parquet/part.878.parquet
2025-03-19 18:59:00,533 - INFO - Read 0 rows from s3://thesis--ec331-s3/FCAS_RAISE1SEC-Volume-Bids/PUBLIC_DVD_BIDPEROFFER1_202311010000.parquet/part.877.parquet
2025-03-19 18:59:00,536 - INFO - No duplicates found in s3://thesis--ec331-s3/FCAS_RAISE1SEC-Volume-Bids/PUBLIC_DVD_BIDPEROFFER1_202311010000.parquet/part.877.parquet
2025-03-19 18:59:00,537 - WARNING - Empty DataFrame will be written.
2025-03-19 18:59:00,723 - INFO - Wrote original 0 rows to s3://thesis--ec331-s3/de-duped-volume-bids/PUBLIC_DVD_BIDPEROFFER1_202311010000.parquet/part.875.parquet
2025-03-19 18:59:00,822 - INFO - Processing: s3://thesis--ec331-s3/FCAS_RAISE1SEC-Volume-Bids/PUBLIC_DVD_BIDPEROFFER1_202311010000.parquet/part.879.parquet
2025-03-19 18:59:00,824 - INFO - Target: s3://thesis--ec331-s3/de-duped-volume-bids/PUBLIC_DVD_BIDPEROFFER1_202311010000.parquet/part.879.parquet
2025-03-19 18:59:00,847 - INFO - Read 0 rows from s3://thesis--ec331-s3/FCAS_RAISE1SEC-Volume-Bids/PUBLIC_DVD_BIDPEROFFER1_202311010000.parquet/part.878.parquet
2025-03-19 18:59:00,850 - INFO - No duplicates found in s3://thesis--ec331-s3/FCAS_RAISE1SEC-Volume-Bids/PUBLIC_DVD_BIDPEROFFER1_202311010000.parquet/part.878.parquet
2025-03-19 18:59:00,851 - WARNING - Empty DataFrame will be written.
2025-03-19 18:59:00,873 - INFO - Wrote original 0 rows to s3://thesis--ec331-s3/de-duped-volume-bids/PUBLIC_DVD_BIDPEROFFER1_202311010000.parquet/part.877.parquet
2025-03-19 18:59:00,967 - INFO - Processing: s3://thesis--ec331-s3/FCAS_RAISE1SEC-Volume-Bids/PUBLIC_DVD_BIDPEROFFER1_202311010000.parquet/part.88.parquet
2025-03-19 18:59:00,968 - INFO - Target: s3://thesis--ec331-s3/de-duped-volume-bids/PUBLIC_DVD_BIDPEROFFER1_202311010000.parquet/part.88.parquet
2025-03-19 18:59:00,975 - INFO - Wrote original 0 rows to s3://thesis--ec331-s3/de-duped-volume-bids/PUBLIC_DVD_BIDPEROFFER1_202311010000.parquet/part.876.parquet
2025-03-19 18:59:01,073 - INFO - Processing: s3://thesis--ec331-s3/FCAS_RAISE1SEC-Volume-Bids/PUBLIC_DVD_BIDPEROFFER1_202311010000.parquet/part.880.parquet
2025-03-19 18:59:01,075 - INFO - Target: s3://thesis--ec331-s3/de-duped-volume-bids/PUBLIC_DVD_BIDPEROFFER1_202311010000.parquet/part.880.parquet
2025-03-19 18:59:01,252 - INFO - Wrote original 0 rows to s3://thesis--ec331-s3/de-duped-volume-bids/PUBLIC_DVD_BIDPEROFFER1_202311010000.parquet/part.878.parquet
2025-03-19 18:59:01,345 - INFO - Processing: s3://thesis--ec331-s3/FCAS_RAISE1SEC-Volume-Bids/PUBLIC_DVD_BIDPEROFFER1_202311010000.parquet/part.881.parquet
2025-03-19 18:59:01,351 - INFO - Target: s3://thesis--ec331-s3/de-duped-volume-bids/PUBLIC_DVD_BIDPEROFFER1_202311010000.parquet/part.881.parquet
2025-03-19 18:59:01,374 - INFO - Read 0 rows from s3://thesis--ec331-s3/FCAS_RAISE1SEC-Volume-Bids/PUBLIC_DVD_BIDPEROFFER1_202311010000.parquet/part.879.parquet
2025-03-19 18:59:01,383 - INFO - No duplicates found in s3://thesis--ec331-s3/FCAS_RAISE1SEC-Volume-Bids/PUBLIC_DVD_BIDPEROFFER1_202311010000.parquet/part.879.parquet
2025-03-19 18:59:01,384 - WARNING - Empty DataFrame will be written.
2025-03-19 18:59:01,414 - INFO - Read 0 rows from s3://thesis--ec331-s3/FCAS_RAISE1SEC-Volume-Bids/PUBLIC_DVD_BIDPEROFFER1_202311010000.parquet/part.88.parquet
2025-03-19 18:59:01,417 - INFO - No duplicates found in s3://thesis--ec331-s3/FCAS_RAISE1SEC-Volume-Bids/PUBLIC_DVD_BIDPEROFFER1_202311010000.parquet/part.88.parquet
2025-03-19 18:59:01,418 - WARNING - Empty DataFrame will be written.
2025-03-19 18:59:01,459 - INFO - Read 0 rows from s3://thesis--ec331-s3/FCAS_RAISE1SEC-Volume-Bids/PUBLIC_DVD_BIDPEROFFER1_202311010000.parquet/part.880.parquet
2025-03-19 18:59:01,462 - INFO - No duplicates found in s3://thesis--ec331-s3/FCAS_RAISE1SEC-Volume-Bids/PUBLIC_DVD_BIDPEROFFER1_202311010000.parquet/part.880.parquet
2025-03-19 18:59:01,464 - WARNING - Empty DataFrame will be written.
2025-03-19 18:59:01,629 - INFO - Read 0 rows from s3://thesis--ec331-s3/FCAS_RAISE1SEC-Volume-Bids/PUBLIC_DVD_BIDPEROFFER1_202311010000.parquet/part.881.parquet
2025-03-19 18:59:01,631 - INFO - No duplicates found in s3://thesis--ec331-s3/FCAS_RAISE1SEC-Volume-Bids/PUBLIC_DVD_BIDPEROFFER1_202311010000.parquet/part.881.parquet
2025-03-19 18:59:01,632 - WARNING - Empty DataFrame will be written.
2025-03-19 18:59:01,639 - INFO - Wrote original 0 rows to s3://thesis--ec331-s3/de-duped-volume-bids/PUBLIC_DVD_BIDPEROFFER1_202311010000.parquet/part.879.parquet
2025-03-19 18:59:01,756 - INFO - Processing: s3://thesis--ec331-s3/FCAS_RAISE1SEC-Volume-Bids/PUBLIC_DVD_BIDPEROFFER1_202311010000.parquet/part.882.parquet
2025-03-19 18:59:01,758 - INFO - Target: s3://thesis--ec331-s3/de-duped-volume-bids/PUBLIC_DVD_BIDPEROFFER1_202311010000.parquet/part.882.parquet
2025-03-19 18:59:01,814 - INFO - Wrote original 0 rows to s3://thesis--ec331-s3/de-duped-volume-bids/PUBLIC_DVD_BIDPEROFFER1_202311010000.parquet/part.88.parquet
2025-03-19 18:59:01,903 - INFO - Processing: s3://thesis--ec331-s3/FCAS_RAISE1SEC-Volume-Bids/PUBLIC_DVD_BIDPEROFFER1_202311010000.parquet/part.883.parquet
2025-03-19 18:59:01,905 - INFO - Target: s3://thesis--ec331-s3/de-duped-volume-bids/PUBLIC_DVD_BIDPEROFFER1_202311010000.parquet/part.883.parquet
2025-03-19 18:59:01,920 - INFO - Wrote original 0 rows to s3://thesis--ec331-s3/de-duped-volume-bids/PUBLIC_DVD_BIDPEROFFER1_202311010000.parquet/part.880.parquet
2025-03-19 18:59:02,017 - INFO - Processing: s3://thesis--ec331-s3/FCAS_RAISE1SEC-Volume-Bids/PUBLIC_DVD_BIDPEROFFER1_202311010000.parquet/part.884.parquet
2025-03-19 18:59:02,020 - INFO - Target: s3://thesis--ec331-s3/de-duped-volume-bids/PUBLIC_DVD_BIDPEROFFER1_202311010000.parquet/part.884.parquet
2025-03-19 18:59:02,192 - INFO - Wrote original 0 rows to s3://thesis--ec331-s3/de-duped-volume-bids/PUBLIC_DVD_BIDPEROFFER1_202311010000.parquet/part.881.parquet
2025-03-19 18:59:02,284 - INFO - Processing: s3://thesis--ec331-s3/FCAS_RAISE1SEC-Volume-Bids/PUBLIC_DVD_BIDPEROFFER1_202311010000.parquet/part.885.parquet
2025-03-19 18:59:02,289 - INFO - Target: s3://thesis--ec331-s3/de-duped-volume-bids/PUBLIC_DVD_BIDPEROFFER1_202311010000.parquet/part.885.parquet
2025-03-19 18:59:02,311 - INFO - Read 0 rows from s3://thesis--ec331-s3/FCAS_RAISE1SEC-Volume-Bids/PUBLIC_DVD_BIDPEROFFER1_202311010000.parquet/part.882.parquet
2025-03-19 18:59:02,315 - INFO - No duplicates found in s3://thesis--ec331-s3/FCAS_RAISE1SEC-Volume-Bids/PUBLIC_DVD_BIDPEROFFER1_202311010000.parquet/part.882.parquet
2025-03-19 18:59:02,316 - WARNING - Empty DataFrame will be written.
2025-03-19 18:59:02,346 - INFO - Read 0 rows from s3://thesis--ec331-s3/FCAS_RAISE1SEC-Volume-Bids/PUBLIC_DVD_BIDPEROFFER1_202311010000.parquet/part.883.parquet
2025-03-19 18:59:02,349 - INFO - No duplicates found in s3://thesis--ec331-s3/FCAS_RAISE1SEC-Volume-Bids/PUBLIC_DVD_BIDPEROFFER1_202311010000.parquet/part.883.parquet
2025-03-19 18:59:02,350 - WARNING - Empty DataFrame will be written.
2025-03-19 18:59:02,400 - INFO - Read 0 rows from s3://thesis--ec331-s3/FCAS_RAISE1SEC-Volume-Bids/PUBLIC_DVD_BIDPEROFFER1_202311010000.parquet/part.884.parquet
2025-03-19 18:59:02,402 - INFO - No duplicates found in s3://thesis--ec331-s3/FCAS_RAISE1SEC-Volume-Bids/PUBLIC_DVD_BIDPEROFFER1_202311010000.parquet/part.884.parquet
2025-03-19 18:59:02,403 - WARNING - Empty DataFrame will be written.
2025-03-19 18:59:02,538 - INFO - Read 0 rows from s3://thesis--ec331-s3/FCAS_RAISE1SEC-Volume-Bids/PUBLIC_DVD_BIDPEROFFER1_202311010000.parquet/part.885.parquet
2025-03-19 18:59:02,541 - INFO - No duplicates found in s3://thesis--ec331-s3/FCAS_RAISE1SEC-Volume-Bids/PUBLIC_DVD_BIDPEROFFER1_202311010000.parquet/part.885.parquet
2025-03-19 18:59:02,542 - WARNING - Empty DataFrame will be written.
2025-03-19 18:59:02,596 - INFO - Wrote original 0 rows to s3://thesis--ec331-s3/de-duped-volume-bids/PUBLIC_DVD_BIDPEROFFER1_202311010000.parquet/part.883.parquet
2025-03-19 18:59:02,689 - INFO - Processing: s3://thesis--ec331-s3/FCAS_RAISE1SEC-Volume-Bids/PUBLIC_DVD_BIDPEROFFER1_202311010000.parquet/part.886.parquet
2025-03-19 18:59:02,693 - INFO - Wrote original 0 rows to s3://thesis--ec331-s3/de-duped-volume-bids/PUBLIC_DVD_BIDPEROFFER1_202311010000.parquet/part.882.parquet
2025-03-19 18:59:02,694 - INFO - Target: s3://thesis--ec331-s3/de-duped-volume-bids/PUBLIC_DVD_BIDPEROFFER1_202311010000.parquet/part.886.parquet
2025-03-19 18:59:02,697 - INFO - Wrote original 0 rows to s3://thesis--ec331-s3/de-duped-volume-bids/PUBLIC_DVD_BIDPEROFFER1_202311010000.parquet/part.884.parquet
2025-03-19 18:59:02,788 - INFO - Processing: s3://thesis--ec331-s3/FCAS_RAISE1SEC-Volume-Bids/PUBLIC_DVD_BIDPEROFFER1_202311010000.parquet/part.887.parquet
2025-03-19 18:59:02,877 - INFO - Processing: s3://thesis--ec331-s3/FCAS_RAISE1SEC-Volume-Bids/PUBLIC_DVD_BIDPEROFFER1_202311010000.parquet/part.888.parquet
2025-03-19 18:59:02,885 - INFO - Target: s3://thesis--ec331-s3/de-duped-volume-bids/PUBLIC_DVD_BIDPEROFFER1_202311010000.parquet/part.887.parquet
2025-03-19 18:59:02,894 - INFO - Target: s3://thesis--ec331-s3/de-duped-volume-bids/PUBLIC_DVD_BIDPEROFFER1_202311010000.parquet/part.888.parquet
2025-03-19 18:59:03,036 - INFO - Wrote original 0 rows to s3://thesis--ec331-s3/de-duped-volume-bids/PUBLIC_DVD_BIDPEROFFER1_202311010000.parquet/part.885.parquet
2025-03-19 18:59:03,127 - INFO - Processing: s3://thesis--ec331-s3/FCAS_RAISE1SEC-Volume-Bids/PUBLIC_DVD_BIDPEROFFER1_202311010000.parquet/part.889.parquet
2025-03-19 18:59:03,128 - INFO - Target: s3://thesis--ec331-s3/de-duped-volume-bids/PUBLIC_DVD_BIDPEROFFER1_202311010000.parquet/part.889.parquet
2025-03-19 18:59:03,212 - INFO - Read 288 rows from s3://thesis--ec331-s3/FCAS_RAISE1SEC-Volume-Bids/PUBLIC_DVD_BIDPEROFFER1_202311010000.parquet/part.887.parquet
2025-03-19 18:59:03,218 - INFO - No duplicates found in s3://thesis--ec331-s3/FCAS_RAISE1SEC-Volume-Bids/PUBLIC_DVD_BIDPEROFFER1_202311010000.parquet/part.887.parquet
2025-03-19 18:59:03,243 - INFO - Read 0 rows from s3://thesis--ec331-s3/FCAS_RAISE1SEC-Volume-Bids/PUBLIC_DVD_BIDPEROFFER1_202311010000.parquet/part.888.parquet
2025-03-19 18:59:03,246 - INFO - No duplicates found in s3://thesis--ec331-s3/FCAS_RAISE1SEC-Volume-Bids/PUBLIC_DVD_BIDPEROFFER1_202311010000.parquet/part.888.parquet
2025-03-19 18:59:03,247 - WARNING - Empty DataFrame will be written.
2025-03-19 18:59:03,299 - INFO - Read 0 rows from s3://thesis--ec331-s3/FCAS_RAISE1SEC-Volume-Bids/PUBLIC_DVD_BIDPEROFFER1_202311010000.parquet/part.886.parquet
2025-03-19 18:59:03,306 - INFO - No duplicates found in s3://thesis--ec331-s3/FCAS_RAISE1SEC-Volume-Bids/PUBLIC_DVD_BIDPEROFFER1_202311010000.parquet/part.886.parquet
2025-03-19 18:59:03,307 - WARNING - Empty DataFrame will be written.
2025-03-19 18:59:03,382 - INFO - Read 0 rows from s3://thesis--ec331-s3/FCAS_RAISE1SEC-Volume-Bids/PUBLIC_DVD_BIDPEROFFER1_202311010000.parquet/part.889.parquet
2025-03-19 18:59:03,385 - INFO - No duplicates found in s3://thesis--ec331-s3/FCAS_RAISE1SEC-Volume-Bids/PUBLIC_DVD_BIDPEROFFER1_202311010000.parquet/part.889.parquet
2025-03-19 18:59:03,386 - WARNING - Empty DataFrame will be written.
2025-03-19 18:59:03,469 - INFO - Wrote original 0 rows to s3://thesis--ec331-s3/de-duped-volume-bids/PUBLIC_DVD_BIDPEROFFER1_202311010000.parquet/part.888.parquet
2025-03-19 18:59:03,566 - INFO - Processing: s3://thesis--ec331-s3/FCAS_RAISE1SEC-Volume-Bids/PUBLIC_DVD_BIDPEROFFER1_202311010000.parquet/part.89.parquet
2025-03-19 18:59:03,568 - INFO - Target: s3://thesis--ec331-s3/de-duped-volume-bids/PUBLIC_DVD_BIDPEROFFER1_202311010000.parquet/part.89.parquet
2025-03-19 18:59:03,572 - INFO - Wrote original 288 rows to s3://thesis--ec331-s3/de-duped-volume-bids/PUBLIC_DVD_BIDPEROFFER1_202311010000.parquet/part.887.parquet
2025-03-19 18:59:03,676 - INFO - Processing: s3://thesis--ec331-s3/FCAS_RAISE1SEC-Volume-Bids/PUBLIC_DVD_BIDPEROFFER1_202311010000.parquet/part.890.parquet
2025-03-19 18:59:03,678 - INFO - Target: s3://thesis--ec331-s3/de-duped-volume-bids/PUBLIC_DVD_BIDPEROFFER1_202311010000.parquet/part.890.parquet
2025-03-19 18:59:03,702 - INFO - Wrote original 0 rows to s3://thesis--ec331-s3/de-duped-volume-bids/PUBLIC_DVD_BIDPEROFFER1_202311010000.parquet/part.886.parquet
2025-03-19 18:59:03,793 - INFO - Processing: s3://thesis--ec331-s3/FCAS_RAISE1SEC-Volume-Bids/PUBLIC_DVD_BIDPEROFFER1_202311010000.parquet/part.891.parquet
2025-03-19 18:59:03,795 - INFO - Target: s3://thesis--ec331-s3/de-duped-volume-bids/PUBLIC_DVD_BIDPEROFFER1_202311010000.parquet/part.891.parquet
2025-03-19 18:59:03,860 - INFO - Wrote original 0 rows to s3://thesis--ec331-s3/de-duped-volume-bids/PUBLIC_DVD_BIDPEROFFER1_202311010000.parquet/part.889.parquet
2025-03-19 18:59:03,949 - INFO - Processing: s3://thesis--ec331-s3/FCAS_RAISE1SEC-Volume-Bids/PUBLIC_DVD_BIDPEROFFER1_202311010000.parquet/part.892.parquet
2025-03-19 18:59:03,951 - INFO - Target: s3://thesis--ec331-s3/de-duped-volume-bids/PUBLIC_DVD_BIDPEROFFER1_202311010000.parquet/part.892.parquet
2025-03-19 18:59:04,042 - INFO - Read 0 rows from s3://thesis--ec331-s3/FCAS_RAISE1SEC-Volume-Bids/PUBLIC_DVD_BIDPEROFFER1_202311010000.parquet/part.890.parquet
2025-03-19 18:59:04,046 - INFO - No duplicates found in s3://thesis--ec331-s3/FCAS_RAISE1SEC-Volume-Bids/PUBLIC_DVD_BIDPEROFFER1_202311010000.parquet/part.890.parquet
2025-03-19 18:59:04,047 - WARNING - Empty DataFrame will be written.
2025-03-19 18:59:04,072 - INFO - Read 0 rows from s3://thesis--ec331-s3/FCAS_RAISE1SEC-Volume-Bids/PUBLIC_DVD_BIDPEROFFER1_202311010000.parquet/part.89.parquet
2025-03-19 18:59:04,075 - INFO - No duplicates found in s3://thesis--ec331-s3/FCAS_RAISE1SEC-Volume-Bids/PUBLIC_DVD_BIDPEROFFER1_202311010000.parquet/part.89.parquet
2025-03-19 18:59:04,076 - WARNING - Empty DataFrame will be written.
2025-03-19 18:59:04,136 - INFO - Read 0 rows from s3://thesis--ec331-s3/FCAS_RAISE1SEC-Volume-Bids/PUBLIC_DVD_BIDPEROFFER1_202311010000.parquet/part.891.parquet
2025-03-19 18:59:04,139 - INFO - No duplicates found in s3://thesis--ec331-s3/FCAS_RAISE1SEC-Volume-Bids/PUBLIC_DVD_BIDPEROFFER1_202311010000.parquet/part.891.parquet
2025-03-19 18:59:04,140 - WARNING - Empty DataFrame will be written.
2025-03-19 18:59:04,184 - INFO - Read 0 rows from s3://thesis--ec331-s3/FCAS_RAISE1SEC-Volume-Bids/PUBLIC_DVD_BIDPEROFFER1_202311010000.parquet/part.892.parquet
2025-03-19 18:59:04,197 - INFO - No duplicates found in s3://thesis--ec331-s3/FCAS_RAISE1SEC-Volume-Bids/PUBLIC_DVD_BIDPEROFFER1_202311010000.parquet/part.892.parquet
2025-03-19 18:59:04,199 - WARNING - Empty DataFrame will be written.
2025-03-19 18:59:04,336 - INFO - Wrote original 0 rows to s3://thesis--ec331-s3/de-duped-volume-bids/PUBLIC_DVD_BIDPEROFFER1_202311010000.parquet/part.89.parquet
2025-03-19 18:59:04,339 - INFO - Wrote original 0 rows to s3://thesis--ec331-s3/de-duped-volume-bids/PUBLIC_DVD_BIDPEROFFER1_202311010000.parquet/part.890.parquet
2025-03-19 18:59:04,435 - INFO - Processing: s3://thesis--ec331-s3/FCAS_RAISE1SEC-Volume-Bids/PUBLIC_DVD_BIDPEROFFER1_202311010000.parquet/part.893.parquet
2025-03-19 18:59:04,439 - INFO - Wrote original 0 rows to s3://thesis--ec331-s3/de-duped-volume-bids/PUBLIC_DVD_BIDPEROFFER1_202311010000.parquet/part.891.parquet
2025-03-19 18:59:04,531 - INFO - Processing: s3://thesis--ec331-s3/FCAS_RAISE1SEC-Volume-Bids/PUBLIC_DVD_BIDPEROFFER1_202311010000.parquet/part.894.parquet
2025-03-19 18:59:04,532 - INFO - Target: s3://thesis--ec331-s3/de-duped-volume-bids/PUBLIC_DVD_BIDPEROFFER1_202311010000.parquet/part.893.parquet
2025-03-19 18:59:04,619 - INFO - Processing: s3://thesis--ec331-s3/FCAS_RAISE1SEC-Volume-Bids/PUBLIC_DVD_BIDPEROFFER1_202311010000.parquet/part.895.parquet
2025-03-19 18:59:04,621 - INFO - Target: s3://thesis--ec331-s3/de-duped-volume-bids/PUBLIC_DVD_BIDPEROFFER1_202311010000.parquet/part.894.parquet
2025-03-19 18:59:04,631 - INFO - Target: s3://thesis--ec331-s3/de-duped-volume-bids/PUBLIC_DVD_BIDPEROFFER1_202311010000.parquet/part.895.parquet
2025-03-19 18:59:04,650 - INFO - Wrote original 0 rows to s3://thesis--ec331-s3/de-duped-volume-bids/PUBLIC_DVD_BIDPEROFFER1_202311010000.parquet/part.892.parquet
2025-03-19 18:59:04,744 - INFO - Processing: s3://thesis--ec331-s3/FCAS_RAISE1SEC-Volume-Bids/PUBLIC_DVD_BIDPEROFFER1_202311010000.parquet/part.896.parquet
2025-03-19 18:59:04,745 - INFO - Target: s3://thesis--ec331-s3/de-duped-volume-bids/PUBLIC_DVD_BIDPEROFFER1_202311010000.parquet/part.896.parquet
2025-03-19 18:59:04,956 - INFO - Read 0 rows from s3://thesis--ec331-s3/FCAS_RAISE1SEC-Volume-Bids/PUBLIC_DVD_BIDPEROFFER1_202311010000.parquet/part.893.parquet
2025-03-19 18:59:04,973 - INFO - No duplicates found in s3://thesis--ec331-s3/FCAS_RAISE1SEC-Volume-Bids/PUBLIC_DVD_BIDPEROFFER1_202311010000.parquet/part.893.parquet
2025-03-19 18:59:04,974 - WARNING - Empty DataFrame will be written.
2025-03-19 18:59:05,009 - INFO - Read 0 rows from s3://thesis--ec331-s3/FCAS_RAISE1SEC-Volume-Bids/PUBLIC_DVD_BIDPEROFFER1_202311010000.parquet/part.894.parquet
2025-03-19 18:59:05,011 - INFO - No duplicates found in s3://thesis--ec331-s3/FCAS_RAISE1SEC-Volume-Bids/PUBLIC_DVD_BIDPEROFFER1_202311010000.parquet/part.894.parquet
2025-03-19 18:59:05,012 - WARNING - Empty DataFrame will be written.
2025-03-19 18:59:05,047 - INFO - Read 0 rows from s3://thesis--ec331-s3/FCAS_RAISE1SEC-Volume-Bids/PUBLIC_DVD_BIDPEROFFER1_202311010000.parquet/part.895.parquet
2025-03-19 18:59:05,055 - INFO - Read 0 rows from s3://thesis--ec331-s3/FCAS_RAISE1SEC-Volume-Bids/PUBLIC_DVD_BIDPEROFFER1_202311010000.parquet/part.896.parquet
2025-03-19 18:59:05,058 - INFO - No duplicates found in s3://thesis--ec331-s3/FCAS_RAISE1SEC-Volume-Bids/PUBLIC_DVD_BIDPEROFFER1_202311010000.parquet/part.895.parquet
2025-03-19 18:59:05,060 - INFO - No duplicates found in s3://thesis--ec331-s3/FCAS_RAISE1SEC-Volume-Bids/PUBLIC_DVD_BIDPEROFFER1_202311010000.parquet/part.896.parquet
2025-03-19 18:59:05,062 - WARNING - Empty DataFrame will be written.
2025-03-19 18:59:05,063 - WARNING - Empty DataFrame will be written.
2025-03-19 18:59:05,240 - INFO - Wrote original 0 rows to s3://thesis--ec331-s3/de-duped-volume-bids/PUBLIC_DVD_BIDPEROFFER1_202311010000.parquet/part.893.parquet
2025-03-19 18:59:05,336 - INFO - Processing: s3://thesis--ec331-s3/FCAS_RAISE1SEC-Volume-Bids/PUBLIC_DVD_BIDPEROFFER1_202311010000.parquet/part.897.parquet
2025-03-19 18:59:05,339 - INFO - Wrote original 0 rows to s3://thesis--ec331-s3/de-duped-volume-bids/PUBLIC_DVD_BIDPEROFFER1_202311010000.parquet/part.894.parquet
2025-03-19 18:59:05,340 - INFO - Target: s3://thesis--ec331-s3/de-duped-volume-bids/PUBLIC_DVD_BIDPEROFFER1_202311010000.parquet/part.897.parquet
2025-03-19 18:59:05,436 - INFO - Processing: s3://thesis--ec331-s3/FCAS_RAISE1SEC-Volume-Bids/PUBLIC_DVD_BIDPEROFFER1_202311010000.parquet/part.898.parquet
2025-03-19 18:59:05,449 - INFO - Target: s3://thesis--ec331-s3/de-duped-volume-bids/PUBLIC_DVD_BIDPEROFFER1_202311010000.parquet/part.898.parquet
2025-03-19 18:59:05,479 - INFO - Wrote original 0 rows to s3://thesis--ec331-s3/de-duped-volume-bids/PUBLIC_DVD_BIDPEROFFER1_202311010000.parquet/part.896.parquet
2025-03-19 18:59:05,572 - INFO - Wrote original 0 rows to s3://thesis--ec331-s3/de-duped-volume-bids/PUBLIC_DVD_BIDPEROFFER1_202311010000.parquet/part.895.parquet
2025-03-19 18:59:05,573 - INFO - Processing: s3://thesis--ec331-s3/FCAS_RAISE1SEC-Volume-Bids/PUBLIC_DVD_BIDPEROFFER1_202311010000.parquet/part.899.parquet
2025-03-19 18:59:05,660 - INFO - Processing: s3://thesis--ec331-s3/FCAS_RAISE1SEC-Volume-Bids/PUBLIC_DVD_BIDPEROFFER1_202311010000.parquet/part.9.parquet
2025-03-19 18:59:05,662 - INFO - Target: s3://thesis--ec331-s3/de-duped-volume-bids/PUBLIC_DVD_BIDPEROFFER1_202311010000.parquet/part.899.parquet
2025-03-19 18:59:05,662 - INFO - Target: s3://thesis--ec331-s3/de-duped-volume-bids/PUBLIC_DVD_BIDPEROFFER1_202311010000.parquet/part.9.parquet
2025-03-19 18:59:05,847 - INFO - Read 0 rows from s3://thesis--ec331-s3/FCAS_RAISE1SEC-Volume-Bids/PUBLIC_DVD_BIDPEROFFER1_202311010000.parquet/part.898.parquet
2025-03-19 18:59:05,850 - INFO - No duplicates found in s3://thesis--ec331-s3/FCAS_RAISE1SEC-Volume-Bids/PUBLIC_DVD_BIDPEROFFER1_202311010000.parquet/part.898.parquet
2025-03-19 18:59:05,859 - WARNING - Empty DataFrame will be written.
2025-03-19 18:59:05,892 - INFO - Read 0 rows from s3://thesis--ec331-s3/FCAS_RAISE1SEC-Volume-Bids/PUBLIC_DVD_BIDPEROFFER1_202311010000.parquet/part.897.parquet
2025-03-19 18:59:05,895 - INFO - No duplicates found in s3://thesis--ec331-s3/FCAS_RAISE1SEC-Volume-Bids/PUBLIC_DVD_BIDPEROFFER1_202311010000.parquet/part.897.parquet
2025-03-19 18:59:05,896 - WARNING - Empty DataFrame will be written.
2025-03-19 18:59:05,933 - INFO - Read 0 rows from s3://thesis--ec331-s3/FCAS_RAISE1SEC-Volume-Bids/PUBLIC_DVD_BIDPEROFFER1_202311010000.parquet/part.899.parquet
2025-03-19 18:59:05,936 - INFO - No duplicates found in s3://thesis--ec331-s3/FCAS_RAISE1SEC-Volume-Bids/PUBLIC_DVD_BIDPEROFFER1_202311010000.parquet/part.899.parquet
2025-03-19 18:59:05,938 - WARNING - Empty DataFrame will be written.
2025-03-19 18:59:05,977 - INFO - Read 0 rows from s3://thesis--ec331-s3/FCAS_RAISE1SEC-Volume-Bids/PUBLIC_DVD_BIDPEROFFER1_202311010000.parquet/part.9.parquet
2025-03-19 18:59:05,980 - INFO - No duplicates found in s3://thesis--ec331-s3/FCAS_RAISE1SEC-Volume-Bids/PUBLIC_DVD_BIDPEROFFER1_202311010000.parquet/part.9.parquet
2025-03-19 18:59:05,981 - WARNING - Empty DataFrame will be written.
2025-03-19 18:59:06,162 - INFO - Wrote original 0 rows to s3://thesis--ec331-s3/de-duped-volume-bids/PUBLIC_DVD_BIDPEROFFER1_202311010000.parquet/part.898.parquet
2025-03-19 18:59:06,257 - INFO - Processing: s3://thesis--ec331-s3/FCAS_RAISE1SEC-Volume-Bids/PUBLIC_DVD_BIDPEROFFER1_202311010000.parquet/part.90.parquet
2025-03-19 18:59:06,262 - INFO - Wrote original 0 rows to s3://thesis--ec331-s3/de-duped-volume-bids/PUBLIC_DVD_BIDPEROFFER1_202311010000.parquet/part.897.parquet
2025-03-19 18:59:06,263 - INFO - Target: s3://thesis--ec331-s3/de-duped-volume-bids/PUBLIC_DVD_BIDPEROFFER1_202311010000.parquet/part.90.parquet
2025-03-19 18:59:06,352 - INFO - Processing: s3://thesis--ec331-s3/FCAS_RAISE1SEC-Volume-Bids/PUBLIC_DVD_BIDPEROFFER1_202311010000.parquet/part.900.parquet
2025-03-19 18:59:06,364 - INFO - Target: s3://thesis--ec331-s3/de-duped-volume-bids/PUBLIC_DVD_BIDPEROFFER1_202311010000.parquet/part.900.parquet
2025-03-19 18:59:06,407 - INFO - Wrote original 0 rows to s3://thesis--ec331-s3/de-duped-volume-bids/PUBLIC_DVD_BIDPEROFFER1_202311010000.parquet/part.899.parquet
2025-03-19 18:59:06,500 - INFO - Processing: s3://thesis--ec331-s3/FCAS_RAISE1SEC-Volume-Bids/PUBLIC_DVD_BIDPEROFFER1_202311010000.parquet/part.901.parquet
2025-03-19 18:59:06,504 - INFO - Wrote original 0 rows to s3://thesis--ec331-s3/de-duped-volume-bids/PUBLIC_DVD_BIDPEROFFER1_202311010000.parquet/part.9.parquet
2025-03-19 18:59:06,504 - INFO - Target: s3://thesis--ec331-s3/de-duped-volume-bids/PUBLIC_DVD_BIDPEROFFER1_202311010000.parquet/part.901.parquet
2025-03-19 18:59:06,593 - INFO - Processing: s3://thesis--ec331-s3/FCAS_RAISE1SEC-Volume-Bids/PUBLIC_DVD_BIDPEROFFER1_202311010000.parquet/part.902.parquet
2025-03-19 18:59:06,612 - INFO - Target: s3://thesis--ec331-s3/de-duped-volume-bids/PUBLIC_DVD_BIDPEROFFER1_202311010000.parquet/part.902.parquet
2025-03-19 18:59:06,820 - INFO - Read 0 rows from s3://thesis--ec331-s3/FCAS_RAISE1SEC-Volume-Bids/PUBLIC_DVD_BIDPEROFFER1_202311010000.parquet/part.90.parquet
2025-03-19 18:59:06,833 - INFO - Read 0 rows from s3://thesis--ec331-s3/FCAS_RAISE1SEC-Volume-Bids/PUBLIC_DVD_BIDPEROFFER1_202311010000.parquet/part.900.parquet
2025-03-19 18:59:06,836 - INFO - No duplicates found in s3://thesis--ec331-s3/FCAS_RAISE1SEC-Volume-Bids/PUBLIC_DVD_BIDPEROFFER1_202311010000.parquet/part.90.parquet
2025-03-19 18:59:06,838 - INFO - No duplicates found in s3://thesis--ec331-s3/FCAS_RAISE1SEC-Volume-Bids/PUBLIC_DVD_BIDPEROFFER1_202311010000.parquet/part.900.parquet
2025-03-19 18:59:06,841 - WARNING - Empty DataFrame will be written.
2025-03-19 18:59:06,842 - WARNING - Empty DataFrame will be written.
2025-03-19 18:59:06,887 - INFO - Read 0 rows from s3://thesis--ec331-s3/FCAS_RAISE1SEC-Volume-Bids/PUBLIC_DVD_BIDPEROFFER1_202311010000.parquet/part.901.parquet
2025-03-19 18:59:06,890 - INFO - No duplicates found in s3://thesis--ec331-s3/FCAS_RAISE1SEC-Volume-Bids/PUBLIC_DVD_BIDPEROFFER1_202311010000.parquet/part.901.parquet
2025-03-19 18:59:06,891 - WARNING - Empty DataFrame will be written.
2025-03-19 18:59:06,931 - INFO - Read 0 rows from s3://thesis--ec331-s3/FCAS_RAISE1SEC-Volume-Bids/PUBLIC_DVD_BIDPEROFFER1_202311010000.parquet/part.902.parquet
2025-03-19 18:59:06,934 - INFO - No duplicates found in s3://thesis--ec331-s3/FCAS_RAISE1SEC-Volume-Bids/PUBLIC_DVD_BIDPEROFFER1_202311010000.parquet/part.902.parquet
2025-03-19 18:59:06,935 - WARNING - Empty DataFrame will be written.
2025-03-19 18:59:07,157 - INFO - Wrote original 0 rows to s3://thesis--ec331-s3/de-duped-volume-bids/PUBLIC_DVD_BIDPEROFFER1_202311010000.parquet/part.90.parquet
2025-03-19 18:59:07,258 - INFO - Processing: s3://thesis--ec331-s3/FCAS_RAISE1SEC-Volume-Bids/PUBLIC_DVD_BIDPEROFFER1_202311010000.parquet/part.903.parquet
2025-03-19 18:59:07,263 - INFO - Wrote original 0 rows to s3://thesis--ec331-s3/de-duped-volume-bids/PUBLIC_DVD_BIDPEROFFER1_202311010000.parquet/part.902.parquet
2025-03-19 18:59:07,265 - INFO - Wrote original 0 rows to s3://thesis--ec331-s3/de-duped-volume-bids/PUBLIC_DVD_BIDPEROFFER1_202311010000.parquet/part.900.parquet
2025-03-19 18:59:07,267 - INFO - Target: s3://thesis--ec331-s3/de-duped-volume-bids/PUBLIC_DVD_BIDPEROFFER1_202311010000.parquet/part.903.parquet
2025-03-19 18:59:07,356 - INFO - Processing: s3://thesis--ec331-s3/FCAS_RAISE1SEC-Volume-Bids/PUBLIC_DVD_BIDPEROFFER1_202311010000.parquet/part.904.parquet
2025-03-19 18:59:07,361 - INFO - Wrote original 0 rows to s3://thesis--ec331-s3/de-duped-volume-bids/PUBLIC_DVD_BIDPEROFFER1_202311010000.parquet/part.901.parquet
2025-03-19 18:59:07,447 - INFO - Processing: s3://thesis--ec331-s3/FCAS_RAISE1SEC-Volume-Bids/PUBLIC_DVD_BIDPEROFFER1_202311010000.parquet/part.905.parquet
2025-03-19 18:59:07,451 - INFO - Target: s3://thesis--ec331-s3/de-duped-volume-bids/PUBLIC_DVD_BIDPEROFFER1_202311010000.parquet/part.904.parquet
2025-03-19 18:59:07,548 - INFO - Processing: s3://thesis--ec331-s3/FCAS_RAISE1SEC-Volume-Bids/PUBLIC_DVD_BIDPEROFFER1_202311010000.parquet/part.906.parquet
2025-03-19 18:59:07,549 - INFO - Target: s3://thesis--ec331-s3/de-duped-volume-bids/PUBLIC_DVD_BIDPEROFFER1_202311010000.parquet/part.905.parquet
2025-03-19 18:59:07,559 - INFO - Target: s3://thesis--ec331-s3/de-duped-volume-bids/PUBLIC_DVD_BIDPEROFFER1_202311010000.parquet/part.906.parquet
2025-03-19 18:59:07,783 - INFO - Read 0 rows from s3://thesis--ec331-s3/FCAS_RAISE1SEC-Volume-Bids/PUBLIC_DVD_BIDPEROFFER1_202311010000.parquet/part.903.parquet
2025-03-19 18:59:07,785 - INFO - No duplicates found in s3://thesis--ec331-s3/FCAS_RAISE1SEC-Volume-Bids/PUBLIC_DVD_BIDPEROFFER1_202311010000.parquet/part.903.parquet
2025-03-19 18:59:07,786 - WARNING - Empty DataFrame will be written.
2025-03-19 18:59:07,826 - INFO - Read 0 rows from s3://thesis--ec331-s3/FCAS_RAISE1SEC-Volume-Bids/PUBLIC_DVD_BIDPEROFFER1_202311010000.parquet/part.904.parquet
2025-03-19 18:59:07,829 - INFO - No duplicates found in s3://thesis--ec331-s3/FCAS_RAISE1SEC-Volume-Bids/PUBLIC_DVD_BIDPEROFFER1_202311010000.parquet/part.904.parquet
2025-03-19 18:59:07,830 - WARNING - Empty DataFrame will be written.
2025-03-19 18:59:07,863 - INFO - Read 0 rows from s3://thesis--ec331-s3/FCAS_RAISE1SEC-Volume-Bids/PUBLIC_DVD_BIDPEROFFER1_202311010000.parquet/part.905.parquet
2025-03-19 18:59:07,867 - INFO - No duplicates found in s3://thesis--ec331-s3/FCAS_RAISE1SEC-Volume-Bids/PUBLIC_DVD_BIDPEROFFER1_202311010000.parquet/part.905.parquet
2025-03-19 18:59:07,873 - WARNING - Empty DataFrame will be written.
2025-03-19 18:59:07,888 - INFO - Read 0 rows from s3://thesis--ec331-s3/FCAS_RAISE1SEC-Volume-Bids/PUBLIC_DVD_BIDPEROFFER1_202311010000.parquet/part.906.parquet
2025-03-19 18:59:07,898 - INFO - No duplicates found in s3://thesis--ec331-s3/FCAS_RAISE1SEC-Volume-Bids/PUBLIC_DVD_BIDPEROFFER1_202311010000.parquet/part.906.parquet
2025-03-19 18:59:07,900 - WARNING - Empty DataFrame will be written.
2025-03-19 18:59:08,070 - INFO - Wrote original 0 rows to s3://thesis--ec331-s3/de-duped-volume-bids/PUBLIC_DVD_BIDPEROFFER1_202311010000.parquet/part.903.parquet
2025-03-19 18:59:08,169 - INFO - Processing: s3://thesis--ec331-s3/FCAS_RAISE1SEC-Volume-Bids/PUBLIC_DVD_BIDPEROFFER1_202311010000.parquet/part.907.parquet
2025-03-19 18:59:08,171 - INFO - Target: s3://thesis--ec331-s3/de-duped-volume-bids/PUBLIC_DVD_BIDPEROFFER1_202311010000.parquet/part.907.parquet
2025-03-19 18:59:08,207 - INFO - Wrote original 0 rows to s3://thesis--ec331-s3/de-duped-volume-bids/PUBLIC_DVD_BIDPEROFFER1_202311010000.parquet/part.905.parquet
2025-03-19 18:59:08,210 - INFO - Wrote original 0 rows to s3://thesis--ec331-s3/de-duped-volume-bids/PUBLIC_DVD_BIDPEROFFER1_202311010000.parquet/part.906.parquet
2025-03-19 18:59:08,308 - INFO - Processing: s3://thesis--ec331-s3/FCAS_RAISE1SEC-Volume-Bids/PUBLIC_DVD_BIDPEROFFER1_202311010000.parquet/part.908.parquet
2025-03-19 18:59:08,309 - INFO - Target: s3://thesis--ec331-s3/de-duped-volume-bids/PUBLIC_DVD_BIDPEROFFER1_202311010000.parquet/part.908.parquet
2025-03-19 18:59:08,309 - INFO - Processing: s3://thesis--ec331-s3/FCAS_RAISE1SEC-Volume-Bids/PUBLIC_DVD_BIDPEROFFER1_202311010000.parquet/part.909.parquet
2025-03-19 18:59:08,315 - INFO - Target: s3://thesis--ec331-s3/de-duped-volume-bids/PUBLIC_DVD_BIDPEROFFER1_202311010000.parquet/part.909.parquet
2025-03-19 18:59:08,341 - INFO - Wrote original 0 rows to s3://thesis--ec331-s3/de-duped-volume-bids/PUBLIC_DVD_BIDPEROFFER1_202311010000.parquet/part.904.parquet
2025-03-19 18:59:08,432 - INFO - Processing: s3://thesis--ec331-s3/FCAS_RAISE1SEC-Volume-Bids/PUBLIC_DVD_BIDPEROFFER1_202311010000.parquet/part.91.parquet
2025-03-19 18:59:08,433 - INFO - Target: s3://thesis--ec331-s3/de-duped-volume-bids/PUBLIC_DVD_BIDPEROFFER1_202311010000.parquet/part.91.parquet
2025-03-19 18:59:08,586 - INFO - Read 0 rows from s3://thesis--ec331-s3/FCAS_RAISE1SEC-Volume-Bids/PUBLIC_DVD_BIDPEROFFER1_202311010000.parquet/part.907.parquet
2025-03-19 18:59:08,589 - INFO - No duplicates found in s3://thesis--ec331-s3/FCAS_RAISE1SEC-Volume-Bids/PUBLIC_DVD_BIDPEROFFER1_202311010000.parquet/part.907.parquet
2025-03-19 18:59:08,590 - WARNING - Empty DataFrame will be written.
2025-03-19 18:59:08,619 - INFO - Read 0 rows from s3://thesis--ec331-s3/FCAS_RAISE1SEC-Volume-Bids/PUBLIC_DVD_BIDPEROFFER1_202311010000.parquet/part.909.parquet
2025-03-19 18:59:08,622 - INFO - No duplicates found in s3://thesis--ec331-s3/FCAS_RAISE1SEC-Volume-Bids/PUBLIC_DVD_BIDPEROFFER1_202311010000.parquet/part.909.parquet
2025-03-19 18:59:08,623 - WARNING - Empty DataFrame will be written.
2025-03-19 18:59:08,669 - INFO - Read 0 rows from s3://thesis--ec331-s3/FCAS_RAISE1SEC-Volume-Bids/PUBLIC_DVD_BIDPEROFFER1_202311010000.parquet/part.908.parquet
2025-03-19 18:59:08,672 - INFO - No duplicates found in s3://thesis--ec331-s3/FCAS_RAISE1SEC-Volume-Bids/PUBLIC_DVD_BIDPEROFFER1_202311010000.parquet/part.908.parquet
2025-03-19 18:59:08,673 - WARNING - Empty DataFrame will be written.
2025-03-19 18:59:08,702 - INFO - Read 0 rows from s3://thesis--ec331-s3/FCAS_RAISE1SEC-Volume-Bids/PUBLIC_DVD_BIDPEROFFER1_202311010000.parquet/part.91.parquet
2025-03-19 18:59:08,705 - INFO - No duplicates found in s3://thesis--ec331-s3/FCAS_RAISE1SEC-Volume-Bids/PUBLIC_DVD_BIDPEROFFER1_202311010000.parquet/part.91.parquet
2025-03-19 18:59:08,706 - WARNING - Empty DataFrame will be written.
2025-03-19 18:59:08,878 - INFO - Wrote original 0 rows to s3://thesis--ec331-s3/de-duped-volume-bids/PUBLIC_DVD_BIDPEROFFER1_202311010000.parquet/part.907.parquet
2025-03-19 18:59:08,974 - INFO - Processing: s3://thesis--ec331-s3/FCAS_RAISE1SEC-Volume-Bids/PUBLIC_DVD_BIDPEROFFER1_202311010000.parquet/part.910.parquet
2025-03-19 18:59:08,977 - INFO - Wrote original 0 rows to s3://thesis--ec331-s3/de-duped-volume-bids/PUBLIC_DVD_BIDPEROFFER1_202311010000.parquet/part.909.parquet
2025-03-19 18:59:08,979 - INFO - Target: s3://thesis--ec331-s3/de-duped-volume-bids/PUBLIC_DVD_BIDPEROFFER1_202311010000.parquet/part.910.parquet
2025-03-19 18:59:09,072 - INFO - Processing: s3://thesis--ec331-s3/FCAS_RAISE1SEC-Volume-Bids/PUBLIC_DVD_BIDPEROFFER1_202311010000.parquet/part.911.parquet
2025-03-19 18:59:09,076 - INFO - Target: s3://thesis--ec331-s3/de-duped-volume-bids/PUBLIC_DVD_BIDPEROFFER1_202311010000.parquet/part.911.parquet
2025-03-19 18:59:09,123 - INFO - Wrote original 0 rows to s3://thesis--ec331-s3/de-duped-volume-bids/PUBLIC_DVD_BIDPEROFFER1_202311010000.parquet/part.908.parquet
2025-03-19 18:59:09,127 - INFO - Wrote original 0 rows to s3://thesis--ec331-s3/de-duped-volume-bids/PUBLIC_DVD_BIDPEROFFER1_202311010000.parquet/part.91.parquet
2025-03-19 18:59:09,214 - INFO - Processing: s3://thesis--ec331-s3/FCAS_RAISE1SEC-Volume-Bids/PUBLIC_DVD_BIDPEROFFER1_202311010000.parquet/part.912.parquet
2025-03-19 18:59:09,300 - INFO - Processing: s3://thesis--ec331-s3/FCAS_RAISE1SEC-Volume-Bids/PUBLIC_DVD_BIDPEROFFER1_202311010000.parquet/part.913.parquet
2025-03-19 18:59:09,301 - INFO - Target: s3://thesis--ec331-s3/de-duped-volume-bids/PUBLIC_DVD_BIDPEROFFER1_202311010000.parquet/part.912.parquet
2025-03-19 18:59:09,302 - INFO - Target: s3://thesis--ec331-s3/de-duped-volume-bids/PUBLIC_DVD_BIDPEROFFER1_202311010000.parquet/part.913.parquet
2025-03-19 18:59:09,497 - INFO - Read 0 rows from s3://thesis--ec331-s3/FCAS_RAISE1SEC-Volume-Bids/PUBLIC_DVD_BIDPEROFFER1_202311010000.parquet/part.910.parquet
2025-03-19 18:59:09,499 - INFO - No duplicates found in s3://thesis--ec331-s3/FCAS_RAISE1SEC-Volume-Bids/PUBLIC_DVD_BIDPEROFFER1_202311010000.parquet/part.910.parquet
2025-03-19 18:59:09,500 - WARNING - Empty DataFrame will be written.
2025-03-19 18:59:09,539 - INFO - Read 0 rows from s3://thesis--ec331-s3/FCAS_RAISE1SEC-Volume-Bids/PUBLIC_DVD_BIDPEROFFER1_202311010000.parquet/part.911.parquet
2025-03-19 18:59:09,547 - INFO - No duplicates found in s3://thesis--ec331-s3/FCAS_RAISE1SEC-Volume-Bids/PUBLIC_DVD_BIDPEROFFER1_202311010000.parquet/part.911.parquet
2025-03-19 18:59:09,553 - WARNING - Empty DataFrame will be written.
2025-03-19 18:59:09,587 - INFO - Read 0 rows from s3://thesis--ec331-s3/FCAS_RAISE1SEC-Volume-Bids/PUBLIC_DVD_BIDPEROFFER1_202311010000.parquet/part.912.parquet
2025-03-19 18:59:09,590 - INFO - No duplicates found in s3://thesis--ec331-s3/FCAS_RAISE1SEC-Volume-Bids/PUBLIC_DVD_BIDPEROFFER1_202311010000.parquet/part.912.parquet
2025-03-19 18:59:09,595 - WARNING - Empty DataFrame will be written.
2025-03-19 18:59:09,621 - INFO - Read 0 rows from s3://thesis--ec331-s3/FCAS_RAISE1SEC-Volume-Bids/PUBLIC_DVD_BIDPEROFFER1_202311010000.parquet/part.913.parquet
2025-03-19 18:59:09,625 - INFO - No duplicates found in s3://thesis--ec331-s3/FCAS_RAISE1SEC-Volume-Bids/PUBLIC_DVD_BIDPEROFFER1_202311010000.parquet/part.913.parquet
2025-03-19 18:59:09,626 - WARNING - Empty DataFrame will be written.
2025-03-19 18:59:09,810 - INFO - Wrote original 0 rows to s3://thesis--ec331-s3/de-duped-volume-bids/PUBLIC_DVD_BIDPEROFFER1_202311010000.parquet/part.911.parquet
2025-03-19 18:59:09,904 - INFO - Processing: s3://thesis--ec331-s3/FCAS_RAISE1SEC-Volume-Bids/PUBLIC_DVD_BIDPEROFFER1_202311010000.parquet/part.914.parquet
2025-03-19 18:59:09,908 - INFO - Wrote original 0 rows to s3://thesis--ec331-s3/de-duped-volume-bids/PUBLIC_DVD_BIDPEROFFER1_202311010000.parquet/part.910.parquet
2025-03-19 18:59:09,909 - INFO - Target: s3://thesis--ec331-s3/de-duped-volume-bids/PUBLIC_DVD_BIDPEROFFER1_202311010000.parquet/part.914.parquet
2025-03-19 18:59:09,997 - INFO - Processing: s3://thesis--ec331-s3/FCAS_RAISE1SEC-Volume-Bids/PUBLIC_DVD_BIDPEROFFER1_202311010000.parquet/part.915.parquet
2025-03-19 18:59:10,010 - INFO - Target: s3://thesis--ec331-s3/de-duped-volume-bids/PUBLIC_DVD_BIDPEROFFER1_202311010000.parquet/part.915.parquet
2025-03-19 18:59:10,043 - INFO - Wrote original 0 rows to s3://thesis--ec331-s3/de-duped-volume-bids/PUBLIC_DVD_BIDPEROFFER1_202311010000.parquet/part.912.parquet
2025-03-19 18:59:10,131 - INFO - Processing: s3://thesis--ec331-s3/FCAS_RAISE1SEC-Volume-Bids/PUBLIC_DVD_BIDPEROFFER1_202311010000.parquet/part.916.parquet
2025-03-19 18:59:10,134 - INFO - Wrote original 0 rows to s3://thesis--ec331-s3/de-duped-volume-bids/PUBLIC_DVD_BIDPEROFFER1_202311010000.parquet/part.913.parquet
2025-03-19 18:59:10,135 - INFO - Target: s3://thesis--ec331-s3/de-duped-volume-bids/PUBLIC_DVD_BIDPEROFFER1_202311010000.parquet/part.916.parquet
2025-03-19 18:59:10,222 - INFO - Processing: s3://thesis--ec331-s3/FCAS_RAISE1SEC-Volume-Bids/PUBLIC_DVD_BIDPEROFFER1_202311010000.parquet/part.917.parquet
2025-03-19 18:59:10,245 - INFO - Target: s3://thesis--ec331-s3/de-duped-volume-bids/PUBLIC_DVD_BIDPEROFFER1_202311010000.parquet/part.917.parquet
2025-03-19 18:59:10,422 - INFO - Read 0 rows from s3://thesis--ec331-s3/FCAS_RAISE1SEC-Volume-Bids/PUBLIC_DVD_BIDPEROFFER1_202311010000.parquet/part.914.parquet
2025-03-19 18:59:10,425 - INFO - No duplicates found in s3://thesis--ec331-s3/FCAS_RAISE1SEC-Volume-Bids/PUBLIC_DVD_BIDPEROFFER1_202311010000.parquet/part.914.parquet
2025-03-19 18:59:10,426 - WARNING - Empty DataFrame will be written.
2025-03-19 18:59:10,472 - INFO - Read 0 rows from s3://thesis--ec331-s3/FCAS_RAISE1SEC-Volume-Bids/PUBLIC_DVD_BIDPEROFFER1_202311010000.parquet/part.915.parquet
2025-03-19 18:59:10,475 - INFO - No duplicates found in s3://thesis--ec331-s3/FCAS_RAISE1SEC-Volume-Bids/PUBLIC_DVD_BIDPEROFFER1_202311010000.parquet/part.915.parquet
2025-03-19 18:59:10,476 - WARNING - Empty DataFrame will be written.
2025-03-19 18:59:10,503 - INFO - Read 0 rows from s3://thesis--ec331-s3/FCAS_RAISE1SEC-Volume-Bids/PUBLIC_DVD_BIDPEROFFER1_202311010000.parquet/part.917.parquet
2025-03-19 18:59:10,506 - INFO - No duplicates found in s3://thesis--ec331-s3/FCAS_RAISE1SEC-Volume-Bids/PUBLIC_DVD_BIDPEROFFER1_202311010000.parquet/part.917.parquet
2025-03-19 18:59:10,510 - WARNING - Empty DataFrame will be written.
2025-03-19 18:59:10,540 - INFO - Read 0 rows from s3://thesis--ec331-s3/FCAS_RAISE1SEC-Volume-Bids/PUBLIC_DVD_BIDPEROFFER1_202311010000.parquet/part.916.parquet
2025-03-19 18:59:10,544 - INFO - No duplicates found in s3://thesis--ec331-s3/FCAS_RAISE1SEC-Volume-Bids/PUBLIC_DVD_BIDPEROFFER1_202311010000.parquet/part.916.parquet
2025-03-19 18:59:10,545 - WARNING - Empty DataFrame will be written.
2025-03-19 18:59:10,710 - INFO - Wrote original 0 rows to s3://thesis--ec331-s3/de-duped-volume-bids/PUBLIC_DVD_BIDPEROFFER1_202311010000.parquet/part.914.parquet
2025-03-19 18:59:10,807 - INFO - Processing: s3://thesis--ec331-s3/FCAS_RAISE1SEC-Volume-Bids/PUBLIC_DVD_BIDPEROFFER1_202311010000.parquet/part.918.parquet
2025-03-19 18:59:10,809 - INFO - Target: s3://thesis--ec331-s3/de-duped-volume-bids/PUBLIC_DVD_BIDPEROFFER1_202311010000.parquet/part.918.parquet
2025-03-19 18:59:10,844 - INFO - Wrote original 0 rows to s3://thesis--ec331-s3/de-duped-volume-bids/PUBLIC_DVD_BIDPEROFFER1_202311010000.parquet/part.916.parquet
2025-03-19 18:59:10,939 - INFO - Processing: s3://thesis--ec331-s3/FCAS_RAISE1SEC-Volume-Bids/PUBLIC_DVD_BIDPEROFFER1_202311010000.parquet/part.919.parquet
2025-03-19 18:59:10,941 - INFO - Wrote original 0 rows to s3://thesis--ec331-s3/de-duped-volume-bids/PUBLIC_DVD_BIDPEROFFER1_202311010000.parquet/part.917.parquet
2025-03-19 18:59:10,945 - INFO - Wrote original 0 rows to s3://thesis--ec331-s3/de-duped-volume-bids/PUBLIC_DVD_BIDPEROFFER1_202311010000.parquet/part.915.parquet
2025-03-19 18:59:10,946 - INFO - Target: s3://thesis--ec331-s3/de-duped-volume-bids/PUBLIC_DVD_BIDPEROFFER1_202311010000.parquet/part.919.parquet
2025-03-19 18:59:11,032 - INFO - Processing: s3://thesis--ec331-s3/FCAS_RAISE1SEC-Volume-Bids/PUBLIC_DVD_BIDPEROFFER1_202311010000.parquet/part.92.parquet
2025-03-19 18:59:11,122 - INFO - Processing: s3://thesis--ec331-s3/FCAS_RAISE1SEC-Volume-Bids/PUBLIC_DVD_BIDPEROFFER1_202311010000.parquet/part.920.parquet
2025-03-19 18:59:11,128 - INFO - Target: s3://thesis--ec331-s3/de-duped-volume-bids/PUBLIC_DVD_BIDPEROFFER1_202311010000.parquet/part.92.parquet
2025-03-19 18:59:11,135 - INFO - Target: s3://thesis--ec331-s3/de-duped-volume-bids/PUBLIC_DVD_BIDPEROFFER1_202311010000.parquet/part.920.parquet
2025-03-19 18:59:11,273 - INFO - Read 0 rows from s3://thesis--ec331-s3/FCAS_RAISE1SEC-Volume-Bids/PUBLIC_DVD_BIDPEROFFER1_202311010000.parquet/part.918.parquet
2025-03-19 18:59:11,276 - INFO - No duplicates found in s3://thesis--ec331-s3/FCAS_RAISE1SEC-Volume-Bids/PUBLIC_DVD_BIDPEROFFER1_202311010000.parquet/part.918.parquet
2025-03-19 18:59:11,277 - WARNING - Empty DataFrame will be written.
2025-03-19 18:59:11,392 - INFO - Read 0 rows from s3://thesis--ec331-s3/FCAS_RAISE1SEC-Volume-Bids/PUBLIC_DVD_BIDPEROFFER1_202311010000.parquet/part.919.parquet
2025-03-19 18:59:11,396 - INFO - No duplicates found in s3://thesis--ec331-s3/FCAS_RAISE1SEC-Volume-Bids/PUBLIC_DVD_BIDPEROFFER1_202311010000.parquet/part.919.parquet
2025-03-19 18:59:11,397 - WARNING - Empty DataFrame will be written.
2025-03-19 18:59:11,426 - INFO - Read 0 rows from s3://thesis--ec331-s3/FCAS_RAISE1SEC-Volume-Bids/PUBLIC_DVD_BIDPEROFFER1_202311010000.parquet/part.92.parquet
2025-03-19 18:59:11,429 - INFO - No duplicates found in s3://thesis--ec331-s3/FCAS_RAISE1SEC-Volume-Bids/PUBLIC_DVD_BIDPEROFFER1_202311010000.parquet/part.92.parquet
2025-03-19 18:59:11,431 - WARNING - Empty DataFrame will be written.
2025-03-19 18:59:11,454 - INFO - Read 0 rows from s3://thesis--ec331-s3/FCAS_RAISE1SEC-Volume-Bids/PUBLIC_DVD_BIDPEROFFER1_202311010000.parquet/part.920.parquet
2025-03-19 18:59:11,459 - INFO - No duplicates found in s3://thesis--ec331-s3/FCAS_RAISE1SEC-Volume-Bids/PUBLIC_DVD_BIDPEROFFER1_202311010000.parquet/part.920.parquet
2025-03-19 18:59:11,461 - WARNING - Empty DataFrame will be written.
2025-03-19 18:59:11,485 - INFO - Wrote original 0 rows to s3://thesis--ec331-s3/de-duped-volume-bids/PUBLIC_DVD_BIDPEROFFER1_202311010000.parquet/part.918.parquet
2025-03-19 18:59:11,577 - INFO - Processing: s3://thesis--ec331-s3/FCAS_RAISE1SEC-Volume-Bids/PUBLIC_DVD_BIDPEROFFER1_202311010000.parquet/part.921.parquet
2025-03-19 18:59:11,578 - INFO - Target: s3://thesis--ec331-s3/de-duped-volume-bids/PUBLIC_DVD_BIDPEROFFER1_202311010000.parquet/part.921.parquet
2025-03-19 18:59:11,726 - INFO - Wrote original 0 rows to s3://thesis--ec331-s3/de-duped-volume-bids/PUBLIC_DVD_BIDPEROFFER1_202311010000.parquet/part.919.parquet
2025-03-19 18:59:11,821 - INFO - Processing: s3://thesis--ec331-s3/FCAS_RAISE1SEC-Volume-Bids/PUBLIC_DVD_BIDPEROFFER1_202311010000.parquet/part.922.parquet
2025-03-19 18:59:11,823 - INFO - Target: s3://thesis--ec331-s3/de-duped-volume-bids/PUBLIC_DVD_BIDPEROFFER1_202311010000.parquet/part.922.parquet
2025-03-19 18:59:11,865 - INFO - Wrote original 0 rows to s3://thesis--ec331-s3/de-duped-volume-bids/PUBLIC_DVD_BIDPEROFFER1_202311010000.parquet/part.920.parquet
2025-03-19 18:59:11,956 - INFO - Processing: s3://thesis--ec331-s3/FCAS_RAISE1SEC-Volume-Bids/PUBLIC_DVD_BIDPEROFFER1_202311010000.parquet/part.923.parquet
2025-03-19 18:59:11,959 - INFO - Wrote original 0 rows to s3://thesis--ec331-s3/de-duped-volume-bids/PUBLIC_DVD_BIDPEROFFER1_202311010000.parquet/part.92.parquet
2025-03-19 18:59:11,960 - INFO - Target: s3://thesis--ec331-s3/de-duped-volume-bids/PUBLIC_DVD_BIDPEROFFER1_202311010000.parquet/part.923.parquet
2025-03-19 18:59:12,053 - INFO - Processing: s3://thesis--ec331-s3/FCAS_RAISE1SEC-Volume-Bids/PUBLIC_DVD_BIDPEROFFER1_202311010000.parquet/part.924.parquet
2025-03-19 18:59:12,073 - INFO - Target: s3://thesis--ec331-s3/de-duped-volume-bids/PUBLIC_DVD_BIDPEROFFER1_202311010000.parquet/part.924.parquet
2025-03-19 18:59:12,094 - INFO - Read 0 rows from s3://thesis--ec331-s3/FCAS_RAISE1SEC-Volume-Bids/PUBLIC_DVD_BIDPEROFFER1_202311010000.parquet/part.921.parquet
2025-03-19 18:59:12,097 - INFO - No duplicates found in s3://thesis--ec331-s3/FCAS_RAISE1SEC-Volume-Bids/PUBLIC_DVD_BIDPEROFFER1_202311010000.parquet/part.921.parquet
2025-03-19 18:59:12,098 - WARNING - Empty DataFrame will be written.
2025-03-19 18:59:12,238 - INFO - Read 0 rows from s3://thesis--ec331-s3/FCAS_RAISE1SEC-Volume-Bids/PUBLIC_DVD_BIDPEROFFER1_202311010000.parquet/part.922.parquet
2025-03-19 18:59:12,241 - INFO - No duplicates found in s3://thesis--ec331-s3/FCAS_RAISE1SEC-Volume-Bids/PUBLIC_DVD_BIDPEROFFER1_202311010000.parquet/part.922.parquet
2025-03-19 18:59:12,242 - WARNING - Empty DataFrame will be written.
2025-03-19 18:59:12,310 - INFO - Read 0 rows from s3://thesis--ec331-s3/FCAS_RAISE1SEC-Volume-Bids/PUBLIC_DVD_BIDPEROFFER1_202311010000.parquet/part.923.parquet
2025-03-19 18:59:12,312 - INFO - No duplicates found in s3://thesis--ec331-s3/FCAS_RAISE1SEC-Volume-Bids/PUBLIC_DVD_BIDPEROFFER1_202311010000.parquet/part.923.parquet
2025-03-19 18:59:12,313 - WARNING - Empty DataFrame will be written.
2025-03-19 18:59:12,326 - INFO - Wrote original 0 rows to s3://thesis--ec331-s3/de-duped-volume-bids/PUBLIC_DVD_BIDPEROFFER1_202311010000.parquet/part.921.parquet
2025-03-19 18:59:12,427 - INFO - Processing: s3://thesis--ec331-s3/FCAS_RAISE1SEC-Volume-Bids/PUBLIC_DVD_BIDPEROFFER1_202311010000.parquet/part.925.parquet
2025-03-19 18:59:12,430 - INFO - Target: s3://thesis--ec331-s3/de-duped-volume-bids/PUBLIC_DVD_BIDPEROFFER1_202311010000.parquet/part.925.parquet
2025-03-19 18:59:12,576 - INFO - Wrote original 0 rows to s3://thesis--ec331-s3/de-duped-volume-bids/PUBLIC_DVD_BIDPEROFFER1_202311010000.parquet/part.922.parquet
2025-03-19 18:59:12,667 - INFO - Processing: s3://thesis--ec331-s3/FCAS_RAISE1SEC-Volume-Bids/PUBLIC_DVD_BIDPEROFFER1_202311010000.parquet/part.926.parquet
2025-03-19 18:59:12,668 - INFO - Target: s3://thesis--ec331-s3/de-duped-volume-bids/PUBLIC_DVD_BIDPEROFFER1_202311010000.parquet/part.926.parquet
2025-03-19 18:59:12,737 - INFO - Wrote original 0 rows to s3://thesis--ec331-s3/de-duped-volume-bids/PUBLIC_DVD_BIDPEROFFER1_202311010000.parquet/part.923.parquet
2025-03-19 18:59:12,848 - INFO - Processing: s3://thesis--ec331-s3/FCAS_RAISE1SEC-Volume-Bids/PUBLIC_DVD_BIDPEROFFER1_202311010000.parquet/part.927.parquet
2025-03-19 18:59:12,869 - INFO - Target: s3://thesis--ec331-s3/de-duped-volume-bids/PUBLIC_DVD_BIDPEROFFER1_202311010000.parquet/part.927.parquet
2025-03-19 18:59:13,124 - INFO - Read 340,072 rows from s3://thesis--ec331-s3/FCAS_RAISE1SEC-Volume-Bids/PUBLIC_DVD_BIDPEROFFER1_202311010000.parquet/part.924.parquet
2025-03-19 18:59:13,457 - INFO - Read 0 rows from s3://thesis--ec331-s3/FCAS_RAISE1SEC-Volume-Bids/PUBLIC_DVD_BIDPEROFFER1_202311010000.parquet/part.927.parquet
2025-03-19 18:59:13,503 - INFO - No duplicates found in s3://thesis--ec331-s3/FCAS_RAISE1SEC-Volume-Bids/PUBLIC_DVD_BIDPEROFFER1_202311010000.parquet/part.927.parquet
2025-03-19 18:59:13,599 - WARNING - Empty DataFrame will be written.
2025-03-19 18:59:13,859 - INFO - Found 340,072 rows (100.00%) with duplicate keys
2025-03-19 18:59:14,108 - INFO - Removed 338,632 duplicate rows
2025-03-19 18:59:14,183 - INFO - Read 503,965 rows from s3://thesis--ec331-s3/FCAS_RAISE1SEC-Volume-Bids/PUBLIC_DVD_BIDPEROFFER1_202311010000.parquet/part.925.parquet
2025-03-19 18:59:14,223 - INFO - Read 397,531 rows from s3://thesis--ec331-s3/FCAS_RAISE1SEC-Volume-Bids/PUBLIC_DVD_BIDPEROFFER1_202311010000.parquet/part.926.parquet
2025-03-19 18:59:14,432 - INFO - Wrote original 0 rows to s3://thesis--ec331-s3/de-duped-volume-bids/PUBLIC_DVD_BIDPEROFFER1_202311010000.parquet/part.927.parquet
2025-03-19 18:59:14,554 - INFO - Processing: s3://thesis--ec331-s3/FCAS_RAISE1SEC-Volume-Bids/PUBLIC_DVD_BIDPEROFFER1_202311010000.parquet/part.928.parquet
2025-03-19 18:59:14,567 - INFO - Target: s3://thesis--ec331-s3/de-duped-volume-bids/PUBLIC_DVD_BIDPEROFFER1_202311010000.parquet/part.928.parquet
2025-03-19 18:59:14,686 - INFO - Wrote 1,440 rows to s3://thesis--ec331-s3/de-duped-volume-bids/PUBLIC_DVD_BIDPEROFFER1_202311010000.parquet/part.924.parquet
2025-03-19 18:59:14,898 - INFO - Processing: s3://thesis--ec331-s3/FCAS_RAISE1SEC-Volume-Bids/PUBLIC_DVD_BIDPEROFFER1_202311010000.parquet/part.929.parquet
2025-03-19 18:59:14,900 - INFO - Target: s3://thesis--ec331-s3/de-duped-volume-bids/PUBLIC_DVD_BIDPEROFFER1_202311010000.parquet/part.929.parquet
2025-03-19 18:59:14,913 - INFO - Found 397,531 rows (100.00%) with duplicate keys
2025-03-19 18:59:14,961 - INFO - Found 503,965 rows (100.00%) with duplicate keys
2025-03-19 18:59:15,031 - INFO - Removed 396,091 duplicate rows
2025-03-19 18:59:15,087 - INFO - Removed 501,949 duplicate rows
2025-03-19 18:59:15,118 - INFO - Read 0 rows from s3://thesis--ec331-s3/FCAS_RAISE1SEC-Volume-Bids/PUBLIC_DVD_BIDPEROFFER1_202311010000.parquet/part.928.parquet
2025-03-19 18:59:15,121 - INFO - No duplicates found in s3://thesis--ec331-s3/FCAS_RAISE1SEC-Volume-Bids/PUBLIC_DVD_BIDPEROFFER1_202311010000.parquet/part.928.parquet
2025-03-19 18:59:15,123 - WARNING - Empty DataFrame will be written.
2025-03-19 18:59:15,208 - INFO - Read 0 rows from s3://thesis--ec331-s3/FCAS_RAISE1SEC-Volume-Bids/PUBLIC_DVD_BIDPEROFFER1_202311010000.parquet/part.929.parquet
2025-03-19 18:59:15,211 - INFO - No duplicates found in s3://thesis--ec331-s3/FCAS_RAISE1SEC-Volume-Bids/PUBLIC_DVD_BIDPEROFFER1_202311010000.parquet/part.929.parquet
2025-03-19 18:59:15,212 - WARNING - Empty DataFrame will be written.
2025-03-19 18:59:15,308 - INFO - Wrote 1,440 rows to s3://thesis--ec331-s3/de-duped-volume-bids/PUBLIC_DVD_BIDPEROFFER1_202311010000.parquet/part.926.parquet
2025-03-19 18:59:15,541 - INFO - Processing: s3://thesis--ec331-s3/FCAS_RAISE1SEC-Volume-Bids/PUBLIC_DVD_BIDPEROFFER1_202311010000.parquet/part.93.parquet
2025-03-19 18:59:15,543 - INFO - Target: s3://thesis--ec331-s3/de-duped-volume-bids/PUBLIC_DVD_BIDPEROFFER1_202311010000.parquet/part.93.parquet
2025-03-19 18:59:15,579 - INFO - Wrote 2,016 rows to s3://thesis--ec331-s3/de-duped-volume-bids/PUBLIC_DVD_BIDPEROFFER1_202311010000.parquet/part.925.parquet
2025-03-19 18:59:15,808 - INFO - Wrote original 0 rows to s3://thesis--ec331-s3/de-duped-volume-bids/PUBLIC_DVD_BIDPEROFFER1_202311010000.parquet/part.928.parquet
2025-03-19 18:59:15,809 - INFO - Processing: s3://thesis--ec331-s3/FCAS_RAISE1SEC-Volume-Bids/PUBLIC_DVD_BIDPEROFFER1_202311010000.parquet/part.930.parquet
2025-03-19 18:59:15,895 - INFO - Processing: s3://thesis--ec331-s3/FCAS_RAISE1SEC-Volume-Bids/PUBLIC_DVD_BIDPEROFFER1_202311010000.parquet/part.931.parquet
2025-03-19 18:59:15,896 - INFO - Target: s3://thesis--ec331-s3/de-duped-volume-bids/PUBLIC_DVD_BIDPEROFFER1_202311010000.parquet/part.930.parquet
2025-03-19 18:59:15,897 - INFO - Target: s3://thesis--ec331-s3/de-duped-volume-bids/PUBLIC_DVD_BIDPEROFFER1_202311010000.parquet/part.931.parquet
2025-03-19 18:59:15,941 - INFO - Wrote original 0 rows to s3://thesis--ec331-s3/de-duped-volume-bids/PUBLIC_DVD_BIDPEROFFER1_202311010000.parquet/part.929.parquet
2025-03-19 18:59:16,032 - INFO - Processing: s3://thesis--ec331-s3/FCAS_RAISE1SEC-Volume-Bids/PUBLIC_DVD_BIDPEROFFER1_202311010000.parquet/part.932.parquet
2025-03-19 18:59:16,033 - INFO - Target: s3://thesis--ec331-s3/de-duped-volume-bids/PUBLIC_DVD_BIDPEROFFER1_202311010000.parquet/part.932.parquet
2025-03-19 18:59:16,145 - INFO - Read 0 rows from s3://thesis--ec331-s3/FCAS_RAISE1SEC-Volume-Bids/PUBLIC_DVD_BIDPEROFFER1_202311010000.parquet/part.93.parquet
2025-03-19 18:59:16,148 - INFO - No duplicates found in s3://thesis--ec331-s3/FCAS_RAISE1SEC-Volume-Bids/PUBLIC_DVD_BIDPEROFFER1_202311010000.parquet/part.93.parquet
2025-03-19 18:59:16,149 - WARNING - Empty DataFrame will be written.
2025-03-19 18:59:16,217 - INFO - Read 0 rows from s3://thesis--ec331-s3/FCAS_RAISE1SEC-Volume-Bids/PUBLIC_DVD_BIDPEROFFER1_202311010000.parquet/part.931.parquet
2025-03-19 18:59:16,221 - INFO - No duplicates found in s3://thesis--ec331-s3/FCAS_RAISE1SEC-Volume-Bids/PUBLIC_DVD_BIDPEROFFER1_202311010000.parquet/part.931.parquet
2025-03-19 18:59:16,223 - WARNING - Empty DataFrame will be written.
2025-03-19 18:59:16,253 - INFO - Read 0 rows from s3://thesis--ec331-s3/FCAS_RAISE1SEC-Volume-Bids/PUBLIC_DVD_BIDPEROFFER1_202311010000.parquet/part.930.parquet
2025-03-19 18:59:16,257 - INFO - No duplicates found in s3://thesis--ec331-s3/FCAS_RAISE1SEC-Volume-Bids/PUBLIC_DVD_BIDPEROFFER1_202311010000.parquet/part.930.parquet
2025-03-19 18:59:16,263 - WARNING - Empty DataFrame will be written.
2025-03-19 18:59:16,348 - INFO - Read 0 rows from s3://thesis--ec331-s3/FCAS_RAISE1SEC-Volume-Bids/PUBLIC_DVD_BIDPEROFFER1_202311010000.parquet/part.932.parquet
2025-03-19 18:59:16,352 - INFO - No duplicates found in s3://thesis--ec331-s3/FCAS_RAISE1SEC-Volume-Bids/PUBLIC_DVD_BIDPEROFFER1_202311010000.parquet/part.932.parquet
2025-03-19 18:59:16,353 - WARNING - Empty DataFrame will be written.
2025-03-19 18:59:16,396 - INFO - Wrote original 0 rows to s3://thesis--ec331-s3/de-duped-volume-bids/PUBLIC_DVD_BIDPEROFFER1_202311010000.parquet/part.93.parquet
2025-03-19 18:59:16,498 - INFO - Processing: s3://thesis--ec331-s3/FCAS_RAISE1SEC-Volume-Bids/PUBLIC_DVD_BIDPEROFFER1_202311010000.parquet/part.933.parquet
2025-03-19 18:59:16,499 - INFO - Target: s3://thesis--ec331-s3/de-duped-volume-bids/PUBLIC_DVD_BIDPEROFFER1_202311010000.parquet/part.933.parquet
2025-03-19 18:59:16,548 - INFO - Wrote original 0 rows to s3://thesis--ec331-s3/de-duped-volume-bids/PUBLIC_DVD_BIDPEROFFER1_202311010000.parquet/part.930.parquet
2025-03-19 18:59:16,641 - INFO - Processing: s3://thesis--ec331-s3/FCAS_RAISE1SEC-Volume-Bids/PUBLIC_DVD_BIDPEROFFER1_202311010000.parquet/part.934.parquet
2025-03-19 18:59:16,642 - INFO - Target: s3://thesis--ec331-s3/de-duped-volume-bids/PUBLIC_DVD_BIDPEROFFER1_202311010000.parquet/part.934.parquet
2025-03-19 18:59:16,645 - INFO - Wrote original 0 rows to s3://thesis--ec331-s3/de-duped-volume-bids/PUBLIC_DVD_BIDPEROFFER1_202311010000.parquet/part.931.parquet
2025-03-19 18:59:16,740 - INFO - Processing: s3://thesis--ec331-s3/FCAS_RAISE1SEC-Volume-Bids/PUBLIC_DVD_BIDPEROFFER1_202311010000.parquet/part.935.parquet
2025-03-19 18:59:16,754 - INFO - Target: s3://thesis--ec331-s3/de-duped-volume-bids/PUBLIC_DVD_BIDPEROFFER1_202311010000.parquet/part.935.parquet
2025-03-19 18:59:16,777 - INFO - Wrote original 0 rows to s3://thesis--ec331-s3/de-duped-volume-bids/PUBLIC_DVD_BIDPEROFFER1_202311010000.parquet/part.932.parquet
2025-03-19 18:59:16,869 - INFO - Processing: s3://thesis--ec331-s3/FCAS_RAISE1SEC-Volume-Bids/PUBLIC_DVD_BIDPEROFFER1_202311010000.parquet/part.936.parquet
2025-03-19 18:59:16,871 - INFO - Target: s3://thesis--ec331-s3/de-duped-volume-bids/PUBLIC_DVD_BIDPEROFFER1_202311010000.parquet/part.936.parquet
2025-03-19 18:59:16,985 - INFO - Read 0 rows from s3://thesis--ec331-s3/FCAS_RAISE1SEC-Volume-Bids/PUBLIC_DVD_BIDPEROFFER1_202311010000.parquet/part.933.parquet
2025-03-19 18:59:16,988 - INFO - No duplicates found in s3://thesis--ec331-s3/FCAS_RAISE1SEC-Volume-Bids/PUBLIC_DVD_BIDPEROFFER1_202311010000.parquet/part.933.parquet
2025-03-19 18:59:16,996 - WARNING - Empty DataFrame will be written.
2025-03-19 18:59:17,066 - INFO - Read 0 rows from s3://thesis--ec331-s3/FCAS_RAISE1SEC-Volume-Bids/PUBLIC_DVD_BIDPEROFFER1_202311010000.parquet/part.934.parquet
2025-03-19 18:59:17,074 - INFO - No duplicates found in s3://thesis--ec331-s3/FCAS_RAISE1SEC-Volume-Bids/PUBLIC_DVD_BIDPEROFFER1_202311010000.parquet/part.934.parquet
2025-03-19 18:59:17,076 - WARNING - Empty DataFrame will be written.
2025-03-19 18:59:17,108 - INFO - Read 0 rows from s3://thesis--ec331-s3/FCAS_RAISE1SEC-Volume-Bids/PUBLIC_DVD_BIDPEROFFER1_202311010000.parquet/part.935.parquet
2025-03-19 18:59:17,120 - INFO - No duplicates found in s3://thesis--ec331-s3/FCAS_RAISE1SEC-Volume-Bids/PUBLIC_DVD_BIDPEROFFER1_202311010000.parquet/part.935.parquet
2025-03-19 18:59:17,127 - INFO - Read 0 rows from s3://thesis--ec331-s3/FCAS_RAISE1SEC-Volume-Bids/PUBLIC_DVD_BIDPEROFFER1_202311010000.parquet/part.936.parquet
2025-03-19 18:59:17,128 - WARNING - Empty DataFrame will be written.
2025-03-19 18:59:17,131 - INFO - No duplicates found in s3://thesis--ec331-s3/FCAS_RAISE1SEC-Volume-Bids/PUBLIC_DVD_BIDPEROFFER1_202311010000.parquet/part.936.parquet
2025-03-19 18:59:17,144 - WARNING - Empty DataFrame will be written.
2025-03-19 18:59:17,209 - INFO - Wrote original 0 rows to s3://thesis--ec331-s3/de-duped-volume-bids/PUBLIC_DVD_BIDPEROFFER1_202311010000.parquet/part.933.parquet
2025-03-19 18:59:17,304 - INFO - Processing: s3://thesis--ec331-s3/FCAS_RAISE1SEC-Volume-Bids/PUBLIC_DVD_BIDPEROFFER1_202311010000.parquet/part.937.parquet
2025-03-19 18:59:17,306 - INFO - Target: s3://thesis--ec331-s3/de-duped-volume-bids/PUBLIC_DVD_BIDPEROFFER1_202311010000.parquet/part.937.parquet
2025-03-19 18:59:17,458 - INFO - Wrote original 0 rows to s3://thesis--ec331-s3/de-duped-volume-bids/PUBLIC_DVD_BIDPEROFFER1_202311010000.parquet/part.935.parquet
2025-03-19 18:59:17,547 - INFO - Processing: s3://thesis--ec331-s3/FCAS_RAISE1SEC-Volume-Bids/PUBLIC_DVD_BIDPEROFFER1_202311010000.parquet/part.938.parquet
2025-03-19 18:59:17,551 - INFO - Wrote original 0 rows to s3://thesis--ec331-s3/de-duped-volume-bids/PUBLIC_DVD_BIDPEROFFER1_202311010000.parquet/part.936.parquet
2025-03-19 18:59:17,552 - INFO - Target: s3://thesis--ec331-s3/de-duped-volume-bids/PUBLIC_DVD_BIDPEROFFER1_202311010000.parquet/part.938.parquet
2025-03-19 18:59:17,637 - INFO - Processing: s3://thesis--ec331-s3/FCAS_RAISE1SEC-Volume-Bids/PUBLIC_DVD_BIDPEROFFER1_202311010000.parquet/part.939.parquet
2025-03-19 18:59:17,642 - INFO - Wrote original 0 rows to s3://thesis--ec331-s3/de-duped-volume-bids/PUBLIC_DVD_BIDPEROFFER1_202311010000.parquet/part.934.parquet
2025-03-19 18:59:17,653 - INFO - Target: s3://thesis--ec331-s3/de-duped-volume-bids/PUBLIC_DVD_BIDPEROFFER1_202311010000.parquet/part.939.parquet
2025-03-19 18:59:17,759 - INFO - Processing: s3://thesis--ec331-s3/FCAS_RAISE1SEC-Volume-Bids/PUBLIC_DVD_BIDPEROFFER1_202311010000.parquet/part.94.parquet
2025-03-19 18:59:17,766 - INFO - Target: s3://thesis--ec331-s3/de-duped-volume-bids/PUBLIC_DVD_BIDPEROFFER1_202311010000.parquet/part.94.parquet
2025-03-19 18:59:17,792 - INFO - Read 0 rows from s3://thesis--ec331-s3/FCAS_RAISE1SEC-Volume-Bids/PUBLIC_DVD_BIDPEROFFER1_202311010000.parquet/part.937.parquet
2025-03-19 18:59:17,796 - INFO - No duplicates found in s3://thesis--ec331-s3/FCAS_RAISE1SEC-Volume-Bids/PUBLIC_DVD_BIDPEROFFER1_202311010000.parquet/part.937.parquet
2025-03-19 18:59:17,797 - WARNING - Empty DataFrame will be written.
2025-03-19 18:59:18,029 - INFO - Read 0 rows from s3://thesis--ec331-s3/FCAS_RAISE1SEC-Volume-Bids/PUBLIC_DVD_BIDPEROFFER1_202311010000.parquet/part.94.parquet
2025-03-19 18:59:18,033 - INFO - No duplicates found in s3://thesis--ec331-s3/FCAS_RAISE1SEC-Volume-Bids/PUBLIC_DVD_BIDPEROFFER1_202311010000.parquet/part.94.parquet
2025-03-19 18:59:18,035 - WARNING - Empty DataFrame will be written.
2025-03-19 18:59:18,054 - INFO - Wrote original 0 rows to s3://thesis--ec331-s3/de-duped-volume-bids/PUBLIC_DVD_BIDPEROFFER1_202311010000.parquet/part.937.parquet
2025-03-19 18:59:18,148 - INFO - Processing: s3://thesis--ec331-s3/FCAS_RAISE1SEC-Volume-Bids/PUBLIC_DVD_BIDPEROFFER1_202311010000.parquet/part.940.parquet
2025-03-19 18:59:18,151 - INFO - Target: s3://thesis--ec331-s3/de-duped-volume-bids/PUBLIC_DVD_BIDPEROFFER1_202311010000.parquet/part.940.parquet
2025-03-19 18:59:18,157 - INFO - Read 0 rows from s3://thesis--ec331-s3/FCAS_RAISE1SEC-Volume-Bids/PUBLIC_DVD_BIDPEROFFER1_202311010000.parquet/part.938.parquet
2025-03-19 18:59:18,175 - INFO - No duplicates found in s3://thesis--ec331-s3/FCAS_RAISE1SEC-Volume-Bids/PUBLIC_DVD_BIDPEROFFER1_202311010000.parquet/part.938.parquet
2025-03-19 18:59:18,184 - INFO - Read 0 rows from s3://thesis--ec331-s3/FCAS_RAISE1SEC-Volume-Bids/PUBLIC_DVD_BIDPEROFFER1_202311010000.parquet/part.939.parquet
2025-03-19 18:59:18,185 - WARNING - Empty DataFrame will be written.
2025-03-19 18:59:18,188 - INFO - No duplicates found in s3://thesis--ec331-s3/FCAS_RAISE1SEC-Volume-Bids/PUBLIC_DVD_BIDPEROFFER1_202311010000.parquet/part.939.parquet
2025-03-19 18:59:18,202 - WARNING - Empty DataFrame will be written.
2025-03-19 18:59:18,425 - INFO - Read 0 rows from s3://thesis--ec331-s3/FCAS_RAISE1SEC-Volume-Bids/PUBLIC_DVD_BIDPEROFFER1_202311010000.parquet/part.940.parquet
2025-03-19 18:59:18,427 - INFO - No duplicates found in s3://thesis--ec331-s3/FCAS_RAISE1SEC-Volume-Bids/PUBLIC_DVD_BIDPEROFFER1_202311010000.parquet/part.940.parquet
2025-03-19 18:59:18,428 - WARNING - Empty DataFrame will be written.
2025-03-19 18:59:18,444 - INFO - Wrote original 0 rows to s3://thesis--ec331-s3/de-duped-volume-bids/PUBLIC_DVD_BIDPEROFFER1_202311010000.parquet/part.939.parquet
2025-03-19 18:59:18,534 - INFO - Processing: s3://thesis--ec331-s3/FCAS_RAISE1SEC-Volume-Bids/PUBLIC_DVD_BIDPEROFFER1_202311010000.parquet/part.941.parquet
2025-03-19 18:59:18,538 - INFO - Wrote original 0 rows to s3://thesis--ec331-s3/de-duped-volume-bids/PUBLIC_DVD_BIDPEROFFER1_202311010000.parquet/part.94.parquet
2025-03-19 18:59:18,540 - INFO - Target: s3://thesis--ec331-s3/de-duped-volume-bids/PUBLIC_DVD_BIDPEROFFER1_202311010000.parquet/part.941.parquet
2025-03-19 18:59:18,631 - INFO - Processing: s3://thesis--ec331-s3/FCAS_RAISE1SEC-Volume-Bids/PUBLIC_DVD_BIDPEROFFER1_202311010000.parquet/part.942.parquet
2025-03-19 18:59:18,638 - INFO - Wrote original 0 rows to s3://thesis--ec331-s3/de-duped-volume-bids/PUBLIC_DVD_BIDPEROFFER1_202311010000.parquet/part.938.parquet
2025-03-19 18:59:18,646 - INFO - Target: s3://thesis--ec331-s3/de-duped-volume-bids/PUBLIC_DVD_BIDPEROFFER1_202311010000.parquet/part.942.parquet
2025-03-19 18:59:18,734 - INFO - Processing: s3://thesis--ec331-s3/FCAS_RAISE1SEC-Volume-Bids/PUBLIC_DVD_BIDPEROFFER1_202311010000.parquet/part.943.parquet
2025-03-19 18:59:18,745 - INFO - Target: s3://thesis--ec331-s3/de-duped-volume-bids/PUBLIC_DVD_BIDPEROFFER1_202311010000.parquet/part.943.parquet
2025-03-19 18:59:18,956 - INFO - Read 0 rows from s3://thesis--ec331-s3/FCAS_RAISE1SEC-Volume-Bids/PUBLIC_DVD_BIDPEROFFER1_202311010000.parquet/part.941.parquet
2025-03-19 18:59:18,959 - INFO - No duplicates found in s3://thesis--ec331-s3/FCAS_RAISE1SEC-Volume-Bids/PUBLIC_DVD_BIDPEROFFER1_202311010000.parquet/part.941.parquet
2025-03-19 18:59:18,960 - WARNING - Empty DataFrame will be written.
2025-03-19 18:59:19,018 - INFO - Wrote original 0 rows to s3://thesis--ec331-s3/de-duped-volume-bids/PUBLIC_DVD_BIDPEROFFER1_202311010000.parquet/part.940.parquet
2025-03-19 18:59:19,107 - INFO - Processing: s3://thesis--ec331-s3/FCAS_RAISE1SEC-Volume-Bids/PUBLIC_DVD_BIDPEROFFER1_202311010000.parquet/part.944.parquet
2025-03-19 18:59:19,112 - INFO - Target: s3://thesis--ec331-s3/de-duped-volume-bids/PUBLIC_DVD_BIDPEROFFER1_202311010000.parquet/part.944.parquet
2025-03-19 18:59:19,149 - INFO - Read 0 rows from s3://thesis--ec331-s3/FCAS_RAISE1SEC-Volume-Bids/PUBLIC_DVD_BIDPEROFFER1_202311010000.parquet/part.942.parquet
2025-03-19 18:59:19,151 - INFO - Read 0 rows from s3://thesis--ec331-s3/FCAS_RAISE1SEC-Volume-Bids/PUBLIC_DVD_BIDPEROFFER1_202311010000.parquet/part.943.parquet
2025-03-19 18:59:19,153 - INFO - No duplicates found in s3://thesis--ec331-s3/FCAS_RAISE1SEC-Volume-Bids/PUBLIC_DVD_BIDPEROFFER1_202311010000.parquet/part.942.parquet
2025-03-19 18:59:19,156 - INFO - No duplicates found in s3://thesis--ec331-s3/FCAS_RAISE1SEC-Volume-Bids/PUBLIC_DVD_BIDPEROFFER1_202311010000.parquet/part.943.parquet
2025-03-19 18:59:19,157 - WARNING - Empty DataFrame will be written.
2025-03-19 18:59:19,159 - WARNING - Empty DataFrame will be written.
2025-03-19 18:59:19,239 - INFO - Wrote original 0 rows to s3://thesis--ec331-s3/de-duped-volume-bids/PUBLIC_DVD_BIDPEROFFER1_202311010000.parquet/part.941.parquet
2025-03-19 18:59:19,330 - INFO - Processing: s3://thesis--ec331-s3/FCAS_RAISE1SEC-Volume-Bids/PUBLIC_DVD_BIDPEROFFER1_202311010000.parquet/part.945.parquet
2025-03-19 18:59:19,331 - INFO - Target: s3://thesis--ec331-s3/de-duped-volume-bids/PUBLIC_DVD_BIDPEROFFER1_202311010000.parquet/part.945.parquet
2025-03-19 18:59:19,415 - INFO - Read 0 rows from s3://thesis--ec331-s3/FCAS_RAISE1SEC-Volume-Bids/PUBLIC_DVD_BIDPEROFFER1_202311010000.parquet/part.944.parquet
2025-03-19 18:59:19,418 - INFO - No duplicates found in s3://thesis--ec331-s3/FCAS_RAISE1SEC-Volume-Bids/PUBLIC_DVD_BIDPEROFFER1_202311010000.parquet/part.944.parquet
2025-03-19 18:59:19,420 - WARNING - Empty DataFrame will be written.
2025-03-19 18:59:19,489 - INFO - Wrote original 0 rows to s3://thesis--ec331-s3/de-duped-volume-bids/PUBLIC_DVD_BIDPEROFFER1_202311010000.parquet/part.942.parquet
2025-03-19 18:59:19,579 - INFO - Processing: s3://thesis--ec331-s3/FCAS_RAISE1SEC-Volume-Bids/PUBLIC_DVD_BIDPEROFFER1_202311010000.parquet/part.946.parquet
2025-03-19 18:59:19,582 - INFO - Wrote original 0 rows to s3://thesis--ec331-s3/de-duped-volume-bids/PUBLIC_DVD_BIDPEROFFER1_202311010000.parquet/part.943.parquet
2025-03-19 18:59:19,583 - INFO - Target: s3://thesis--ec331-s3/de-duped-volume-bids/PUBLIC_DVD_BIDPEROFFER1_202311010000.parquet/part.946.parquet
2025-03-19 18:59:19,671 - INFO - Processing: s3://thesis--ec331-s3/FCAS_RAISE1SEC-Volume-Bids/PUBLIC_DVD_BIDPEROFFER1_202311010000.parquet/part.947.parquet
2025-03-19 18:59:19,681 - INFO - Target: s3://thesis--ec331-s3/de-duped-volume-bids/PUBLIC_DVD_BIDPEROFFER1_202311010000.parquet/part.947.parquet
2025-03-19 18:59:19,768 - INFO - Read 0 rows from s3://thesis--ec331-s3/FCAS_RAISE1SEC-Volume-Bids/PUBLIC_DVD_BIDPEROFFER1_202311010000.parquet/part.945.parquet
2025-03-19 18:59:19,771 - INFO - No duplicates found in s3://thesis--ec331-s3/FCAS_RAISE1SEC-Volume-Bids/PUBLIC_DVD_BIDPEROFFER1_202311010000.parquet/part.945.parquet
2025-03-19 18:59:19,773 - WARNING - Empty DataFrame will be written.
2025-03-19 18:59:19,854 - INFO - Wrote original 0 rows to s3://thesis--ec331-s3/de-duped-volume-bids/PUBLIC_DVD_BIDPEROFFER1_202311010000.parquet/part.944.parquet
2025-03-19 18:59:19,951 - INFO - Processing: s3://thesis--ec331-s3/FCAS_RAISE1SEC-Volume-Bids/PUBLIC_DVD_BIDPEROFFER1_202311010000.parquet/part.948.parquet
2025-03-19 18:59:19,953 - INFO - Target: s3://thesis--ec331-s3/de-duped-volume-bids/PUBLIC_DVD_BIDPEROFFER1_202311010000.parquet/part.948.parquet
2025-03-19 18:59:20,041 - INFO - Read 0 rows from s3://thesis--ec331-s3/FCAS_RAISE1SEC-Volume-Bids/PUBLIC_DVD_BIDPEROFFER1_202311010000.parquet/part.947.parquet
2025-03-19 18:59:20,046 - INFO - No duplicates found in s3://thesis--ec331-s3/FCAS_RAISE1SEC-Volume-Bids/PUBLIC_DVD_BIDPEROFFER1_202311010000.parquet/part.947.parquet
2025-03-19 18:59:20,051 - WARNING - Empty DataFrame will be written.
2025-03-19 18:59:20,079 - INFO - Read 0 rows from s3://thesis--ec331-s3/FCAS_RAISE1SEC-Volume-Bids/PUBLIC_DVD_BIDPEROFFER1_202311010000.parquet/part.946.parquet
2025-03-19 18:59:20,081 - INFO - No duplicates found in s3://thesis--ec331-s3/FCAS_RAISE1SEC-Volume-Bids/PUBLIC_DVD_BIDPEROFFER1_202311010000.parquet/part.946.parquet
2025-03-19 18:59:20,083 - WARNING - Empty DataFrame will be written.
2025-03-19 18:59:20,100 - INFO - Wrote original 0 rows to s3://thesis--ec331-s3/de-duped-volume-bids/PUBLIC_DVD_BIDPEROFFER1_202311010000.parquet/part.945.parquet
2025-03-19 18:59:20,198 - INFO - Processing: s3://thesis--ec331-s3/FCAS_RAISE1SEC-Volume-Bids/PUBLIC_DVD_BIDPEROFFER1_202311010000.parquet/part.949.parquet
2025-03-19 18:59:20,201 - INFO - Target: s3://thesis--ec331-s3/de-duped-volume-bids/PUBLIC_DVD_BIDPEROFFER1_202311010000.parquet/part.949.parquet
2025-03-19 18:59:20,323 - INFO - Read 0 rows from s3://thesis--ec331-s3/FCAS_RAISE1SEC-Volume-Bids/PUBLIC_DVD_BIDPEROFFER1_202311010000.parquet/part.948.parquet
2025-03-19 18:59:20,326 - INFO - No duplicates found in s3://thesis--ec331-s3/FCAS_RAISE1SEC-Volume-Bids/PUBLIC_DVD_BIDPEROFFER1_202311010000.parquet/part.948.parquet
2025-03-19 18:59:20,328 - WARNING - Empty DataFrame will be written.
2025-03-19 18:59:20,455 - INFO - Wrote original 0 rows to s3://thesis--ec331-s3/de-duped-volume-bids/PUBLIC_DVD_BIDPEROFFER1_202311010000.parquet/part.946.parquet
2025-03-19 18:59:20,548 - INFO - Processing: s3://thesis--ec331-s3/FCAS_RAISE1SEC-Volume-Bids/PUBLIC_DVD_BIDPEROFFER1_202311010000.parquet/part.95.parquet
2025-03-19 18:59:20,552 - INFO - Wrote original 0 rows to s3://thesis--ec331-s3/de-duped-volume-bids/PUBLIC_DVD_BIDPEROFFER1_202311010000.parquet/part.947.parquet
2025-03-19 18:59:20,554 - INFO - Target: s3://thesis--ec331-s3/de-duped-volume-bids/PUBLIC_DVD_BIDPEROFFER1_202311010000.parquet/part.95.parquet
2025-03-19 18:59:20,651 - INFO - Processing: s3://thesis--ec331-s3/FCAS_RAISE1SEC-Volume-Bids/PUBLIC_DVD_BIDPEROFFER1_202311010000.parquet/part.950.parquet
2025-03-19 18:59:20,658 - INFO - Target: s3://thesis--ec331-s3/de-duped-volume-bids/PUBLIC_DVD_BIDPEROFFER1_202311010000.parquet/part.950.parquet
2025-03-19 18:59:20,684 - INFO - Read 0 rows from s3://thesis--ec331-s3/FCAS_RAISE1SEC-Volume-Bids/PUBLIC_DVD_BIDPEROFFER1_202311010000.parquet/part.949.parquet
2025-03-19 18:59:20,689 - INFO - No duplicates found in s3://thesis--ec331-s3/FCAS_RAISE1SEC-Volume-Bids/PUBLIC_DVD_BIDPEROFFER1_202311010000.parquet/part.949.parquet
2025-03-19 18:59:20,690 - WARNING - Empty DataFrame will be written.
2025-03-19 18:59:20,711 - INFO - Wrote original 0 rows to s3://thesis--ec331-s3/de-duped-volume-bids/PUBLIC_DVD_BIDPEROFFER1_202311010000.parquet/part.948.parquet
2025-03-19 18:59:20,804 - INFO - Processing: s3://thesis--ec331-s3/FCAS_RAISE1SEC-Volume-Bids/PUBLIC_DVD_BIDPEROFFER1_202311010000.parquet/part.951.parquet
2025-03-19 18:59:20,806 - INFO - Target: s3://thesis--ec331-s3/de-duped-volume-bids/PUBLIC_DVD_BIDPEROFFER1_202311010000.parquet/part.951.parquet
2025-03-19 18:59:20,984 - INFO - Wrote original 0 rows to s3://thesis--ec331-s3/de-duped-volume-bids/PUBLIC_DVD_BIDPEROFFER1_202311010000.parquet/part.949.parquet
2025-03-19 18:59:21,073 - INFO - Processing: s3://thesis--ec331-s3/FCAS_RAISE1SEC-Volume-Bids/PUBLIC_DVD_BIDPEROFFER1_202311010000.parquet/part.952.parquet
2025-03-19 18:59:21,077 - INFO - Target: s3://thesis--ec331-s3/de-duped-volume-bids/PUBLIC_DVD_BIDPEROFFER1_202311010000.parquet/part.952.parquet
2025-03-19 18:59:21,107 - INFO - Read 0 rows from s3://thesis--ec331-s3/FCAS_RAISE1SEC-Volume-Bids/PUBLIC_DVD_BIDPEROFFER1_202311010000.parquet/part.950.parquet
2025-03-19 18:59:21,109 - INFO - Read 0 rows from s3://thesis--ec331-s3/FCAS_RAISE1SEC-Volume-Bids/PUBLIC_DVD_BIDPEROFFER1_202311010000.parquet/part.95.parquet
2025-03-19 18:59:21,112 - INFO - No duplicates found in s3://thesis--ec331-s3/FCAS_RAISE1SEC-Volume-Bids/PUBLIC_DVD_BIDPEROFFER1_202311010000.parquet/part.950.parquet
2025-03-19 18:59:21,116 - INFO - No duplicates found in s3://thesis--ec331-s3/FCAS_RAISE1SEC-Volume-Bids/PUBLIC_DVD_BIDPEROFFER1_202311010000.parquet/part.95.parquet
2025-03-19 18:59:21,121 - WARNING - Empty DataFrame will be written.
2025-03-19 18:59:21,123 - WARNING - Empty DataFrame will be written.
2025-03-19 18:59:21,208 - INFO - Read 0 rows from s3://thesis--ec331-s3/FCAS_RAISE1SEC-Volume-Bids/PUBLIC_DVD_BIDPEROFFER1_202311010000.parquet/part.951.parquet
2025-03-19 18:59:21,211 - INFO - No duplicates found in s3://thesis--ec331-s3/FCAS_RAISE1SEC-Volume-Bids/PUBLIC_DVD_BIDPEROFFER1_202311010000.parquet/part.951.parquet
2025-03-19 18:59:21,212 - WARNING - Empty DataFrame will be written.
2025-03-19 18:59:21,368 - INFO - Wrote original 0 rows to s3://thesis--ec331-s3/de-duped-volume-bids/PUBLIC_DVD_BIDPEROFFER1_202311010000.parquet/part.95.parquet
2025-03-19 18:59:21,462 - INFO - Processing: s3://thesis--ec331-s3/FCAS_RAISE1SEC-Volume-Bids/PUBLIC_DVD_BIDPEROFFER1_202311010000.parquet/part.953.parquet
2025-03-19 18:59:21,466 - INFO - Target: s3://thesis--ec331-s3/de-duped-volume-bids/PUBLIC_DVD_BIDPEROFFER1_202311010000.parquet/part.953.parquet
2025-03-19 18:59:21,489 - INFO - Read 0 rows from s3://thesis--ec331-s3/FCAS_RAISE1SEC-Volume-Bids/PUBLIC_DVD_BIDPEROFFER1_202311010000.parquet/part.952.parquet
2025-03-19 18:59:21,492 - INFO - Wrote original 0 rows to s3://thesis--ec331-s3/de-duped-volume-bids/PUBLIC_DVD_BIDPEROFFER1_202311010000.parquet/part.950.parquet
2025-03-19 18:59:21,495 - INFO - No duplicates found in s3://thesis--ec331-s3/FCAS_RAISE1SEC-Volume-Bids/PUBLIC_DVD_BIDPEROFFER1_202311010000.parquet/part.952.parquet
2025-03-19 18:59:21,591 - INFO - Processing: s3://thesis--ec331-s3/FCAS_RAISE1SEC-Volume-Bids/PUBLIC_DVD_BIDPEROFFER1_202311010000.parquet/part.954.parquet
2025-03-19 18:59:21,595 - INFO - Wrote original 0 rows to s3://thesis--ec331-s3/de-duped-volume-bids/PUBLIC_DVD_BIDPEROFFER1_202311010000.parquet/part.951.parquet
2025-03-19 18:59:21,596 - WARNING - Empty DataFrame will be written.
2025-03-19 18:59:21,597 - INFO - Target: s3://thesis--ec331-s3/de-duped-volume-bids/PUBLIC_DVD_BIDPEROFFER1_202311010000.parquet/part.954.parquet
2025-03-19 18:59:21,687 - INFO - Processing: s3://thesis--ec331-s3/FCAS_RAISE1SEC-Volume-Bids/PUBLIC_DVD_BIDPEROFFER1_202311010000.parquet/part.955.parquet
2025-03-19 18:59:21,718 - INFO - Target: s3://thesis--ec331-s3/de-duped-volume-bids/PUBLIC_DVD_BIDPEROFFER1_202311010000.parquet/part.955.parquet
2025-03-19 18:59:21,960 - INFO - Wrote original 0 rows to s3://thesis--ec331-s3/de-duped-volume-bids/PUBLIC_DVD_BIDPEROFFER1_202311010000.parquet/part.952.parquet
2025-03-19 18:59:22,059 - INFO - Processing: s3://thesis--ec331-s3/FCAS_RAISE1SEC-Volume-Bids/PUBLIC_DVD_BIDPEROFFER1_202311010000.parquet/part.956.parquet
2025-03-19 18:59:22,065 - INFO - Target: s3://thesis--ec331-s3/de-duped-volume-bids/PUBLIC_DVD_BIDPEROFFER1_202311010000.parquet/part.956.parquet
2025-03-19 18:59:22,089 - INFO - Read 60,905 rows from s3://thesis--ec331-s3/FCAS_RAISE1SEC-Volume-Bids/PUBLIC_DVD_BIDPEROFFER1_202311010000.parquet/part.953.parquet
2025-03-19 18:59:22,118 - INFO - Read 8,791 rows from s3://thesis--ec331-s3/FCAS_RAISE1SEC-Volume-Bids/PUBLIC_DVD_BIDPEROFFER1_202311010000.parquet/part.954.parquet
2025-03-19 18:59:22,146 - INFO - Read 0 rows from s3://thesis--ec331-s3/FCAS_RAISE1SEC-Volume-Bids/PUBLIC_DVD_BIDPEROFFER1_202311010000.parquet/part.955.parquet
2025-03-19 18:59:22,150 - INFO - No duplicates found in s3://thesis--ec331-s3/FCAS_RAISE1SEC-Volume-Bids/PUBLIC_DVD_BIDPEROFFER1_202311010000.parquet/part.955.parquet
2025-03-19 18:59:22,153 - WARNING - Empty DataFrame will be written.
2025-03-19 18:59:22,154 - INFO - Found 8,791 rows (100.00%) with duplicate keys
2025-03-19 18:59:22,178 - INFO - Found 60,580 rows (99.47%) with duplicate keys
2025-03-19 18:59:22,181 - INFO - Removed 7,927 duplicate rows
2025-03-19 18:59:22,216 - INFO - Removed 57,032 duplicate rows
2025-03-19 18:59:22,362 - INFO - Read 0 rows from s3://thesis--ec331-s3/FCAS_RAISE1SEC-Volume-Bids/PUBLIC_DVD_BIDPEROFFER1_202311010000.parquet/part.956.parquet
2025-03-19 18:59:22,365 - INFO - No duplicates found in s3://thesis--ec331-s3/FCAS_RAISE1SEC-Volume-Bids/PUBLIC_DVD_BIDPEROFFER1_202311010000.parquet/part.956.parquet
2025-03-19 18:59:22,367 - WARNING - Empty DataFrame will be written.
2025-03-19 18:59:22,423 - INFO - Wrote 864 rows to s3://thesis--ec331-s3/de-duped-volume-bids/PUBLIC_DVD_BIDPEROFFER1_202311010000.parquet/part.954.parquet
2025-03-19 18:59:22,426 - INFO - Wrote original 0 rows to s3://thesis--ec331-s3/de-duped-volume-bids/PUBLIC_DVD_BIDPEROFFER1_202311010000.parquet/part.955.parquet
2025-03-19 18:59:22,517 - INFO - Wrote 3,873 rows to s3://thesis--ec331-s3/de-duped-volume-bids/PUBLIC_DVD_BIDPEROFFER1_202311010000.parquet/part.953.parquet
2025-03-19 18:59:22,606 - INFO - Processing: s3://thesis--ec331-s3/FCAS_RAISE1SEC-Volume-Bids/PUBLIC_DVD_BIDPEROFFER1_202311010000.parquet/part.957.parquet
2025-03-19 18:59:22,695 - INFO - Processing: s3://thesis--ec331-s3/FCAS_RAISE1SEC-Volume-Bids/PUBLIC_DVD_BIDPEROFFER1_202311010000.parquet/part.958.parquet
2025-03-19 18:59:22,866 - INFO - Processing: s3://thesis--ec331-s3/FCAS_RAISE1SEC-Volume-Bids/PUBLIC_DVD_BIDPEROFFER1_202311010000.parquet/part.959.parquet
2025-03-19 18:59:22,873 - INFO - Target: s3://thesis--ec331-s3/de-duped-volume-bids/PUBLIC_DVD_BIDPEROFFER1_202311010000.parquet/part.957.parquet
2025-03-19 18:59:22,874 - INFO - Target: s3://thesis--ec331-s3/de-duped-volume-bids/PUBLIC_DVD_BIDPEROFFER1_202311010000.parquet/part.958.parquet
2025-03-19 18:59:22,875 - INFO - Target: s3://thesis--ec331-s3/de-duped-volume-bids/PUBLIC_DVD_BIDPEROFFER1_202311010000.parquet/part.959.parquet
2025-03-19 18:59:22,989 - INFO - Wrote original 0 rows to s3://thesis--ec331-s3/de-duped-volume-bids/PUBLIC_DVD_BIDPEROFFER1_202311010000.parquet/part.956.parquet
2025-03-19 18:59:23,087 - INFO - Processing: s3://thesis--ec331-s3/FCAS_RAISE1SEC-Volume-Bids/PUBLIC_DVD_BIDPEROFFER1_202311010000.parquet/part.96.parquet
2025-03-19 18:59:23,094 - INFO - Target: s3://thesis--ec331-s3/de-duped-volume-bids/PUBLIC_DVD_BIDPEROFFER1_202311010000.parquet/part.96.parquet
2025-03-19 18:59:23,263 - INFO - Read 0 rows from s3://thesis--ec331-s3/FCAS_RAISE1SEC-Volume-Bids/PUBLIC_DVD_BIDPEROFFER1_202311010000.parquet/part.957.parquet
2025-03-19 18:59:23,266 - INFO - No duplicates found in s3://thesis--ec331-s3/FCAS_RAISE1SEC-Volume-Bids/PUBLIC_DVD_BIDPEROFFER1_202311010000.parquet/part.957.parquet
2025-03-19 18:59:23,268 - WARNING - Empty DataFrame will be written.
2025-03-19 18:59:23,302 - INFO - Read 0 rows from s3://thesis--ec331-s3/FCAS_RAISE1SEC-Volume-Bids/PUBLIC_DVD_BIDPEROFFER1_202311010000.parquet/part.958.parquet
2025-03-19 18:59:23,304 - INFO - Read 0 rows from s3://thesis--ec331-s3/FCAS_RAISE1SEC-Volume-Bids/PUBLIC_DVD_BIDPEROFFER1_202311010000.parquet/part.959.parquet
2025-03-19 18:59:23,307 - INFO - No duplicates found in s3://thesis--ec331-s3/FCAS_RAISE1SEC-Volume-Bids/PUBLIC_DVD_BIDPEROFFER1_202311010000.parquet/part.958.parquet
2025-03-19 18:59:23,315 - INFO - No duplicates found in s3://thesis--ec331-s3/FCAS_RAISE1SEC-Volume-Bids/PUBLIC_DVD_BIDPEROFFER1_202311010000.parquet/part.959.parquet
2025-03-19 18:59:23,317 - WARNING - Empty DataFrame will be written.
2025-03-19 18:59:23,318 - WARNING - Empty DataFrame will be written.
2025-03-19 18:59:23,381 - INFO - Read 0 rows from s3://thesis--ec331-s3/FCAS_RAISE1SEC-Volume-Bids/PUBLIC_DVD_BIDPEROFFER1_202311010000.parquet/part.96.parquet
2025-03-19 18:59:23,384 - INFO - No duplicates found in s3://thesis--ec331-s3/FCAS_RAISE1SEC-Volume-Bids/PUBLIC_DVD_BIDPEROFFER1_202311010000.parquet/part.96.parquet
2025-03-19 18:59:23,385 - WARNING - Empty DataFrame will be written.
2025-03-19 18:59:23,589 - INFO - Wrote original 0 rows to s3://thesis--ec331-s3/de-duped-volume-bids/PUBLIC_DVD_BIDPEROFFER1_202311010000.parquet/part.957.parquet
2025-03-19 18:59:23,591 - INFO - Wrote original 0 rows to s3://thesis--ec331-s3/de-duped-volume-bids/PUBLIC_DVD_BIDPEROFFER1_202311010000.parquet/part.959.parquet
2025-03-19 18:59:23,692 - INFO - Processing: s3://thesis--ec331-s3/FCAS_RAISE1SEC-Volume-Bids/PUBLIC_DVD_BIDPEROFFER1_202311010000.parquet/part.960.parquet
2025-03-19 18:59:23,782 - INFO - Processing: s3://thesis--ec331-s3/FCAS_RAISE1SEC-Volume-Bids/PUBLIC_DVD_BIDPEROFFER1_202311010000.parquet/part.961.parquet
2025-03-19 18:59:23,784 - INFO - Wrote original 0 rows to s3://thesis--ec331-s3/de-duped-volume-bids/PUBLIC_DVD_BIDPEROFFER1_202311010000.parquet/part.958.parquet
2025-03-19 18:59:23,788 - INFO - Wrote original 0 rows to s3://thesis--ec331-s3/de-duped-volume-bids/PUBLIC_DVD_BIDPEROFFER1_202311010000.parquet/part.96.parquet
2025-03-19 18:59:23,789 - INFO - Target: s3://thesis--ec331-s3/de-duped-volume-bids/PUBLIC_DVD_BIDPEROFFER1_202311010000.parquet/part.960.parquet
2025-03-19 18:59:23,789 - INFO - Target: s3://thesis--ec331-s3/de-duped-volume-bids/PUBLIC_DVD_BIDPEROFFER1_202311010000.parquet/part.961.parquet
2025-03-19 18:59:23,871 - INFO - Processing: s3://thesis--ec331-s3/FCAS_RAISE1SEC-Volume-Bids/PUBLIC_DVD_BIDPEROFFER1_202311010000.parquet/part.962.parquet
2025-03-19 18:59:23,957 - INFO - Processing: s3://thesis--ec331-s3/FCAS_RAISE1SEC-Volume-Bids/PUBLIC_DVD_BIDPEROFFER1_202311010000.parquet/part.963.parquet
2025-03-19 18:59:23,979 - INFO - Target: s3://thesis--ec331-s3/de-duped-volume-bids/PUBLIC_DVD_BIDPEROFFER1_202311010000.parquet/part.962.parquet
2025-03-19 18:59:23,980 - INFO - Target: s3://thesis--ec331-s3/de-duped-volume-bids/PUBLIC_DVD_BIDPEROFFER1_202311010000.parquet/part.963.parquet
2025-03-19 18:59:24,231 - INFO - Read 0 rows from s3://thesis--ec331-s3/FCAS_RAISE1SEC-Volume-Bids/PUBLIC_DVD_BIDPEROFFER1_202311010000.parquet/part.961.parquet
2025-03-19 18:59:24,235 - INFO - No duplicates found in s3://thesis--ec331-s3/FCAS_RAISE1SEC-Volume-Bids/PUBLIC_DVD_BIDPEROFFER1_202311010000.parquet/part.961.parquet
2025-03-19 18:59:24,237 - WARNING - Empty DataFrame will be written.
2025-03-19 18:59:24,268 - INFO - Read 0 rows from s3://thesis--ec331-s3/FCAS_RAISE1SEC-Volume-Bids/PUBLIC_DVD_BIDPEROFFER1_202311010000.parquet/part.960.parquet
2025-03-19 18:59:24,271 - INFO - No duplicates found in s3://thesis--ec331-s3/FCAS_RAISE1SEC-Volume-Bids/PUBLIC_DVD_BIDPEROFFER1_202311010000.parquet/part.960.parquet
2025-03-19 18:59:24,273 - WARNING - Empty DataFrame will be written.
2025-03-19 18:59:24,287 - INFO - Read 0 rows from s3://thesis--ec331-s3/FCAS_RAISE1SEC-Volume-Bids/PUBLIC_DVD_BIDPEROFFER1_202311010000.parquet/part.963.parquet
2025-03-19 18:59:24,301 - INFO - No duplicates found in s3://thesis--ec331-s3/FCAS_RAISE1SEC-Volume-Bids/PUBLIC_DVD_BIDPEROFFER1_202311010000.parquet/part.963.parquet
2025-03-19 18:59:24,303 - WARNING - Empty DataFrame will be written.
2025-03-19 18:59:24,310 - INFO - Read 0 rows from s3://thesis--ec331-s3/FCAS_RAISE1SEC-Volume-Bids/PUBLIC_DVD_BIDPEROFFER1_202311010000.parquet/part.962.parquet
2025-03-19 18:59:24,328 - INFO - No duplicates found in s3://thesis--ec331-s3/FCAS_RAISE1SEC-Volume-Bids/PUBLIC_DVD_BIDPEROFFER1_202311010000.parquet/part.962.parquet
2025-03-19 18:59:24,330 - WARNING - Empty DataFrame will be written.
2025-03-19 18:59:24,540 - INFO - Wrote original 0 rows to s3://thesis--ec331-s3/de-duped-volume-bids/PUBLIC_DVD_BIDPEROFFER1_202311010000.parquet/part.961.parquet
2025-03-19 18:59:24,637 - INFO - Processing: s3://thesis--ec331-s3/FCAS_RAISE1SEC-Volume-Bids/PUBLIC_DVD_BIDPEROFFER1_202311010000.parquet/part.964.parquet
2025-03-19 18:59:24,640 - INFO - Target: s3://thesis--ec331-s3/de-duped-volume-bids/PUBLIC_DVD_BIDPEROFFER1_202311010000.parquet/part.964.parquet
2025-03-19 18:59:24,667 - INFO - Wrote original 0 rows to s3://thesis--ec331-s3/de-duped-volume-bids/PUBLIC_DVD_BIDPEROFFER1_202311010000.parquet/part.962.parquet
2025-03-19 18:59:24,757 - INFO - Processing: s3://thesis--ec331-s3/FCAS_RAISE1SEC-Volume-Bids/PUBLIC_DVD_BIDPEROFFER1_202311010000.parquet/part.965.parquet
2025-03-19 18:59:24,759 - INFO - Wrote original 0 rows to s3://thesis--ec331-s3/de-duped-volume-bids/PUBLIC_DVD_BIDPEROFFER1_202311010000.parquet/part.960.parquet
2025-03-19 18:59:24,761 - INFO - Target: s3://thesis--ec331-s3/de-duped-volume-bids/PUBLIC_DVD_BIDPEROFFER1_202311010000.parquet/part.965.parquet
2025-03-19 18:59:24,853 - INFO - Processing: s3://thesis--ec331-s3/FCAS_RAISE1SEC-Volume-Bids/PUBLIC_DVD_BIDPEROFFER1_202311010000.parquet/part.966.parquet
2025-03-19 18:59:24,868 - INFO - Wrote original 0 rows to s3://thesis--ec331-s3/de-duped-volume-bids/PUBLIC_DVD_BIDPEROFFER1_202311010000.parquet/part.963.parquet
2025-03-19 18:59:24,868 - INFO - Target: s3://thesis--ec331-s3/de-duped-volume-bids/PUBLIC_DVD_BIDPEROFFER1_202311010000.parquet/part.966.parquet
2025-03-19 18:59:24,962 - INFO - Processing: s3://thesis--ec331-s3/FCAS_RAISE1SEC-Volume-Bids/PUBLIC_DVD_BIDPEROFFER1_202311010000.parquet/part.967.parquet
2025-03-19 18:59:24,972 - INFO - Target: s3://thesis--ec331-s3/de-duped-volume-bids/PUBLIC_DVD_BIDPEROFFER1_202311010000.parquet/part.967.parquet
2025-03-19 18:59:25,135 - INFO - Read 0 rows from s3://thesis--ec331-s3/FCAS_RAISE1SEC-Volume-Bids/PUBLIC_DVD_BIDPEROFFER1_202311010000.parquet/part.964.parquet
2025-03-19 18:59:25,143 - INFO - No duplicates found in s3://thesis--ec331-s3/FCAS_RAISE1SEC-Volume-Bids/PUBLIC_DVD_BIDPEROFFER1_202311010000.parquet/part.964.parquet
2025-03-19 18:59:25,144 - WARNING - Empty DataFrame will be written.
2025-03-19 18:59:25,175 - INFO - Read 0 rows from s3://thesis--ec331-s3/FCAS_RAISE1SEC-Volume-Bids/PUBLIC_DVD_BIDPEROFFER1_202311010000.parquet/part.965.parquet
2025-03-19 18:59:25,178 - INFO - No duplicates found in s3://thesis--ec331-s3/FCAS_RAISE1SEC-Volume-Bids/PUBLIC_DVD_BIDPEROFFER1_202311010000.parquet/part.965.parquet
2025-03-19 18:59:25,179 - WARNING - Empty DataFrame will be written.
2025-03-19 18:59:25,255 - INFO - Read 0 rows from s3://thesis--ec331-s3/FCAS_RAISE1SEC-Volume-Bids/PUBLIC_DVD_BIDPEROFFER1_202311010000.parquet/part.966.parquet
2025-03-19 18:59:25,259 - INFO - No duplicates found in s3://thesis--ec331-s3/FCAS_RAISE1SEC-Volume-Bids/PUBLIC_DVD_BIDPEROFFER1_202311010000.parquet/part.966.parquet
2025-03-19 18:59:25,260 - WARNING - Empty DataFrame will be written.
2025-03-19 18:59:25,288 - INFO - Read 0 rows from s3://thesis--ec331-s3/FCAS_RAISE1SEC-Volume-Bids/PUBLIC_DVD_BIDPEROFFER1_202311010000.parquet/part.967.parquet
2025-03-19 18:59:25,299 - INFO - No duplicates found in s3://thesis--ec331-s3/FCAS_RAISE1SEC-Volume-Bids/PUBLIC_DVD_BIDPEROFFER1_202311010000.parquet/part.967.parquet
2025-03-19 18:59:25,300 - WARNING - Empty DataFrame will be written.
2025-03-19 18:59:25,411 - INFO - Wrote original 0 rows to s3://thesis--ec331-s3/de-duped-volume-bids/PUBLIC_DVD_BIDPEROFFER1_202311010000.parquet/part.964.parquet
2025-03-19 18:59:25,504 - INFO - Processing: s3://thesis--ec331-s3/FCAS_RAISE1SEC-Volume-Bids/PUBLIC_DVD_BIDPEROFFER1_202311010000.parquet/part.968.parquet
2025-03-19 18:59:25,506 - INFO - Target: s3://thesis--ec331-s3/de-duped-volume-bids/PUBLIC_DVD_BIDPEROFFER1_202311010000.parquet/part.968.parquet
2025-03-19 18:59:25,532 - INFO - Wrote original 0 rows to s3://thesis--ec331-s3/de-duped-volume-bids/PUBLIC_DVD_BIDPEROFFER1_202311010000.parquet/part.965.parquet
2025-03-19 18:59:25,622 - INFO - Processing: s3://thesis--ec331-s3/FCAS_RAISE1SEC-Volume-Bids/PUBLIC_DVD_BIDPEROFFER1_202311010000.parquet/part.969.parquet
2025-03-19 18:59:25,623 - INFO - Target: s3://thesis--ec331-s3/de-duped-volume-bids/PUBLIC_DVD_BIDPEROFFER1_202311010000.parquet/part.969.parquet
2025-03-19 18:59:25,664 - INFO - Wrote original 0 rows to s3://thesis--ec331-s3/de-duped-volume-bids/PUBLIC_DVD_BIDPEROFFER1_202311010000.parquet/part.966.parquet
2025-03-19 18:59:25,667 - INFO - Wrote original 0 rows to s3://thesis--ec331-s3/de-duped-volume-bids/PUBLIC_DVD_BIDPEROFFER1_202311010000.parquet/part.967.parquet
2025-03-19 18:59:25,759 - INFO - Processing: s3://thesis--ec331-s3/FCAS_RAISE1SEC-Volume-Bids/PUBLIC_DVD_BIDPEROFFER1_202311010000.parquet/part.97.parquet
2025-03-19 18:59:25,845 - INFO - Processing: s3://thesis--ec331-s3/FCAS_RAISE1SEC-Volume-Bids/PUBLIC_DVD_BIDPEROFFER1_202311010000.parquet/part.970.parquet
2025-03-19 18:59:25,847 - INFO - Target: s3://thesis--ec331-s3/de-duped-volume-bids/PUBLIC_DVD_BIDPEROFFER1_202311010000.parquet/part.97.parquet
2025-03-19 18:59:25,848 - INFO - Target: s3://thesis--ec331-s3/de-duped-volume-bids/PUBLIC_DVD_BIDPEROFFER1_202311010000.parquet/part.970.parquet
2025-03-19 18:59:25,921 - INFO - Read 0 rows from s3://thesis--ec331-s3/FCAS_RAISE1SEC-Volume-Bids/PUBLIC_DVD_BIDPEROFFER1_202311010000.parquet/part.968.parquet
2025-03-19 18:59:25,924 - INFO - No duplicates found in s3://thesis--ec331-s3/FCAS_RAISE1SEC-Volume-Bids/PUBLIC_DVD_BIDPEROFFER1_202311010000.parquet/part.968.parquet
2025-03-19 18:59:25,925 - WARNING - Empty DataFrame will be written.
2025-03-19 18:59:26,044 - INFO - Read 0 rows from s3://thesis--ec331-s3/FCAS_RAISE1SEC-Volume-Bids/PUBLIC_DVD_BIDPEROFFER1_202311010000.parquet/part.969.parquet
2025-03-19 18:59:26,048 - INFO - No duplicates found in s3://thesis--ec331-s3/FCAS_RAISE1SEC-Volume-Bids/PUBLIC_DVD_BIDPEROFFER1_202311010000.parquet/part.969.parquet
2025-03-19 18:59:26,049 - WARNING - Empty DataFrame will be written.
2025-03-19 18:59:26,125 - INFO - Read 0 rows from s3://thesis--ec331-s3/FCAS_RAISE1SEC-Volume-Bids/PUBLIC_DVD_BIDPEROFFER1_202311010000.parquet/part.97.parquet
2025-03-19 18:59:26,129 - INFO - Wrote original 0 rows to s3://thesis--ec331-s3/de-duped-volume-bids/PUBLIC_DVD_BIDPEROFFER1_202311010000.parquet/part.968.parquet
2025-03-19 18:59:26,131 - INFO - No duplicates found in s3://thesis--ec331-s3/FCAS_RAISE1SEC-Volume-Bids/PUBLIC_DVD_BIDPEROFFER1_202311010000.parquet/part.97.parquet
2025-03-19 18:59:26,224 - INFO - Processing: s3://thesis--ec331-s3/FCAS_RAISE1SEC-Volume-Bids/PUBLIC_DVD_BIDPEROFFER1_202311010000.parquet/part.971.parquet
2025-03-19 18:59:26,230 - WARNING - Empty DataFrame will be written.
2025-03-19 18:59:26,232 - INFO - Target: s3://thesis--ec331-s3/de-duped-volume-bids/PUBLIC_DVD_BIDPEROFFER1_202311010000.parquet/part.971.parquet
2025-03-19 18:59:26,283 - INFO - Read 0 rows from s3://thesis--ec331-s3/FCAS_RAISE1SEC-Volume-Bids/PUBLIC_DVD_BIDPEROFFER1_202311010000.parquet/part.970.parquet
2025-03-19 18:59:26,286 - INFO - No duplicates found in s3://thesis--ec331-s3/FCAS_RAISE1SEC-Volume-Bids/PUBLIC_DVD_BIDPEROFFER1_202311010000.parquet/part.970.parquet
2025-03-19 18:59:26,287 - WARNING - Empty DataFrame will be written.
2025-03-19 18:59:26,375 - INFO - Wrote original 0 rows to s3://thesis--ec331-s3/de-duped-volume-bids/PUBLIC_DVD_BIDPEROFFER1_202311010000.parquet/part.969.parquet
2025-03-19 18:59:26,470 - INFO - Processing: s3://thesis--ec331-s3/FCAS_RAISE1SEC-Volume-Bids/PUBLIC_DVD_BIDPEROFFER1_202311010000.parquet/part.972.parquet
2025-03-19 18:59:26,471 - INFO - Target: s3://thesis--ec331-s3/de-duped-volume-bids/PUBLIC_DVD_BIDPEROFFER1_202311010000.parquet/part.972.parquet
2025-03-19 18:59:26,511 - INFO - Wrote original 0 rows to s3://thesis--ec331-s3/de-duped-volume-bids/PUBLIC_DVD_BIDPEROFFER1_202311010000.parquet/part.97.parquet
2025-03-19 18:59:26,608 - INFO - Processing: s3://thesis--ec331-s3/FCAS_RAISE1SEC-Volume-Bids/PUBLIC_DVD_BIDPEROFFER1_202311010000.parquet/part.973.parquet
2025-03-19 18:59:26,614 - INFO - Target: s3://thesis--ec331-s3/de-duped-volume-bids/PUBLIC_DVD_BIDPEROFFER1_202311010000.parquet/part.973.parquet
2025-03-19 18:59:26,659 - INFO - Read 0 rows from s3://thesis--ec331-s3/FCAS_RAISE1SEC-Volume-Bids/PUBLIC_DVD_BIDPEROFFER1_202311010000.parquet/part.971.parquet
2025-03-19 18:59:26,662 - INFO - No duplicates found in s3://thesis--ec331-s3/FCAS_RAISE1SEC-Volume-Bids/PUBLIC_DVD_BIDPEROFFER1_202311010000.parquet/part.971.parquet
2025-03-19 18:59:26,662 - WARNING - Empty DataFrame will be written.
2025-03-19 18:59:26,677 - INFO - Wrote original 0 rows to s3://thesis--ec331-s3/de-duped-volume-bids/PUBLIC_DVD_BIDPEROFFER1_202311010000.parquet/part.970.parquet
2025-03-19 18:59:26,776 - INFO - Processing: s3://thesis--ec331-s3/FCAS_RAISE1SEC-Volume-Bids/PUBLIC_DVD_BIDPEROFFER1_202311010000.parquet/part.974.parquet
2025-03-19 18:59:26,777 - INFO - Target: s3://thesis--ec331-s3/de-duped-volume-bids/PUBLIC_DVD_BIDPEROFFER1_202311010000.parquet/part.974.parquet
2025-03-19 18:59:26,868 - INFO - Read 0 rows from s3://thesis--ec331-s3/FCAS_RAISE1SEC-Volume-Bids/PUBLIC_DVD_BIDPEROFFER1_202311010000.parquet/part.972.parquet
2025-03-19 18:59:26,871 - INFO - No duplicates found in s3://thesis--ec331-s3/FCAS_RAISE1SEC-Volume-Bids/PUBLIC_DVD_BIDPEROFFER1_202311010000.parquet/part.972.parquet
2025-03-19 18:59:26,873 - WARNING - Empty DataFrame will be written.
2025-03-19 18:59:26,996 - INFO - Read 0 rows from s3://thesis--ec331-s3/FCAS_RAISE1SEC-Volume-Bids/PUBLIC_DVD_BIDPEROFFER1_202311010000.parquet/part.973.parquet
2025-03-19 18:59:27,000 - INFO - No duplicates found in s3://thesis--ec331-s3/FCAS_RAISE1SEC-Volume-Bids/PUBLIC_DVD_BIDPEROFFER1_202311010000.parquet/part.973.parquet
2025-03-19 18:59:27,001 - WARNING - Empty DataFrame will be written.
2025-03-19 18:59:27,023 - INFO - Wrote original 0 rows to s3://thesis--ec331-s3/de-duped-volume-bids/PUBLIC_DVD_BIDPEROFFER1_202311010000.parquet/part.971.parquet
2025-03-19 18:59:27,118 - INFO - Processing: s3://thesis--ec331-s3/FCAS_RAISE1SEC-Volume-Bids/PUBLIC_DVD_BIDPEROFFER1_202311010000.parquet/part.975.parquet
2025-03-19 18:59:27,123 - INFO - Target: s3://thesis--ec331-s3/de-duped-volume-bids/PUBLIC_DVD_BIDPEROFFER1_202311010000.parquet/part.975.parquet
2025-03-19 18:59:27,161 - INFO - Read 0 rows from s3://thesis--ec331-s3/FCAS_RAISE1SEC-Volume-Bids/PUBLIC_DVD_BIDPEROFFER1_202311010000.parquet/part.974.parquet
2025-03-19 18:59:27,165 - INFO - No duplicates found in s3://thesis--ec331-s3/FCAS_RAISE1SEC-Volume-Bids/PUBLIC_DVD_BIDPEROFFER1_202311010000.parquet/part.974.parquet
2025-03-19 18:59:27,166 - WARNING - Empty DataFrame will be written.
2025-03-19 18:59:27,187 - INFO - Wrote original 0 rows to s3://thesis--ec331-s3/de-duped-volume-bids/PUBLIC_DVD_BIDPEROFFER1_202311010000.parquet/part.972.parquet
2025-03-19 18:59:27,278 - INFO - Processing: s3://thesis--ec331-s3/FCAS_RAISE1SEC-Volume-Bids/PUBLIC_DVD_BIDPEROFFER1_202311010000.parquet/part.976.parquet
2025-03-19 18:59:27,279 - INFO - Target: s3://thesis--ec331-s3/de-duped-volume-bids/PUBLIC_DVD_BIDPEROFFER1_202311010000.parquet/part.976.parquet
2025-03-19 18:59:27,434 - INFO - Wrote original 0 rows to s3://thesis--ec331-s3/de-duped-volume-bids/PUBLIC_DVD_BIDPEROFFER1_202311010000.parquet/part.974.parquet
2025-03-19 18:59:27,528 - INFO - Processing: s3://thesis--ec331-s3/FCAS_RAISE1SEC-Volume-Bids/PUBLIC_DVD_BIDPEROFFER1_202311010000.parquet/part.977.parquet
2025-03-19 18:59:27,532 - INFO - Wrote original 0 rows to s3://thesis--ec331-s3/de-duped-volume-bids/PUBLIC_DVD_BIDPEROFFER1_202311010000.parquet/part.973.parquet
2025-03-19 18:59:27,539 - INFO - Target: s3://thesis--ec331-s3/de-duped-volume-bids/PUBLIC_DVD_BIDPEROFFER1_202311010000.parquet/part.977.parquet
2025-03-19 18:59:27,652 - INFO - Processing: s3://thesis--ec331-s3/FCAS_RAISE1SEC-Volume-Bids/PUBLIC_DVD_BIDPEROFFER1_202311010000.parquet/part.978.parquet
2025-03-19 18:59:27,653 - INFO - Target: s3://thesis--ec331-s3/de-duped-volume-bids/PUBLIC_DVD_BIDPEROFFER1_202311010000.parquet/part.978.parquet
2025-03-19 18:59:27,674 - INFO - Read 0 rows from s3://thesis--ec331-s3/FCAS_RAISE1SEC-Volume-Bids/PUBLIC_DVD_BIDPEROFFER1_202311010000.parquet/part.975.parquet
2025-03-19 18:59:27,677 - INFO - No duplicates found in s3://thesis--ec331-s3/FCAS_RAISE1SEC-Volume-Bids/PUBLIC_DVD_BIDPEROFFER1_202311010000.parquet/part.975.parquet
2025-03-19 18:59:27,678 - WARNING - Empty DataFrame will be written.
2025-03-19 18:59:27,709 - INFO - Read 0 rows from s3://thesis--ec331-s3/FCAS_RAISE1SEC-Volume-Bids/PUBLIC_DVD_BIDPEROFFER1_202311010000.parquet/part.976.parquet
2025-03-19 18:59:27,713 - INFO - No duplicates found in s3://thesis--ec331-s3/FCAS_RAISE1SEC-Volume-Bids/PUBLIC_DVD_BIDPEROFFER1_202311010000.parquet/part.976.parquet
2025-03-19 18:59:27,715 - WARNING - Empty DataFrame will be written.
2025-03-19 18:59:27,924 - INFO - Read 0 rows from s3://thesis--ec331-s3/FCAS_RAISE1SEC-Volume-Bids/PUBLIC_DVD_BIDPEROFFER1_202311010000.parquet/part.978.parquet
2025-03-19 18:59:27,926 - INFO - No duplicates found in s3://thesis--ec331-s3/FCAS_RAISE1SEC-Volume-Bids/PUBLIC_DVD_BIDPEROFFER1_202311010000.parquet/part.978.parquet
2025-03-19 18:59:27,927 - WARNING - Empty DataFrame will be written.
2025-03-19 18:59:27,957 - INFO - Read 0 rows from s3://thesis--ec331-s3/FCAS_RAISE1SEC-Volume-Bids/PUBLIC_DVD_BIDPEROFFER1_202311010000.parquet/part.977.parquet
2025-03-19 18:59:27,959 - INFO - No duplicates found in s3://thesis--ec331-s3/FCAS_RAISE1SEC-Volume-Bids/PUBLIC_DVD_BIDPEROFFER1_202311010000.parquet/part.977.parquet
2025-03-19 18:59:27,960 - WARNING - Empty DataFrame will be written.
2025-03-19 18:59:27,977 - INFO - Wrote original 0 rows to s3://thesis--ec331-s3/de-duped-volume-bids/PUBLIC_DVD_BIDPEROFFER1_202311010000.parquet/part.976.parquet
2025-03-19 18:59:27,982 - INFO - Wrote original 0 rows to s3://thesis--ec331-s3/de-duped-volume-bids/PUBLIC_DVD_BIDPEROFFER1_202311010000.parquet/part.975.parquet
2025-03-19 18:59:28,078 - INFO - Processing: s3://thesis--ec331-s3/FCAS_RAISE1SEC-Volume-Bids/PUBLIC_DVD_BIDPEROFFER1_202311010000.parquet/part.979.parquet
2025-03-19 18:59:28,172 - INFO - Processing: s3://thesis--ec331-s3/FCAS_RAISE1SEC-Volume-Bids/PUBLIC_DVD_BIDPEROFFER1_202311010000.parquet/part.98.parquet
2025-03-19 18:59:28,175 - INFO - Target: s3://thesis--ec331-s3/de-duped-volume-bids/PUBLIC_DVD_BIDPEROFFER1_202311010000.parquet/part.979.parquet
2025-03-19 18:59:28,176 - INFO - Target: s3://thesis--ec331-s3/de-duped-volume-bids/PUBLIC_DVD_BIDPEROFFER1_202311010000.parquet/part.98.parquet
2025-03-19 18:59:28,368 - INFO - Wrote original 0 rows to s3://thesis--ec331-s3/de-duped-volume-bids/PUBLIC_DVD_BIDPEROFFER1_202311010000.parquet/part.978.parquet
2025-03-19 18:59:28,462 - INFO - Processing: s3://thesis--ec331-s3/FCAS_RAISE1SEC-Volume-Bids/PUBLIC_DVD_BIDPEROFFER1_202311010000.parquet/part.980.parquet
2025-03-19 18:59:28,468 - INFO - Target: s3://thesis--ec331-s3/de-duped-volume-bids/PUBLIC_DVD_BIDPEROFFER1_202311010000.parquet/part.980.parquet
2025-03-19 18:59:28,511 - INFO - Read 0 rows from s3://thesis--ec331-s3/FCAS_RAISE1SEC-Volume-Bids/PUBLIC_DVD_BIDPEROFFER1_202311010000.parquet/part.979.parquet
2025-03-19 18:59:28,513 - INFO - No duplicates found in s3://thesis--ec331-s3/FCAS_RAISE1SEC-Volume-Bids/PUBLIC_DVD_BIDPEROFFER1_202311010000.parquet/part.979.parquet
2025-03-19 18:59:28,514 - WARNING - Empty DataFrame will be written.
2025-03-19 18:59:28,536 - INFO - Wrote original 0 rows to s3://thesis--ec331-s3/de-duped-volume-bids/PUBLIC_DVD_BIDPEROFFER1_202311010000.parquet/part.977.parquet
2025-03-19 18:59:28,627 - INFO - Processing: s3://thesis--ec331-s3/FCAS_RAISE1SEC-Volume-Bids/PUBLIC_DVD_BIDPEROFFER1_202311010000.parquet/part.981.parquet
2025-03-19 18:59:28,628 - INFO - Target: s3://thesis--ec331-s3/de-duped-volume-bids/PUBLIC_DVD_BIDPEROFFER1_202311010000.parquet/part.981.parquet
2025-03-19 18:59:28,740 - INFO - Read 0 rows from s3://thesis--ec331-s3/FCAS_RAISE1SEC-Volume-Bids/PUBLIC_DVD_BIDPEROFFER1_202311010000.parquet/part.98.parquet
2025-03-19 18:59:28,743 - INFO - No duplicates found in s3://thesis--ec331-s3/FCAS_RAISE1SEC-Volume-Bids/PUBLIC_DVD_BIDPEROFFER1_202311010000.parquet/part.98.parquet
2025-03-19 18:59:28,744 - WARNING - Empty DataFrame will be written.
2025-03-19 18:59:28,835 - INFO - Read 0 rows from s3://thesis--ec331-s3/FCAS_RAISE1SEC-Volume-Bids/PUBLIC_DVD_BIDPEROFFER1_202311010000.parquet/part.980.parquet
2025-03-19 18:59:28,843 - INFO - No duplicates found in s3://thesis--ec331-s3/FCAS_RAISE1SEC-Volume-Bids/PUBLIC_DVD_BIDPEROFFER1_202311010000.parquet/part.980.parquet
2025-03-19 18:59:28,845 - WARNING - Empty DataFrame will be written.
2025-03-19 18:59:28,870 - INFO - Wrote original 0 rows to s3://thesis--ec331-s3/de-duped-volume-bids/PUBLIC_DVD_BIDPEROFFER1_202311010000.parquet/part.979.parquet
2025-03-19 18:59:28,965 - INFO - Processing: s3://thesis--ec331-s3/FCAS_RAISE1SEC-Volume-Bids/PUBLIC_DVD_BIDPEROFFER1_202311010000.parquet/part.982.parquet
2025-03-19 18:59:28,969 - INFO - Target: s3://thesis--ec331-s3/de-duped-volume-bids/PUBLIC_DVD_BIDPEROFFER1_202311010000.parquet/part.982.parquet
2025-03-19 18:59:28,993 - INFO - Read 0 rows from s3://thesis--ec331-s3/FCAS_RAISE1SEC-Volume-Bids/PUBLIC_DVD_BIDPEROFFER1_202311010000.parquet/part.981.parquet
2025-03-19 18:59:28,996 - INFO - No duplicates found in s3://thesis--ec331-s3/FCAS_RAISE1SEC-Volume-Bids/PUBLIC_DVD_BIDPEROFFER1_202311010000.parquet/part.981.parquet
2025-03-19 18:59:28,997 - WARNING - Empty DataFrame will be written.
2025-03-19 18:59:29,075 - INFO - Wrote original 0 rows to s3://thesis--ec331-s3/de-duped-volume-bids/PUBLIC_DVD_BIDPEROFFER1_202311010000.parquet/part.98.parquet
2025-03-19 18:59:29,172 - INFO - Processing: s3://thesis--ec331-s3/FCAS_RAISE1SEC-Volume-Bids/PUBLIC_DVD_BIDPEROFFER1_202311010000.parquet/part.983.parquet
2025-03-19 18:59:29,174 - INFO - Target: s3://thesis--ec331-s3/de-duped-volume-bids/PUBLIC_DVD_BIDPEROFFER1_202311010000.parquet/part.983.parquet
2025-03-19 18:59:29,278 - INFO - Read 0 rows from s3://thesis--ec331-s3/FCAS_RAISE1SEC-Volume-Bids/PUBLIC_DVD_BIDPEROFFER1_202311010000.parquet/part.982.parquet
2025-03-19 18:59:29,282 - INFO - No duplicates found in s3://thesis--ec331-s3/FCAS_RAISE1SEC-Volume-Bids/PUBLIC_DVD_BIDPEROFFER1_202311010000.parquet/part.982.parquet
2025-03-19 18:59:29,283 - WARNING - Empty DataFrame will be written.
2025-03-19 18:59:29,336 - INFO - Wrote original 0 rows to s3://thesis--ec331-s3/de-duped-volume-bids/PUBLIC_DVD_BIDPEROFFER1_202311010000.parquet/part.981.parquet
2025-03-19 18:59:29,340 - INFO - Wrote original 0 rows to s3://thesis--ec331-s3/de-duped-volume-bids/PUBLIC_DVD_BIDPEROFFER1_202311010000.parquet/part.980.parquet
2025-03-19 18:59:29,432 - INFO - Processing: s3://thesis--ec331-s3/FCAS_RAISE1SEC-Volume-Bids/PUBLIC_DVD_BIDPEROFFER1_202311010000.parquet/part.984.parquet
2025-03-19 18:59:29,519 - INFO - Processing: s3://thesis--ec331-s3/FCAS_RAISE1SEC-Volume-Bids/PUBLIC_DVD_BIDPEROFFER1_202311010000.parquet/part.985.parquet
2025-03-19 18:59:29,520 - INFO - Target: s3://thesis--ec331-s3/de-duped-volume-bids/PUBLIC_DVD_BIDPEROFFER1_202311010000.parquet/part.984.parquet
2025-03-19 18:59:29,527 - INFO - Target: s3://thesis--ec331-s3/de-duped-volume-bids/PUBLIC_DVD_BIDPEROFFER1_202311010000.parquet/part.985.parquet
2025-03-19 18:59:29,586 - INFO - Read 0 rows from s3://thesis--ec331-s3/FCAS_RAISE1SEC-Volume-Bids/PUBLIC_DVD_BIDPEROFFER1_202311010000.parquet/part.983.parquet
2025-03-19 18:59:29,590 - INFO - No duplicates found in s3://thesis--ec331-s3/FCAS_RAISE1SEC-Volume-Bids/PUBLIC_DVD_BIDPEROFFER1_202311010000.parquet/part.983.parquet
2025-03-19 18:59:29,591 - WARNING - Empty DataFrame will be written.
2025-03-19 18:59:29,762 - INFO - Wrote original 0 rows to s3://thesis--ec331-s3/de-duped-volume-bids/PUBLIC_DVD_BIDPEROFFER1_202311010000.parquet/part.982.parquet
2025-03-19 18:59:29,855 - INFO - Processing: s3://thesis--ec331-s3/FCAS_RAISE1SEC-Volume-Bids/PUBLIC_DVD_BIDPEROFFER1_202311010000.parquet/part.986.parquet
2025-03-19 18:59:29,861 - INFO - Target: s3://thesis--ec331-s3/de-duped-volume-bids/PUBLIC_DVD_BIDPEROFFER1_202311010000.parquet/part.986.parquet
2025-03-19 18:59:29,884 - INFO - Read 0 rows from s3://thesis--ec331-s3/FCAS_RAISE1SEC-Volume-Bids/PUBLIC_DVD_BIDPEROFFER1_202311010000.parquet/part.985.parquet
2025-03-19 18:59:29,893 - INFO - Read 0 rows from s3://thesis--ec331-s3/FCAS_RAISE1SEC-Volume-Bids/PUBLIC_DVD_BIDPEROFFER1_202311010000.parquet/part.984.parquet
2025-03-19 18:59:29,895 - INFO - Wrote original 0 rows to s3://thesis--ec331-s3/de-duped-volume-bids/PUBLIC_DVD_BIDPEROFFER1_202311010000.parquet/part.983.parquet
2025-03-19 18:59:29,898 - INFO - No duplicates found in s3://thesis--ec331-s3/FCAS_RAISE1SEC-Volume-Bids/PUBLIC_DVD_BIDPEROFFER1_202311010000.parquet/part.985.parquet
2025-03-19 18:59:29,900 - INFO - No duplicates found in s3://thesis--ec331-s3/FCAS_RAISE1SEC-Volume-Bids/PUBLIC_DVD_BIDPEROFFER1_202311010000.parquet/part.984.parquet
2025-03-19 18:59:29,987 - INFO - Processing: s3://thesis--ec331-s3/FCAS_RAISE1SEC-Volume-Bids/PUBLIC_DVD_BIDPEROFFER1_202311010000.parquet/part.987.parquet
2025-03-19 18:59:29,988 - WARNING - Empty DataFrame will be written.
2025-03-19 18:59:29,989 - WARNING - Empty DataFrame will be written.
2025-03-19 18:59:29,990 - INFO - Target: s3://thesis--ec331-s3/de-duped-volume-bids/PUBLIC_DVD_BIDPEROFFER1_202311010000.parquet/part.987.parquet
2025-03-19 18:59:30,199 - INFO - Read 0 rows from s3://thesis--ec331-s3/FCAS_RAISE1SEC-Volume-Bids/PUBLIC_DVD_BIDPEROFFER1_202311010000.parquet/part.986.parquet
2025-03-19 18:59:30,202 - INFO - No duplicates found in s3://thesis--ec331-s3/FCAS_RAISE1SEC-Volume-Bids/PUBLIC_DVD_BIDPEROFFER1_202311010000.parquet/part.986.parquet
2025-03-19 18:59:30,203 - WARNING - Empty DataFrame will be written.
2025-03-19 18:59:30,262 - INFO - Wrote original 0 rows to s3://thesis--ec331-s3/de-duped-volume-bids/PUBLIC_DVD_BIDPEROFFER1_202311010000.parquet/part.985.parquet
2025-03-19 18:59:30,349 - INFO - Processing: s3://thesis--ec331-s3/FCAS_RAISE1SEC-Volume-Bids/PUBLIC_DVD_BIDPEROFFER1_202311010000.parquet/part.988.parquet
2025-03-19 18:59:30,353 - INFO - Target: s3://thesis--ec331-s3/de-duped-volume-bids/PUBLIC_DVD_BIDPEROFFER1_202311010000.parquet/part.988.parquet
2025-03-19 18:59:30,374 - INFO - Wrote original 0 rows to s3://thesis--ec331-s3/de-duped-volume-bids/PUBLIC_DVD_BIDPEROFFER1_202311010000.parquet/part.984.parquet
2025-03-19 18:59:30,468 - INFO - Processing: s3://thesis--ec331-s3/FCAS_RAISE1SEC-Volume-Bids/PUBLIC_DVD_BIDPEROFFER1_202311010000.parquet/part.989.parquet
2025-03-19 18:59:30,472 - INFO - Target: s3://thesis--ec331-s3/de-duped-volume-bids/PUBLIC_DVD_BIDPEROFFER1_202311010000.parquet/part.989.parquet
2025-03-19 18:59:30,481 - INFO - Read 0 rows from s3://thesis--ec331-s3/FCAS_RAISE1SEC-Volume-Bids/PUBLIC_DVD_BIDPEROFFER1_202311010000.parquet/part.987.parquet
2025-03-19 18:59:30,490 - INFO - No duplicates found in s3://thesis--ec331-s3/FCAS_RAISE1SEC-Volume-Bids/PUBLIC_DVD_BIDPEROFFER1_202311010000.parquet/part.987.parquet
2025-03-19 18:59:30,492 - WARNING - Empty DataFrame will be written.
2025-03-19 18:59:30,532 - INFO - Wrote original 0 rows to s3://thesis--ec331-s3/de-duped-volume-bids/PUBLIC_DVD_BIDPEROFFER1_202311010000.parquet/part.986.parquet
2025-03-19 18:59:30,626 - INFO - Processing: s3://thesis--ec331-s3/FCAS_RAISE1SEC-Volume-Bids/PUBLIC_DVD_BIDPEROFFER1_202311010000.parquet/part.99.parquet
2025-03-19 18:59:30,628 - INFO - Target: s3://thesis--ec331-s3/de-duped-volume-bids/PUBLIC_DVD_BIDPEROFFER1_202311010000.parquet/part.99.parquet
2025-03-19 18:59:30,705 - INFO - Read 0 rows from s3://thesis--ec331-s3/FCAS_RAISE1SEC-Volume-Bids/PUBLIC_DVD_BIDPEROFFER1_202311010000.parquet/part.988.parquet
2025-03-19 18:59:30,708 - INFO - No duplicates found in s3://thesis--ec331-s3/FCAS_RAISE1SEC-Volume-Bids/PUBLIC_DVD_BIDPEROFFER1_202311010000.parquet/part.988.parquet
2025-03-19 18:59:30,709 - WARNING - Empty DataFrame will be written.
2025-03-19 18:59:30,809 - INFO - Read 0 rows from s3://thesis--ec331-s3/FCAS_RAISE1SEC-Volume-Bids/PUBLIC_DVD_BIDPEROFFER1_202311010000.parquet/part.989.parquet
2025-03-19 18:59:30,812 - INFO - No duplicates found in s3://thesis--ec331-s3/FCAS_RAISE1SEC-Volume-Bids/PUBLIC_DVD_BIDPEROFFER1_202311010000.parquet/part.989.parquet
2025-03-19 18:59:30,813 - WARNING - Empty DataFrame will be written.
2025-03-19 18:59:30,836 - INFO - Wrote original 0 rows to s3://thesis--ec331-s3/de-duped-volume-bids/PUBLIC_DVD_BIDPEROFFER1_202311010000.parquet/part.987.parquet
2025-03-19 18:59:30,935 - INFO - Processing: s3://thesis--ec331-s3/FCAS_RAISE1SEC-Volume-Bids/PUBLIC_DVD_BIDPEROFFER1_202311010000.parquet/part.990.parquet
2025-03-19 18:59:30,944 - INFO - Target: s3://thesis--ec331-s3/de-duped-volume-bids/PUBLIC_DVD_BIDPEROFFER1_202311010000.parquet/part.990.parquet
2025-03-19 18:59:31,028 - INFO - Read 0 rows from s3://thesis--ec331-s3/FCAS_RAISE1SEC-Volume-Bids/PUBLIC_DVD_BIDPEROFFER1_202311010000.parquet/part.99.parquet
2025-03-19 18:59:31,031 - INFO - No duplicates found in s3://thesis--ec331-s3/FCAS_RAISE1SEC-Volume-Bids/PUBLIC_DVD_BIDPEROFFER1_202311010000.parquet/part.99.parquet
2025-03-19 18:59:31,032 - WARNING - Empty DataFrame will be written.
2025-03-19 18:59:31,076 - INFO - Wrote original 0 rows to s3://thesis--ec331-s3/de-duped-volume-bids/PUBLIC_DVD_BIDPEROFFER1_202311010000.parquet/part.988.parquet
2025-03-19 18:59:31,167 - INFO - Processing: s3://thesis--ec331-s3/FCAS_RAISE1SEC-Volume-Bids/PUBLIC_DVD_BIDPEROFFER1_202311010000.parquet/part.991.parquet
2025-03-19 18:59:31,169 - INFO - Target: s3://thesis--ec331-s3/de-duped-volume-bids/PUBLIC_DVD_BIDPEROFFER1_202311010000.parquet/part.991.parquet
2025-03-19 18:59:31,220 - INFO - Wrote original 0 rows to s3://thesis--ec331-s3/de-duped-volume-bids/PUBLIC_DVD_BIDPEROFFER1_202311010000.parquet/part.989.parquet
2025-03-19 18:59:31,314 - INFO - Processing: s3://thesis--ec331-s3/FCAS_RAISE1SEC-Volume-Bids/PUBLIC_DVD_BIDPEROFFER1_202311010000.parquet/part.992.parquet
2025-03-19 18:59:31,320 - INFO - Target: s3://thesis--ec331-s3/de-duped-volume-bids/PUBLIC_DVD_BIDPEROFFER1_202311010000.parquet/part.992.parquet
2025-03-19 18:59:31,362 - INFO - Read 0 rows from s3://thesis--ec331-s3/FCAS_RAISE1SEC-Volume-Bids/PUBLIC_DVD_BIDPEROFFER1_202311010000.parquet/part.990.parquet
2025-03-19 18:59:31,367 - INFO - No duplicates found in s3://thesis--ec331-s3/FCAS_RAISE1SEC-Volume-Bids/PUBLIC_DVD_BIDPEROFFER1_202311010000.parquet/part.990.parquet
2025-03-19 18:59:31,368 - WARNING - Empty DataFrame will be written.
2025-03-19 18:59:31,390 - INFO - Wrote original 0 rows to s3://thesis--ec331-s3/de-duped-volume-bids/PUBLIC_DVD_BIDPEROFFER1_202311010000.parquet/part.99.parquet
2025-03-19 18:59:31,485 - INFO - Processing: s3://thesis--ec331-s3/FCAS_RAISE1SEC-Volume-Bids/PUBLIC_DVD_BIDPEROFFER1_202311010000.parquet/part.993.parquet
2025-03-19 18:59:31,487 - INFO - Target: s3://thesis--ec331-s3/de-duped-volume-bids/PUBLIC_DVD_BIDPEROFFER1_202311010000.parquet/part.993.parquet
2025-03-19 18:59:31,626 - INFO - Read 0 rows from s3://thesis--ec331-s3/FCAS_RAISE1SEC-Volume-Bids/PUBLIC_DVD_BIDPEROFFER1_202311010000.parquet/part.991.parquet
2025-03-19 18:59:31,635 - INFO - No duplicates found in s3://thesis--ec331-s3/FCAS_RAISE1SEC-Volume-Bids/PUBLIC_DVD_BIDPEROFFER1_202311010000.parquet/part.991.parquet
2025-03-19 18:59:31,637 - WARNING - Empty DataFrame will be written.
2025-03-19 18:59:31,684 - INFO - Wrote original 0 rows to s3://thesis--ec331-s3/de-duped-volume-bids/PUBLIC_DVD_BIDPEROFFER1_202311010000.parquet/part.990.parquet
2025-03-19 18:59:31,774 - INFO - Processing: s3://thesis--ec331-s3/FCAS_RAISE1SEC-Volume-Bids/PUBLIC_DVD_BIDPEROFFER1_202311010000.parquet/part.994.parquet
2025-03-19 18:59:31,777 - INFO - Target: s3://thesis--ec331-s3/de-duped-volume-bids/PUBLIC_DVD_BIDPEROFFER1_202311010000.parquet/part.994.parquet
2025-03-19 18:59:31,947 - INFO - Wrote original 0 rows to s3://thesis--ec331-s3/de-duped-volume-bids/PUBLIC_DVD_BIDPEROFFER1_202311010000.parquet/part.991.parquet
2025-03-19 18:59:32,047 - INFO - Processing: s3://thesis--ec331-s3/FCAS_RAISE1SEC-Volume-Bids/PUBLIC_DVD_BIDPEROFFER1_202311010000.parquet/part.995.parquet
2025-03-19 18:59:32,061 - INFO - Target: s3://thesis--ec331-s3/de-duped-volume-bids/PUBLIC_DVD_BIDPEROFFER1_202311010000.parquet/part.995.parquet
2025-03-19 18:59:32,104 - INFO - Read 160,420 rows from s3://thesis--ec331-s3/FCAS_RAISE1SEC-Volume-Bids/PUBLIC_DVD_BIDPEROFFER1_202311010000.parquet/part.992.parquet
2025-03-19 18:59:32,193 - INFO - Found 160,418 rows (100.00%) with duplicate keys
2025-03-19 18:59:32,225 - INFO - Removed 159,824 duplicate rows
2025-03-19 18:59:32,700 - INFO - Wrote 596 rows to s3://thesis--ec331-s3/de-duped-volume-bids/PUBLIC_DVD_BIDPEROFFER1_202311010000.parquet/part.992.parquet
2025-03-19 18:59:32,932 - INFO - Processing: s3://thesis--ec331-s3/FCAS_RAISE1SEC-Volume-Bids/PUBLIC_DVD_BIDPEROFFER1_202311010000.parquet/part.996.parquet
2025-03-19 18:59:32,964 - INFO - Target: s3://thesis--ec331-s3/de-duped-volume-bids/PUBLIC_DVD_BIDPEROFFER1_202311010000.parquet/part.996.parquet
2025-03-19 18:59:33,452 - INFO - Read 497,208 rows from s3://thesis--ec331-s3/FCAS_RAISE1SEC-Volume-Bids/PUBLIC_DVD_BIDPEROFFER1_202311010000.parquet/part.993.parquet
2025-03-19 18:59:33,457 - INFO - Read 112,955 rows from s3://thesis--ec331-s3/FCAS_RAISE1SEC-Volume-Bids/PUBLIC_DVD_BIDPEROFFER1_202311010000.parquet/part.995.parquet
2025-03-19 18:59:33,588 - INFO - Read 0 rows from s3://thesis--ec331-s3/FCAS_RAISE1SEC-Volume-Bids/PUBLIC_DVD_BIDPEROFFER1_202311010000.parquet/part.996.parquet
2025-03-19 18:59:33,598 - INFO - No duplicates found in s3://thesis--ec331-s3/FCAS_RAISE1SEC-Volume-Bids/PUBLIC_DVD_BIDPEROFFER1_202311010000.parquet/part.996.parquet
2025-03-19 18:59:33,608 - INFO - Read 498,057 rows from s3://thesis--ec331-s3/FCAS_RAISE1SEC-Volume-Bids/PUBLIC_DVD_BIDPEROFFER1_202311010000.parquet/part.994.parquet
2025-03-19 18:59:33,630 - WARNING - Empty DataFrame will be written.
2025-03-19 18:59:33,867 - INFO - Found 112,955 rows (100.00%) with duplicate keys
2025-03-19 18:59:33,982 - INFO - Removed 112,379 duplicate rows
2025-03-19 18:59:34,026 - INFO - Found 497,208 rows (100.00%) with duplicate keys
2025-03-19 18:59:34,104 - INFO - Found 498,057 rows (100.00%) with duplicate keys
2025-03-19 18:59:34,149 - INFO - Wrote original 0 rows to s3://thesis--ec331-s3/de-duped-volume-bids/PUBLIC_DVD_BIDPEROFFER1_202311010000.parquet/part.996.parquet
2025-03-19 18:59:34,258 - INFO - Processing: s3://thesis--ec331-s3/FCAS_RAISE1SEC-Volume-Bids/PUBLIC_DVD_BIDPEROFFER1_202311010000.parquet/part.997.parquet
2025-03-19 18:59:34,259 - INFO - Target: s3://thesis--ec331-s3/de-duped-volume-bids/PUBLIC_DVD_BIDPEROFFER1_202311010000.parquet/part.997.parquet
2025-03-19 18:59:34,295 - INFO - Removed 495,211 duplicate rows
2025-03-19 18:59:34,339 - INFO - Wrote 576 rows to s3://thesis--ec331-s3/de-duped-volume-bids/PUBLIC_DVD_BIDPEROFFER1_202311010000.parquet/part.995.parquet
2025-03-19 18:59:34,541 - INFO - Processing: s3://thesis--ec331-s3/FCAS_RAISE1SEC-Volume-Bids/PUBLIC_DVD_BIDPEROFFER1_202311010000.parquet/part.998.parquet
2025-03-19 18:59:34,548 - INFO - Target: s3://thesis--ec331-s3/de-duped-volume-bids/PUBLIC_DVD_BIDPEROFFER1_202311010000.parquet/part.998.parquet
2025-03-19 18:59:34,553 - INFO - Removed 496,041 duplicate rows
2025-03-19 18:59:34,713 - INFO - Wrote 1,997 rows to s3://thesis--ec331-s3/de-duped-volume-bids/PUBLIC_DVD_BIDPEROFFER1_202311010000.parquet/part.993.parquet
2025-03-19 18:59:34,957 - INFO - Processing: s3://thesis--ec331-s3/FCAS_RAISE1SEC-Volume-Bids/PUBLIC_DVD_BIDPEROFFER1_202311010000.parquet/part.999.parquet
2025-03-19 18:59:34,959 - INFO - Target: s3://thesis--ec331-s3/de-duped-volume-bids/PUBLIC_DVD_BIDPEROFFER1_202311010000.parquet/part.999.parquet
2025-03-19 18:59:34,981 - INFO - Read 0 rows from s3://thesis--ec331-s3/FCAS_RAISE1SEC-Volume-Bids/PUBLIC_DVD_BIDPEROFFER1_202311010000.parquet/part.997.parquet
2025-03-19 18:59:34,984 - INFO - No duplicates found in s3://thesis--ec331-s3/FCAS_RAISE1SEC-Volume-Bids/PUBLIC_DVD_BIDPEROFFER1_202311010000.parquet/part.997.parquet
2025-03-19 18:59:34,991 - WARNING - Empty DataFrame will be written.
2025-03-19 18:59:35,029 - INFO - Wrote 2,016 rows to s3://thesis--ec331-s3/de-duped-volume-bids/PUBLIC_DVD_BIDPEROFFER1_202311010000.parquet/part.994.parquet
2025-03-19 18:59:35,290 - INFO - Read 0 rows from s3://thesis--ec331-s3/FCAS_RAISE1SEC-Volume-Bids/PUBLIC_DVD_BIDPEROFFER1_202311010000.parquet/part.998.parquet
2025-03-19 18:59:35,293 - INFO - No duplicates found in s3://thesis--ec331-s3/FCAS_RAISE1SEC-Volume-Bids/PUBLIC_DVD_BIDPEROFFER1_202311010000.parquet/part.998.parquet
2025-03-19 18:59:35,294 - WARNING - Empty DataFrame will be written.
2025-03-19 18:59:35,454 - INFO - Read 0 rows from s3://thesis--ec331-s3/FCAS_RAISE1SEC-Volume-Bids/PUBLIC_DVD_BIDPEROFFER1_202311010000.parquet/part.999.parquet
2025-03-19 18:59:35,457 - INFO - Wrote original 0 rows to s3://thesis--ec331-s3/de-duped-volume-bids/PUBLIC_DVD_BIDPEROFFER1_202311010000.parquet/part.997.parquet
2025-03-19 18:59:35,460 - INFO - No duplicates found in s3://thesis--ec331-s3/FCAS_RAISE1SEC-Volume-Bids/PUBLIC_DVD_BIDPEROFFER1_202311010000.parquet/part.999.parquet
2025-03-19 18:59:35,550 - WARNING - Empty DataFrame will be written.
2025-03-19 18:59:35,603 - INFO - Wrote original 0 rows to s3://thesis--ec331-s3/de-duped-volume-bids/PUBLIC_DVD_BIDPEROFFER1_202311010000.parquet/part.998.parquet
2025-03-19 18:59:35,827 - INFO - Wrote original 0 rows to s3://thesis--ec331-s3/de-duped-volume-bids/PUBLIC_DVD_BIDPEROFFER1_202311010000.parquet/part.999.parquet
