2025-04-04 09:26:34,871 - INFO - 🚀 Starting batch merge process for price and volume bids
2025-04-04 09:26:34,892 - INFO - Found credentials from IAM Role: thesis
2025-04-04 09:26:35,178 - INFO - Found credentials from IAM Role: thesis
2025-04-04 09:26:35,468 - INFO - Found 7 price folders in source.
2025-04-04 09:26:35,469 - INFO - Found 15 volume folders in source.
2025-04-04 09:26:35,487 - INFO - Found credentials from IAM Role: thesis
2025-04-04 09:26:35,752 - INFO - Found 8 merged folders in output.
2025-04-04 09:26:35,753 - INFO - 7 price folders remain to be processed.
2025-04-04 09:26:35,754 - INFO - Processing price folder: RAISE1SEC_PUBLIC_ARCHIVE#BIDDAYOFFER#FILE01#202408010000.parquet
2025-04-04 09:26:35,755 - INFO - Found 1 volume folder(s) matching date 202408010000: ['RAISE1SEC_PUBLIC_ARCHIVE#BIDPEROFFER_D#FILE01#202408010000.parquet']
2025-04-04 09:26:35,772 - INFO - Found credentials from IAM Role: thesis
2025-04-04 09:26:36,064 - INFO - Found credentials from IAM Role: thesis
2025-04-04 09:26:36,490 - INFO - Loaded price data from s3://thesis--ec331-s3/melted-price-bids/RAISE1SEC_PUBLIC_ARCHIVE#BIDDAYOFFER#FILE01#202408010000.parquet/: 15,360 rows
2025-04-04 09:26:36,508 - INFO - Found credentials from IAM Role: thesis
2025-04-04 09:26:36,806 - INFO - Found credentials from IAM Role: thesis
2025-04-04 09:29:06,014 - INFO - Found credentials from IAM Role: thesis
2025-04-04 09:43:57,437 - INFO - 🚀 Starting batch merge process for price and volume bids
2025-04-04 09:43:57,456 - INFO - Found credentials from IAM Role: thesis
2025-04-04 09:43:57,751 - INFO - Found credentials from IAM Role: thesis
2025-04-04 09:43:58,041 - INFO - Found 7 price folders in source.
2025-04-04 09:43:58,042 - INFO - Found 15 volume folders in source.
2025-04-04 09:43:58,060 - INFO - Found credentials from IAM Role: thesis
2025-04-04 09:43:58,326 - INFO - Found 0 merged folders in output.
2025-04-04 09:43:58,327 - INFO - 7 price folders remain to be processed.
2025-04-04 09:43:58,327 - INFO - Processing price folder: RAISE1SEC_PUBLIC_ARCHIVE#BIDDAYOFFER#FILE01#202408010000.parquet
2025-04-04 09:43:58,328 - INFO - Found 1 volume folder(s) matching date 202408010000: ['RAISE1SEC_PUBLIC_ARCHIVE#BIDPEROFFER_D#FILE01#202408010000.parquet']
2025-04-04 09:43:58,347 - INFO - Found credentials from IAM Role: thesis
2025-04-04 09:43:58,618 - INFO - Found credentials from IAM Role: thesis
2025-04-04 09:43:59,041 - INFO - Loaded price data from s3://thesis--ec331-s3/melted-price-bids/RAISE1SEC_PUBLIC_ARCHIVE#BIDDAYOFFER#FILE01#202408010000.parquet/: 15,360 rows
2025-04-04 09:43:59,059 - INFO - Found credentials from IAM Role: thesis
2025-04-04 09:43:59,346 - INFO - Found credentials from IAM Role: thesis
2025-04-04 09:44:00,128 - INFO - Loaded volume data from s3://thesis--ec331-s3/melted-volume-bids/RAISE1SEC_PUBLIC_ARCHIVE#BIDPEROFFER_D#FILE01#202408010000.parquet/: 759,789 rows
2025-04-04 09:44:01,827 - INFO - Merged data has 7,577,289 rows
2025-04-04 09:44:01,828 - INFO - Writing merged data to s3://thesis--ec331-s3/merged-price-volume-bids/RAISE1SEC_PUBLIC_ARCHIVE#BIDDAYOFFER#FILE01#202408010000.parquet/
2025-04-04 09:44:01,829 - INFO - DRY RUN: Would write merged data to s3://thesis--ec331-s3/merged-price-volume-bids/RAISE1SEC_PUBLIC_ARCHIVE#BIDDAYOFFER#FILE01#202408010000.parquet/
2025-04-04 09:44:02,131 - INFO - Processing price folder: RAISE1SEC_PUBLIC_DVD_BIDDAYOFFER_202310010000.parquet
2025-04-04 09:44:02,132 - INFO - Found 3 volume folder(s) matching date 202310010000: ['RAISE1SEC_PUBLIC_DVD_BIDPEROFFER1_202310010000.parquet', 'RAISE1SEC_PUBLIC_DVD_BIDPEROFFER2_202310010000_capped', 'RAISE1SEC_PUBLIC_DVD_BIDPEROFFER2_202310010000.parquet']
2025-04-04 09:44:02,150 - INFO - Found credentials from IAM Role: thesis
2025-04-04 09:44:02,430 - INFO - Found credentials from IAM Role: thesis
2025-04-04 09:44:02,812 - INFO - Loaded price data from s3://thesis--ec331-s3/melted-price-bids/RAISE1SEC_PUBLIC_DVD_BIDDAYOFFER_202310010000.parquet/: 4,350 rows
2025-04-04 09:44:02,831 - INFO - Found credentials from IAM Role: thesis
2025-04-04 09:44:03,112 - INFO - Found credentials from IAM Role: thesis
2025-04-04 09:44:03,502 - INFO - Loaded volume data from s3://thesis--ec331-s3/melted-volume-bids/RAISE1SEC_PUBLIC_DVD_BIDPEROFFER1_202310010000.parquet/: 77,365 rows
2025-04-04 09:44:03,538 - INFO - Found credentials from IAM Role: thesis
2025-04-04 09:44:03,803 - INFO - Found credentials from IAM Role: thesis
2025-04-04 09:44:04,207 - INFO - Loaded volume data from s3://thesis--ec331-s3/melted-volume-bids/RAISE1SEC_PUBLIC_DVD_BIDPEROFFER2_202310010000_capped/: 77,365 rows
2025-04-04 09:44:04,225 - INFO - Found credentials from IAM Role: thesis
2025-04-04 09:44:04,507 - INFO - Found credentials from IAM Role: thesis
2025-04-04 09:44:04,926 - INFO - Loaded volume data from s3://thesis--ec331-s3/melted-volume-bids/RAISE1SEC_PUBLIC_DVD_BIDPEROFFER2_202310010000.parquet/: 203,875 rows
2025-04-04 09:44:05,421 - INFO - Merged data has 3,586,050 rows
2025-04-04 09:44:05,422 - INFO - Writing merged data to s3://thesis--ec331-s3/merged-price-volume-bids/RAISE1SEC_PUBLIC_DVD_BIDDAYOFFER_202310010000.parquet/
2025-04-04 09:44:05,422 - INFO - DRY RUN: Would write merged data to s3://thesis--ec331-s3/merged-price-volume-bids/RAISE1SEC_PUBLIC_DVD_BIDDAYOFFER_202310010000.parquet/
2025-04-04 09:44:05,792 - INFO - Processing price folder: RAISE1SEC_PUBLIC_DVD_BIDDAYOFFER_202311010000.parquet
2025-04-04 09:44:05,793 - INFO - Found 2 volume folder(s) matching date 202311010000: ['RAISE1SEC_PUBLIC_DVD_BIDPEROFFER2_202311010000.parquet', 'RAISE1SEC_PUBLIC_DVD_BIDPEROFFER1_202311010000.parquet']
2025-04-04 09:44:05,811 - INFO - Found credentials from IAM Role: thesis
2025-04-04 09:44:06,095 - INFO - Found credentials from IAM Role: thesis
2025-04-04 09:44:06,479 - INFO - Loaded price data from s3://thesis--ec331-s3/melted-price-bids/RAISE1SEC_PUBLIC_DVD_BIDDAYOFFER_202311010000.parquet/: 6,260 rows
2025-04-04 09:44:06,497 - INFO - Found credentials from IAM Role: thesis
2025-04-04 09:44:06,791 - INFO - Found credentials from IAM Role: thesis
2025-04-04 09:44:07,281 - INFO - Loaded volume data from s3://thesis--ec331-s3/melted-volume-bids/RAISE1SEC_PUBLIC_DVD_BIDPEROFFER2_202311010000.parquet/: 259,862 rows
2025-04-04 09:44:07,317 - INFO - Found credentials from IAM Role: thesis
2025-04-04 09:44:07,625 - INFO - Found credentials from IAM Role: thesis
2025-04-04 09:44:08,073 - INFO - Loaded volume data from s3://thesis--ec331-s3/melted-volume-bids/RAISE1SEC_PUBLIC_DVD_BIDPEROFFER1_202311010000.parquet/: 222,632 rows
2025-04-04 09:44:08,792 - INFO - Merged data has 4,824,940 rows
2025-04-04 09:44:08,793 - INFO - Writing merged data to s3://thesis--ec331-s3/merged-price-volume-bids/RAISE1SEC_PUBLIC_DVD_BIDDAYOFFER_202311010000.parquet/
2025-04-04 09:44:08,793 - INFO - DRY RUN: Would write merged data to s3://thesis--ec331-s3/merged-price-volume-bids/RAISE1SEC_PUBLIC_DVD_BIDDAYOFFER_202311010000.parquet/
2025-04-04 09:44:09,105 - INFO - Processing price folder: RAISE1SEC_PUBLIC_DVD_BIDDAYOFFER_202312010000.parquet
2025-04-04 09:44:09,106 - INFO - Found 2 volume folder(s) matching date 202312010000: ['RAISE1SEC_PUBLIC_DVD_BIDPEROFFER2_202312010000-1.parquet', 'RAISE1SEC_PUBLIC_DVD_BIDPEROFFER1_202312010000.parquet']
2025-04-04 09:44:09,124 - INFO - Found credentials from IAM Role: thesis
2025-04-04 09:44:09,400 - INFO - Found credentials from IAM Role: thesis
2025-04-04 09:44:09,810 - INFO - Loaded price data from s3://thesis--ec331-s3/melted-price-bids/RAISE1SEC_PUBLIC_DVD_BIDDAYOFFER_202312010000.parquet/: 7,330 rows
2025-04-04 09:44:09,829 - INFO - Found credentials from IAM Role: thesis
2025-04-04 09:44:10,116 - INFO - Found credentials from IAM Role: thesis
2025-04-04 09:44:10,609 - INFO - Loaded volume data from s3://thesis--ec331-s3/melted-volume-bids/RAISE1SEC_PUBLIC_DVD_BIDPEROFFER2_202312010000-1.parquet/: 269,312 rows
2025-04-04 09:44:10,644 - INFO - Found credentials from IAM Role: thesis
2025-04-04 09:44:10,916 - INFO - Found credentials from IAM Role: thesis
2025-04-04 09:44:11,415 - INFO - Loaded volume data from s3://thesis--ec331-s3/melted-volume-bids/RAISE1SEC_PUBLIC_DVD_BIDPEROFFER1_202312010000.parquet/: 265,055 rows
2025-04-04 09:44:12,585 - INFO - Merged data has 5,343,670 rows
2025-04-04 09:44:12,586 - INFO - Writing merged data to s3://thesis--ec331-s3/merged-price-volume-bids/RAISE1SEC_PUBLIC_DVD_BIDDAYOFFER_202312010000.parquet/
2025-04-04 09:44:12,587 - INFO - DRY RUN: Would write merged data to s3://thesis--ec331-s3/merged-price-volume-bids/RAISE1SEC_PUBLIC_DVD_BIDDAYOFFER_202312010000.parquet/
2025-04-04 09:44:12,903 - INFO - Processing price folder: RAISE1SEC_PUBLIC_DVD_BIDDAYOFFER_202401010000.parquet
2025-04-04 09:44:12,904 - INFO - Found 2 volume folder(s) matching date 202401010000: ['RAISE1SEC_PUBLIC_DVD_BIDPEROFFER2_202401010000.parquet', 'RAISE1SEC_PUBLIC_DVD_BIDPEROFFER1_202401010000.parquet']
2025-04-04 09:44:12,921 - INFO - Found credentials from IAM Role: thesis
2025-04-04 09:44:13,196 - INFO - Found credentials from IAM Role: thesis
2025-04-04 09:44:13,582 - INFO - Loaded price data from s3://thesis--ec331-s3/melted-price-bids/RAISE1SEC_PUBLIC_DVD_BIDDAYOFFER_202401010000.parquet/: 7,750 rows
2025-04-04 09:44:13,600 - INFO - Found credentials from IAM Role: thesis
2025-04-04 09:44:13,884 - INFO - Found credentials from IAM Role: thesis
2025-04-04 09:44:14,337 - INFO - Loaded volume data from s3://thesis--ec331-s3/melted-volume-bids/RAISE1SEC_PUBLIC_DVD_BIDPEROFFER2_202401010000.parquet/: 251,125 rows
2025-04-04 09:44:14,373 - INFO - Found credentials from IAM Role: thesis
2025-04-04 09:44:14,638 - INFO - Found credentials from IAM Role: thesis
2025-04-04 09:44:15,097 - INFO - Loaded volume data from s3://thesis--ec331-s3/melted-volume-bids/RAISE1SEC_PUBLIC_DVD_BIDPEROFFER1_202401010000.parquet/: 245,990 rows
2025-04-04 09:44:15,848 - INFO - Merged data has 4,971,150 rows
2025-04-04 09:44:15,849 - INFO - Writing merged data to s3://thesis--ec331-s3/merged-price-volume-bids/RAISE1SEC_PUBLIC_DVD_BIDDAYOFFER_202401010000.parquet/
2025-04-04 09:44:15,850 - INFO - DRY RUN: Would write merged data to s3://thesis--ec331-s3/merged-price-volume-bids/RAISE1SEC_PUBLIC_DVD_BIDDAYOFFER_202401010000.parquet/
2025-04-04 09:44:16,166 - INFO - Processing price folder: RAISE1SEC_PUBLIC_DVD_BIDDAYOFFER_202402010000.parquet
2025-04-04 09:44:16,167 - INFO - Found 2 volume folder(s) matching date 202402010000: ['RAISE1SEC_PUBLIC_DVD_BIDPEROFFER2_202402010000.parquet', 'RAISE1SEC_PUBLIC_DVD_BIDPEROFFER1_202402010000.parquet']
2025-04-04 09:44:16,184 - INFO - Found credentials from IAM Role: thesis
2025-04-04 09:44:16,453 - INFO - Found credentials from IAM Role: thesis
2025-04-04 09:44:16,826 - INFO - Loaded price data from s3://thesis--ec331-s3/melted-price-bids/RAISE1SEC_PUBLIC_DVD_BIDDAYOFFER_202402010000.parquet/: 7,700 rows
2025-04-04 09:44:16,846 - INFO - Found credentials from IAM Role: thesis
2025-04-04 09:44:17,127 - INFO - Found credentials from IAM Role: thesis
2025-04-04 09:44:17,620 - INFO - Loaded volume data from s3://thesis--ec331-s3/melted-volume-bids/RAISE1SEC_PUBLIC_DVD_BIDPEROFFER2_202402010000.parquet/: 242,417 rows
2025-04-04 09:44:17,656 - INFO - Found credentials from IAM Role: thesis
2025-04-04 09:44:17,933 - INFO - Found credentials from IAM Role: thesis
2025-04-04 09:44:18,447 - INFO - Loaded volume data from s3://thesis--ec331-s3/melted-volume-bids/RAISE1SEC_PUBLIC_DVD_BIDPEROFFER1_202402010000.parquet/: 256,850 rows
2025-04-04 09:44:19,184 - INFO - Merged data has 4,992,670 rows
2025-04-04 09:44:19,185 - INFO - Writing merged data to s3://thesis--ec331-s3/merged-price-volume-bids/RAISE1SEC_PUBLIC_DVD_BIDDAYOFFER_202402010000.parquet/
2025-04-04 09:44:19,186 - INFO - DRY RUN: Would write merged data to s3://thesis--ec331-s3/merged-price-volume-bids/RAISE1SEC_PUBLIC_DVD_BIDDAYOFFER_202402010000.parquet/
2025-04-04 09:44:19,503 - INFO - Processing price folder: RAISE1SEC_PUBLIC_DVD_BIDDAYOFFER_202405010000.parquet
2025-04-04 09:44:19,504 - INFO - Found 1 volume folder(s) matching date 202405010000: ['RAISE1SEC_PUBLIC_DVD_BIDPEROFFER1_202405010000.parquet']
2025-04-04 09:44:19,521 - INFO - Found credentials from IAM Role: thesis
2025-04-04 09:44:19,795 - INFO - Found credentials from IAM Role: thesis
2025-04-04 09:44:20,209 - INFO - Loaded price data from s3://thesis--ec331-s3/melted-price-bids/RAISE1SEC_PUBLIC_DVD_BIDDAYOFFER_202405010000.parquet/: 11,630 rows
2025-04-04 09:44:20,228 - INFO - Found credentials from IAM Role: thesis
2025-04-04 09:44:20,505 - INFO - Found credentials from IAM Role: thesis
2025-04-04 09:44:21,012 - INFO - Loaded volume data from s3://thesis--ec331-s3/melted-volume-bids/RAISE1SEC_PUBLIC_DVD_BIDPEROFFER1_202405010000.parquet/: 328,995 rows
2025-04-04 09:44:21,709 - INFO - Merged data has 3,289,950 rows
2025-04-04 09:44:21,710 - INFO - Writing merged data to s3://thesis--ec331-s3/merged-price-volume-bids/RAISE1SEC_PUBLIC_DVD_BIDDAYOFFER_202405010000.parquet/
2025-04-04 09:44:21,710 - INFO - DRY RUN: Would write merged data to s3://thesis--ec331-s3/merged-price-volume-bids/RAISE1SEC_PUBLIC_DVD_BIDDAYOFFER_202405010000.parquet/
2025-04-04 09:44:21,991 - INFO - 🏁 Finished batch merge process for price and volume bids.
2025-04-04 09:45:48,387 - INFO - 🚀 Starting batch merge process for price and volume bids
2025-04-04 09:45:48,405 - INFO - Found credentials from IAM Role: thesis
2025-04-04 09:45:48,681 - INFO - Found credentials from IAM Role: thesis
2025-04-04 09:45:48,966 - INFO - Found 7 price folders in source.
2025-04-04 09:45:48,967 - INFO - Found 15 volume folders in source.
2025-04-04 09:45:48,985 - INFO - Found credentials from IAM Role: thesis
2025-04-04 09:45:49,233 - INFO - Found 0 merged folders in output.
2025-04-04 09:45:49,234 - INFO - 7 price folders remain to be processed.
2025-04-04 09:45:49,235 - INFO - Processing price folder: RAISE1SEC_PUBLIC_ARCHIVE#BIDDAYOFFER#FILE01#202408010000.parquet
2025-04-04 09:45:49,236 - INFO - Found 1 volume folder(s) matching date 202408010000: ['RAISE1SEC_PUBLIC_ARCHIVE#BIDPEROFFER_D#FILE01#202408010000.parquet']
2025-04-04 09:45:49,254 - INFO - Found credentials from IAM Role: thesis
2025-04-04 09:45:49,562 - INFO - Found credentials from IAM Role: thesis
2025-04-04 09:45:49,951 - INFO - Loaded price data from s3://thesis--ec331-s3/melted-price-bids/RAISE1SEC_PUBLIC_ARCHIVE#BIDDAYOFFER#FILE01#202408010000.parquet/: 15,360 rows
2025-04-04 09:45:49,969 - INFO - Found credentials from IAM Role: thesis
2025-04-04 09:45:50,233 - INFO - Found credentials from IAM Role: thesis
2025-04-04 09:45:51,018 - INFO - Loaded volume data from s3://thesis--ec331-s3/melted-volume-bids/RAISE1SEC_PUBLIC_ARCHIVE#BIDPEROFFER_D#FILE01#202408010000.parquet/: 759,789 rows
2025-04-04 09:45:52,666 - INFO - Merged data has 7,577,289 rows
2025-04-04 09:45:52,667 - INFO - Writing merged data to s3://thesis--ec331-s3/merged-price-volume-bids/RAISE1SEC_PUBLIC_ARCHIVE#BIDDAYOFFER#FILE01#202408010000.parquet/
2025-04-04 09:45:52,686 - INFO - Found credentials from IAM Role: thesis
2025-04-04 09:45:52,870 - INFO - Found credentials from IAM Role: thesis
2025-04-04 09:45:59,111 - INFO - ✓ Merged data written to s3://thesis--ec331-s3/merged-price-volume-bids/RAISE1SEC_PUBLIC_ARCHIVE#BIDDAYOFFER#FILE01#202408010000.parquet/
2025-04-04 09:45:59,522 - INFO - Processing price folder: RAISE1SEC_PUBLIC_DVD_BIDDAYOFFER_202310010000.parquet
2025-04-04 09:45:59,523 - INFO - Found 3 volume folder(s) matching date 202310010000: ['RAISE1SEC_PUBLIC_DVD_BIDPEROFFER1_202310010000.parquet', 'RAISE1SEC_PUBLIC_DVD_BIDPEROFFER2_202310010000_capped', 'RAISE1SEC_PUBLIC_DVD_BIDPEROFFER2_202310010000.parquet']
2025-04-04 09:45:59,541 - INFO - Found credentials from IAM Role: thesis
2025-04-04 09:45:59,810 - INFO - Found credentials from IAM Role: thesis
2025-04-04 09:46:00,200 - INFO - Loaded price data from s3://thesis--ec331-s3/melted-price-bids/RAISE1SEC_PUBLIC_DVD_BIDDAYOFFER_202310010000.parquet/: 4,350 rows
2025-04-04 09:46:00,218 - INFO - Found credentials from IAM Role: thesis
2025-04-04 09:46:00,503 - INFO - Found credentials from IAM Role: thesis
2025-04-04 09:46:00,878 - INFO - Loaded volume data from s3://thesis--ec331-s3/melted-volume-bids/RAISE1SEC_PUBLIC_DVD_BIDPEROFFER1_202310010000.parquet/: 77,365 rows
2025-04-04 09:46:00,918 - INFO - Found credentials from IAM Role: thesis
2025-04-04 09:46:01,191 - INFO - Found credentials from IAM Role: thesis
2025-04-04 09:46:01,575 - INFO - Loaded volume data from s3://thesis--ec331-s3/melted-volume-bids/RAISE1SEC_PUBLIC_DVD_BIDPEROFFER2_202310010000_capped/: 77,365 rows
2025-04-04 09:46:01,593 - INFO - Found credentials from IAM Role: thesis
2025-04-04 09:46:01,891 - INFO - Found credentials from IAM Role: thesis
2025-04-04 09:46:02,297 - INFO - Loaded volume data from s3://thesis--ec331-s3/melted-volume-bids/RAISE1SEC_PUBLIC_DVD_BIDPEROFFER2_202310010000.parquet/: 203,875 rows
2025-04-04 09:46:02,803 - INFO - Merged data has 3,586,050 rows
2025-04-04 09:46:02,804 - INFO - Writing merged data to s3://thesis--ec331-s3/merged-price-volume-bids/RAISE1SEC_PUBLIC_DVD_BIDDAYOFFER_202310010000.parquet/
2025-04-04 09:46:02,822 - INFO - Found credentials from IAM Role: thesis
2025-04-04 09:46:03,341 - INFO - Found credentials from IAM Role: thesis
2025-04-04 09:46:06,186 - INFO - ✓ Merged data written to s3://thesis--ec331-s3/merged-price-volume-bids/RAISE1SEC_PUBLIC_DVD_BIDDAYOFFER_202310010000.parquet/
2025-04-04 09:46:06,595 - INFO - Processing price folder: RAISE1SEC_PUBLIC_DVD_BIDDAYOFFER_202311010000.parquet
2025-04-04 09:46:06,596 - INFO - Found 2 volume folder(s) matching date 202311010000: ['RAISE1SEC_PUBLIC_DVD_BIDPEROFFER2_202311010000.parquet', 'RAISE1SEC_PUBLIC_DVD_BIDPEROFFER1_202311010000.parquet']
2025-04-04 09:46:06,614 - INFO - Found credentials from IAM Role: thesis
2025-04-04 09:46:06,886 - INFO - Found credentials from IAM Role: thesis
2025-04-04 09:46:07,260 - INFO - Loaded price data from s3://thesis--ec331-s3/melted-price-bids/RAISE1SEC_PUBLIC_DVD_BIDDAYOFFER_202311010000.parquet/: 6,260 rows
2025-04-04 09:46:07,278 - INFO - Found credentials from IAM Role: thesis
2025-04-04 09:46:07,575 - INFO - Found credentials from IAM Role: thesis
2025-04-04 09:46:08,051 - INFO - Loaded volume data from s3://thesis--ec331-s3/melted-volume-bids/RAISE1SEC_PUBLIC_DVD_BIDPEROFFER2_202311010000.parquet/: 259,862 rows
2025-04-04 09:46:08,088 - INFO - Found credentials from IAM Role: thesis
2025-04-04 09:46:08,364 - INFO - Found credentials from IAM Role: thesis
2025-04-04 09:46:08,853 - INFO - Loaded volume data from s3://thesis--ec331-s3/melted-volume-bids/RAISE1SEC_PUBLIC_DVD_BIDPEROFFER1_202311010000.parquet/: 222,632 rows
2025-04-04 09:46:09,581 - INFO - Merged data has 4,824,940 rows
2025-04-04 09:46:09,581 - INFO - Writing merged data to s3://thesis--ec331-s3/merged-price-volume-bids/RAISE1SEC_PUBLIC_DVD_BIDDAYOFFER_202311010000.parquet/
2025-04-04 09:46:09,600 - INFO - Found credentials from IAM Role: thesis
2025-04-04 09:46:10,229 - INFO - Found credentials from IAM Role: thesis
2025-04-04 09:46:14,029 - INFO - ✓ Merged data written to s3://thesis--ec331-s3/merged-price-volume-bids/RAISE1SEC_PUBLIC_DVD_BIDDAYOFFER_202311010000.parquet/
2025-04-04 09:46:14,409 - INFO - Processing price folder: RAISE1SEC_PUBLIC_DVD_BIDDAYOFFER_202312010000.parquet
2025-04-04 09:46:14,410 - INFO - Found 2 volume folder(s) matching date 202312010000: ['RAISE1SEC_PUBLIC_DVD_BIDPEROFFER2_202312010000-1.parquet', 'RAISE1SEC_PUBLIC_DVD_BIDPEROFFER1_202312010000.parquet']
2025-04-04 09:46:14,428 - INFO - Found credentials from IAM Role: thesis
2025-04-04 09:46:14,700 - INFO - Found credentials from IAM Role: thesis
2025-04-04 09:46:15,098 - INFO - Loaded price data from s3://thesis--ec331-s3/melted-price-bids/RAISE1SEC_PUBLIC_DVD_BIDDAYOFFER_202312010000.parquet/: 7,330 rows
2025-04-04 09:46:15,116 - INFO - Found credentials from IAM Role: thesis
2025-04-04 09:46:15,397 - INFO - Found credentials from IAM Role: thesis
2025-04-04 09:46:15,887 - INFO - Loaded volume data from s3://thesis--ec331-s3/melted-volume-bids/RAISE1SEC_PUBLIC_DVD_BIDPEROFFER2_202312010000-1.parquet/: 269,312 rows
2025-04-04 09:46:15,925 - INFO - Found credentials from IAM Role: thesis
2025-04-04 09:46:16,194 - INFO - Found credentials from IAM Role: thesis
2025-04-04 09:46:16,710 - INFO - Loaded volume data from s3://thesis--ec331-s3/melted-volume-bids/RAISE1SEC_PUBLIC_DVD_BIDPEROFFER1_202312010000.parquet/: 265,055 rows
2025-04-04 09:46:17,891 - INFO - Merged data has 5,343,670 rows
2025-04-04 09:46:17,892 - INFO - Writing merged data to s3://thesis--ec331-s3/merged-price-volume-bids/RAISE1SEC_PUBLIC_DVD_BIDDAYOFFER_202312010000.parquet/
2025-04-04 09:46:17,910 - INFO - Found credentials from IAM Role: thesis
2025-04-04 09:46:18,067 - INFO - Found credentials from IAM Role: thesis
2025-04-04 09:46:22,706 - INFO - ✓ Merged data written to s3://thesis--ec331-s3/merged-price-volume-bids/RAISE1SEC_PUBLIC_DVD_BIDDAYOFFER_202312010000.parquet/
2025-04-04 09:46:23,085 - INFO - Processing price folder: RAISE1SEC_PUBLIC_DVD_BIDDAYOFFER_202401010000.parquet
2025-04-04 09:46:23,086 - INFO - Found 2 volume folder(s) matching date 202401010000: ['RAISE1SEC_PUBLIC_DVD_BIDPEROFFER2_202401010000.parquet', 'RAISE1SEC_PUBLIC_DVD_BIDPEROFFER1_202401010000.parquet']
2025-04-04 09:46:23,104 - INFO - Found credentials from IAM Role: thesis
2025-04-04 09:46:23,358 - INFO - Found credentials from IAM Role: thesis
2025-04-04 09:46:23,739 - INFO - Loaded price data from s3://thesis--ec331-s3/melted-price-bids/RAISE1SEC_PUBLIC_DVD_BIDDAYOFFER_202401010000.parquet/: 7,750 rows
2025-04-04 09:46:23,757 - INFO - Found credentials from IAM Role: thesis
2025-04-04 09:46:24,069 - INFO - Found credentials from IAM Role: thesis
2025-04-04 09:46:24,525 - INFO - Loaded volume data from s3://thesis--ec331-s3/melted-volume-bids/RAISE1SEC_PUBLIC_DVD_BIDPEROFFER2_202401010000.parquet/: 251,125 rows
2025-04-04 09:46:24,564 - INFO - Found credentials from IAM Role: thesis
2025-04-04 09:46:24,837 - INFO - Found credentials from IAM Role: thesis
2025-04-04 09:46:25,297 - INFO - Loaded volume data from s3://thesis--ec331-s3/melted-volume-bids/RAISE1SEC_PUBLIC_DVD_BIDPEROFFER1_202401010000.parquet/: 245,990 rows
2025-04-04 09:46:26,052 - INFO - Merged data has 4,971,150 rows
2025-04-04 09:46:26,053 - INFO - Writing merged data to s3://thesis--ec331-s3/merged-price-volume-bids/RAISE1SEC_PUBLIC_DVD_BIDDAYOFFER_202401010000.parquet/
2025-04-04 09:46:26,071 - INFO - Found credentials from IAM Role: thesis
2025-04-04 09:46:26,718 - INFO - Found credentials from IAM Role: thesis
2025-04-04 09:46:30,629 - INFO - ✓ Merged data written to s3://thesis--ec331-s3/merged-price-volume-bids/RAISE1SEC_PUBLIC_DVD_BIDDAYOFFER_202401010000.parquet/
2025-04-04 09:46:31,006 - INFO - Processing price folder: RAISE1SEC_PUBLIC_DVD_BIDDAYOFFER_202402010000.parquet
2025-04-04 09:46:31,007 - INFO - Found 2 volume folder(s) matching date 202402010000: ['RAISE1SEC_PUBLIC_DVD_BIDPEROFFER2_202402010000.parquet', 'RAISE1SEC_PUBLIC_DVD_BIDPEROFFER1_202402010000.parquet']
2025-04-04 09:46:31,025 - INFO - Found credentials from IAM Role: thesis
2025-04-04 09:46:31,293 - INFO - Found credentials from IAM Role: thesis
2025-04-04 09:46:31,663 - INFO - Loaded price data from s3://thesis--ec331-s3/melted-price-bids/RAISE1SEC_PUBLIC_DVD_BIDDAYOFFER_202402010000.parquet/: 7,700 rows
2025-04-04 09:46:31,681 - INFO - Found credentials from IAM Role: thesis
2025-04-04 09:46:31,966 - INFO - Found credentials from IAM Role: thesis
2025-04-04 09:46:32,427 - INFO - Loaded volume data from s3://thesis--ec331-s3/melted-volume-bids/RAISE1SEC_PUBLIC_DVD_BIDPEROFFER2_202402010000.parquet/: 242,417 rows
2025-04-04 09:46:32,464 - INFO - Found credentials from IAM Role: thesis
2025-04-04 09:46:32,740 - INFO - Found credentials from IAM Role: thesis
2025-04-04 09:46:33,244 - INFO - Loaded volume data from s3://thesis--ec331-s3/melted-volume-bids/RAISE1SEC_PUBLIC_DVD_BIDPEROFFER1_202402010000.parquet/: 256,850 rows
2025-04-04 09:46:33,989 - INFO - Merged data has 4,992,670 rows
2025-04-04 09:46:33,990 - INFO - Writing merged data to s3://thesis--ec331-s3/merged-price-volume-bids/RAISE1SEC_PUBLIC_DVD_BIDDAYOFFER_202402010000.parquet/
2025-04-04 09:46:34,009 - INFO - Found credentials from IAM Role: thesis
2025-04-04 09:46:34,658 - INFO - Found credentials from IAM Role: thesis
2025-04-04 09:46:38,472 - INFO - ✓ Merged data written to s3://thesis--ec331-s3/merged-price-volume-bids/RAISE1SEC_PUBLIC_DVD_BIDDAYOFFER_202402010000.parquet/
2025-04-04 09:46:38,849 - INFO - Processing price folder: RAISE1SEC_PUBLIC_DVD_BIDDAYOFFER_202405010000.parquet
2025-04-04 09:46:38,851 - INFO - Found 1 volume folder(s) matching date 202405010000: ['RAISE1SEC_PUBLIC_DVD_BIDPEROFFER1_202405010000.parquet']
2025-04-04 09:46:38,869 - INFO - Found credentials from IAM Role: thesis
2025-04-04 09:46:39,134 - INFO - Found credentials from IAM Role: thesis
2025-04-04 09:46:39,531 - INFO - Loaded price data from s3://thesis--ec331-s3/melted-price-bids/RAISE1SEC_PUBLIC_DVD_BIDDAYOFFER_202405010000.parquet/: 11,630 rows
2025-04-04 09:46:39,550 - INFO - Found credentials from IAM Role: thesis
2025-04-04 09:46:39,831 - INFO - Found credentials from IAM Role: thesis
2025-04-04 09:46:40,324 - INFO - Loaded volume data from s3://thesis--ec331-s3/melted-volume-bids/RAISE1SEC_PUBLIC_DVD_BIDPEROFFER1_202405010000.parquet/: 328,995 rows
2025-04-04 09:46:41,017 - INFO - Merged data has 3,289,950 rows
2025-04-04 09:46:41,018 - INFO - Writing merged data to s3://thesis--ec331-s3/merged-price-volume-bids/RAISE1SEC_PUBLIC_DVD_BIDDAYOFFER_202405010000.parquet/
2025-04-04 09:46:41,055 - INFO - Found credentials from IAM Role: thesis
2025-04-04 09:46:41,189 - INFO - Found credentials from IAM Role: thesis
2025-04-04 09:46:44,049 - INFO - ✓ Merged data written to s3://thesis--ec331-s3/merged-price-volume-bids/RAISE1SEC_PUBLIC_DVD_BIDDAYOFFER_202405010000.parquet/
2025-04-04 09:46:44,362 - INFO - 🏁 Finished batch merge process for price and volume bids.
2025-04-04 10:01:55,698 - INFO - 🚀 Starting batch merge process for price and volume bids
2025-04-04 10:01:55,717 - INFO - Found credentials from IAM Role: thesis
2025-04-04 10:01:55,996 - INFO - Found credentials from IAM Role: thesis
2025-04-04 10:01:56,274 - INFO - Found 7 price folders in source.
2025-04-04 10:01:56,275 - INFO - Found 15 volume folders in source.
2025-04-04 10:01:56,293 - INFO - Found credentials from IAM Role: thesis
2025-04-04 10:01:56,539 - INFO - Found 0 merged folders in output.
2025-04-04 10:01:56,540 - INFO - 7 price folders remain to be processed.
2025-04-04 10:01:56,540 - INFO - Processing price folder: RAISE1SEC_PUBLIC_ARCHIVE#BIDDAYOFFER#FILE01#202408010000.parquet
2025-04-04 10:01:56,541 - INFO - Found 1 volume folder(s) matching date 202408010000: ['RAISE1SEC_PUBLIC_ARCHIVE#BIDPEROFFER_D#FILE01#202408010000.parquet']
2025-04-04 10:01:56,560 - INFO - Found credentials from IAM Role: thesis
2025-04-04 10:01:56,869 - INFO - Found credentials from IAM Role: thesis
2025-04-04 10:01:57,272 - INFO - Loaded price data from s3://thesis--ec331-s3/melted-price-bids/RAISE1SEC_PUBLIC_ARCHIVE#BIDDAYOFFER#FILE01#202408010000.parquet/: 15,360 rows
2025-04-04 10:01:57,290 - INFO - Found credentials from IAM Role: thesis
2025-04-04 10:01:57,557 - INFO - Found credentials from IAM Role: thesis
2025-04-04 10:01:58,580 - INFO - Loaded volume data from s3://thesis--ec331-s3/melted-volume-bids/RAISE1SEC_PUBLIC_ARCHIVE#BIDPEROFFER_D#FILE01#202408010000.parquet/: 759,789 rows
2025-04-04 10:03:26,186 - INFO - 🚀 Starting batch merge process for price and volume bids
2025-04-04 10:03:26,204 - INFO - Found credentials from IAM Role: thesis
2025-04-04 10:03:26,482 - INFO - Found credentials from IAM Role: thesis
2025-04-04 10:03:26,738 - INFO - Found 7 price folders in source.
2025-04-04 10:03:26,739 - INFO - Found 15 volume folders in source.
2025-04-04 10:03:26,758 - INFO - Found credentials from IAM Role: thesis
2025-04-04 10:03:27,034 - INFO - Found 0 merged folders in output.
2025-04-04 10:03:27,035 - INFO - 7 price folders remain to be processed.
2025-04-04 10:03:27,036 - INFO - Processing price folder: RAISE1SEC_PUBLIC_ARCHIVE#BIDDAYOFFER#FILE01#202408010000.parquet
2025-04-04 10:03:27,037 - INFO - Found 1 volume folder(s) matching date 202408010000: ['RAISE1SEC_PUBLIC_ARCHIVE#BIDPEROFFER_D#FILE01#202408010000.parquet']
2025-04-04 10:03:27,059 - INFO - Found credentials from IAM Role: thesis
2025-04-04 10:03:27,347 - INFO - Found credentials from IAM Role: thesis
2025-04-04 10:03:27,757 - INFO - Loaded price data from s3://thesis--ec331-s3/melted-price-bids/RAISE1SEC_PUBLIC_ARCHIVE#BIDDAYOFFER#FILE01#202408010000.parquet/: 15,360 rows
2025-04-04 10:03:27,775 - INFO - Found credentials from IAM Role: thesis
2025-04-04 10:03:28,042 - INFO - Found credentials from IAM Role: thesis
2025-04-04 10:03:29,324 - INFO - Loaded volume data from s3://thesis--ec331-s3/melted-volume-bids/RAISE1SEC_PUBLIC_ARCHIVE#BIDPEROFFER_D#FILE01#202408010000.parquet/: 759,789 rows
2025-04-04 10:05:31,192 - INFO - 🚀 Starting batch merge process for price and volume bids
2025-04-04 10:05:31,211 - INFO - Found credentials from IAM Role: thesis
2025-04-04 10:05:31,497 - INFO - Found credentials from IAM Role: thesis
2025-04-04 10:05:31,773 - INFO - Found 7 price folders in source.
2025-04-04 10:05:31,774 - INFO - Found 15 volume folders in source.
2025-04-04 10:05:31,792 - INFO - Found credentials from IAM Role: thesis
2025-04-04 10:05:32,046 - INFO - Found 0 merged folders in output.
2025-04-04 10:05:32,047 - INFO - 7 price folders remain to be processed.
2025-04-04 10:05:32,048 - INFO - Processing price folder: RAISE1SEC_PUBLIC_ARCHIVE#BIDDAYOFFER#FILE01#202408010000.parquet
2025-04-04 10:05:32,049 - INFO - Found 1 volume folder(s) matching date 202408010000: ['RAISE1SEC_PUBLIC_ARCHIVE#BIDPEROFFER_D#FILE01#202408010000.parquet']
2025-04-04 10:05:32,067 - INFO - Found credentials from IAM Role: thesis
2025-04-04 10:05:32,367 - INFO - Found credentials from IAM Role: thesis
2025-04-04 10:05:32,777 - INFO - Loaded price data from s3://thesis--ec331-s3/melted-price-bids/RAISE1SEC_PUBLIC_ARCHIVE#BIDDAYOFFER#FILE01#202408010000.parquet/: 15,360 rows
2025-04-04 10:05:32,795 - INFO - Found credentials from IAM Role: thesis
2025-04-04 10:05:33,070 - INFO - Found credentials from IAM Role: thesis
2025-04-04 10:05:33,950 - INFO - Loaded volume data from s3://thesis--ec331-s3/melted-volume-bids/RAISE1SEC_PUBLIC_ARCHIVE#BIDPEROFFER_D#FILE01#202408010000.parquet/: 759,789 rows
2025-04-04 10:05:34,316 - INFO - Merged data has 759,789 rows
2025-04-04 10:05:34,317 - INFO - Writing merged data to s3://thesis--ec331-s3/merged-price-volume-bids/RAISE1SEC_PUBLIC_ARCHIVE#BIDDAYOFFER#FILE01#202408010000.parquet/
2025-04-04 10:05:34,317 - INFO - DRY RUN: Would write merged data to s3://thesis--ec331-s3/merged-price-volume-bids/RAISE1SEC_PUBLIC_ARCHIVE#BIDDAYOFFER#FILE01#202408010000.parquet/
2025-04-04 10:05:34,676 - INFO - Processing price folder: RAISE1SEC_PUBLIC_DVD_BIDDAYOFFER_202310010000.parquet
2025-04-04 10:05:34,677 - INFO - Found 3 volume folder(s) matching date 202310010000: ['RAISE1SEC_PUBLIC_DVD_BIDPEROFFER1_202310010000.parquet', 'RAISE1SEC_PUBLIC_DVD_BIDPEROFFER2_202310010000_capped', 'RAISE1SEC_PUBLIC_DVD_BIDPEROFFER2_202310010000.parquet']
2025-04-04 10:05:34,696 - INFO - Found credentials from IAM Role: thesis
2025-04-04 10:05:34,969 - INFO - Found credentials from IAM Role: thesis
2025-04-04 10:05:35,368 - INFO - Loaded price data from s3://thesis--ec331-s3/melted-price-bids/RAISE1SEC_PUBLIC_DVD_BIDDAYOFFER_202310010000.parquet/: 4,350 rows
2025-04-04 10:05:35,387 - INFO - Found credentials from IAM Role: thesis
2025-04-04 10:05:35,680 - INFO - Found credentials from IAM Role: thesis
2025-04-04 10:32:42,175 - INFO - 🚀 Starting batch merge process for price and volume bids
2025-04-04 10:32:42,195 - INFO - Found credentials from IAM Role: thesis
2025-04-04 10:32:42,487 - INFO - Found credentials from IAM Role: thesis
2025-04-04 10:32:42,745 - INFO - Found 7 price folders in source.
2025-04-04 10:32:42,746 - INFO - Found 15 volume folders in source.
2025-04-04 10:32:42,783 - INFO - Found credentials from IAM Role: thesis
2025-04-04 10:32:43,038 - INFO - Found 0 merged folders in output.
2025-04-04 10:32:43,039 - INFO - 7 price folders remain to be processed.
2025-04-04 10:32:43,040 - INFO - Processing price folder: RAISE1SEC_PUBLIC_ARCHIVE#BIDDAYOFFER#FILE01#202408010000.parquet
2025-04-04 10:32:43,041 - INFO - Found 1 volume folder(s) matching date 202408010000: ['RAISE1SEC_PUBLIC_ARCHIVE#BIDPEROFFER_D#FILE01#202408010000.parquet']
2025-04-04 10:32:43,060 - INFO - Found credentials from IAM Role: thesis
2025-04-04 10:32:43,363 - INFO - Found credentials from IAM Role: thesis
2025-04-04 10:32:43,780 - INFO - Loaded price data from s3://thesis--ec331-s3/melted-price-bids/RAISE1SEC_PUBLIC_ARCHIVE#BIDDAYOFFER#FILE01#202408010000.parquet/: 15,360 rows
2025-04-04 10:32:43,814 - INFO - Found credentials from IAM Role: thesis
2025-04-04 10:32:44,088 - INFO - Found credentials from IAM Role: thesis
2025-04-04 10:32:45,042 - INFO - Loaded volume data from s3://thesis--ec331-s3/melted-volume-bids/RAISE1SEC_PUBLIC_ARCHIVE#BIDPEROFFER_D#FILE01#202408010000.parquet/: 759,789 rows
2025-04-04 10:32:45,394 - INFO - Merged data has 759,789 rows
2025-04-04 10:32:45,395 - INFO - Writing merged data to s3://thesis--ec331-s3/merged-price-volume-bids/RAISE1SEC_PUBLIC_ARCHIVE#BIDDAYOFFER#FILE01#202408010000.parquet/
2025-04-04 10:32:45,396 - INFO - DRY RUN: Would write merged data to s3://thesis--ec331-s3/merged-price-volume-bids/RAISE1SEC_PUBLIC_ARCHIVE#BIDDAYOFFER#FILE01#202408010000.parquet/
2025-04-04 10:32:45,799 - INFO - Processing price folder: RAISE1SEC_PUBLIC_DVD_BIDDAYOFFER_202310010000.parquet
2025-04-04 10:32:45,800 - INFO - Found 3 volume folder(s) matching date 202310010000: ['RAISE1SEC_PUBLIC_DVD_BIDPEROFFER1_202310010000.parquet', 'RAISE1SEC_PUBLIC_DVD_BIDPEROFFER2_202310010000_capped', 'RAISE1SEC_PUBLIC_DVD_BIDPEROFFER2_202310010000.parquet']
2025-04-04 10:32:45,819 - INFO - Found credentials from IAM Role: thesis
2025-04-04 10:32:46,103 - INFO - Found credentials from IAM Role: thesis
2025-04-04 10:32:46,485 - INFO - Loaded price data from s3://thesis--ec331-s3/melted-price-bids/RAISE1SEC_PUBLIC_DVD_BIDDAYOFFER_202310010000.parquet/: 4,350 rows
2025-04-04 10:32:46,503 - INFO - Found credentials from IAM Role: thesis
2025-04-04 10:32:46,804 - INFO - Found credentials from IAM Role: thesis
2025-04-04 10:32:47,199 - INFO - Loaded volume data from s3://thesis--ec331-s3/melted-volume-bids/RAISE1SEC_PUBLIC_DVD_BIDPEROFFER1_202310010000.parquet/: 77,365 rows
2025-04-04 10:32:47,220 - INFO - Found credentials from IAM Role: thesis
2025-04-04 10:32:47,492 - INFO - Found credentials from IAM Role: thesis
2025-04-04 10:32:47,905 - INFO - Loaded volume data from s3://thesis--ec331-s3/melted-volume-bids/RAISE1SEC_PUBLIC_DVD_BIDPEROFFER2_202310010000_capped/: 77,365 rows
2025-04-04 10:32:47,924 - INFO - Found credentials from IAM Role: thesis
2025-04-04 10:32:48,202 - INFO - Found credentials from IAM Role: thesis
2025-04-04 10:32:48,649 - INFO - Loaded volume data from s3://thesis--ec331-s3/melted-volume-bids/RAISE1SEC_PUBLIC_DVD_BIDPEROFFER2_202310010000.parquet/: 203,875 rows
2025-04-04 10:32:48,828 - INFO - Merged data has 358,605 rows
2025-04-04 10:32:48,829 - INFO - Writing merged data to s3://thesis--ec331-s3/merged-price-volume-bids/RAISE1SEC_PUBLIC_DVD_BIDDAYOFFER_202310010000.parquet/
2025-04-04 10:32:48,829 - INFO - DRY RUN: Would write merged data to s3://thesis--ec331-s3/merged-price-volume-bids/RAISE1SEC_PUBLIC_DVD_BIDDAYOFFER_202310010000.parquet/
2025-04-04 10:32:49,162 - INFO - Processing price folder: RAISE1SEC_PUBLIC_DVD_BIDDAYOFFER_202311010000.parquet
2025-04-04 10:32:49,163 - INFO - Found 2 volume folder(s) matching date 202311010000: ['RAISE1SEC_PUBLIC_DVD_BIDPEROFFER2_202311010000.parquet', 'RAISE1SEC_PUBLIC_DVD_BIDPEROFFER1_202311010000.parquet']
2025-04-04 10:32:49,182 - INFO - Found credentials from IAM Role: thesis
2025-04-04 10:32:49,456 - INFO - Found credentials from IAM Role: thesis
2025-04-04 10:32:49,841 - INFO - Loaded price data from s3://thesis--ec331-s3/melted-price-bids/RAISE1SEC_PUBLIC_DVD_BIDDAYOFFER_202311010000.parquet/: 6,260 rows
2025-04-04 10:32:49,859 - INFO - Found credentials from IAM Role: thesis
2025-04-04 10:32:50,145 - INFO - Found credentials from IAM Role: thesis
2025-04-04 10:32:50,693 - INFO - Loaded volume data from s3://thesis--ec331-s3/melted-volume-bids/RAISE1SEC_PUBLIC_DVD_BIDPEROFFER2_202311010000.parquet/: 259,862 rows
2025-04-04 10:32:50,711 - INFO - Found credentials from IAM Role: thesis
2025-04-04 10:32:50,983 - INFO - Found credentials from IAM Role: thesis
2025-04-04 10:32:51,479 - INFO - Loaded volume data from s3://thesis--ec331-s3/melted-volume-bids/RAISE1SEC_PUBLIC_DVD_BIDPEROFFER1_202311010000.parquet/: 222,632 rows
2025-04-04 10:32:51,711 - INFO - Merged data has 482,494 rows
2025-04-04 10:32:51,712 - INFO - Writing merged data to s3://thesis--ec331-s3/merged-price-volume-bids/RAISE1SEC_PUBLIC_DVD_BIDDAYOFFER_202311010000.parquet/
2025-04-04 10:32:51,712 - INFO - DRY RUN: Would write merged data to s3://thesis--ec331-s3/merged-price-volume-bids/RAISE1SEC_PUBLIC_DVD_BIDDAYOFFER_202311010000.parquet/
2025-04-04 10:32:51,979 - INFO - Processing price folder: RAISE1SEC_PUBLIC_DVD_BIDDAYOFFER_202312010000.parquet
2025-04-04 10:32:51,980 - INFO - Found 2 volume folder(s) matching date 202312010000: ['RAISE1SEC_PUBLIC_DVD_BIDPEROFFER2_202312010000-1.parquet', 'RAISE1SEC_PUBLIC_DVD_BIDPEROFFER1_202312010000.parquet']
2025-04-04 10:32:52,000 - INFO - Found credentials from IAM Role: thesis
2025-04-04 10:32:52,252 - INFO - Found credentials from IAM Role: thesis
2025-04-04 10:32:52,647 - INFO - Loaded price data from s3://thesis--ec331-s3/melted-price-bids/RAISE1SEC_PUBLIC_DVD_BIDDAYOFFER_202312010000.parquet/: 7,330 rows
2025-04-04 10:32:52,665 - INFO - Found credentials from IAM Role: thesis
2025-04-04 10:32:52,953 - INFO - Found credentials from IAM Role: thesis
2025-04-04 10:32:53,444 - INFO - Loaded volume data from s3://thesis--ec331-s3/melted-volume-bids/RAISE1SEC_PUBLIC_DVD_BIDPEROFFER2_202312010000-1.parquet/: 269,312 rows
2025-04-04 10:32:53,462 - INFO - Found credentials from IAM Role: thesis
2025-04-04 10:32:53,735 - INFO - Found credentials from IAM Role: thesis
2025-04-04 10:32:54,281 - INFO - Loaded volume data from s3://thesis--ec331-s3/melted-volume-bids/RAISE1SEC_PUBLIC_DVD_BIDPEROFFER1_202312010000.parquet/: 265,055 rows
2025-04-04 10:32:54,560 - INFO - Merged data has 534,367 rows
2025-04-04 10:32:54,560 - INFO - Writing merged data to s3://thesis--ec331-s3/merged-price-volume-bids/RAISE1SEC_PUBLIC_DVD_BIDDAYOFFER_202312010000.parquet/
2025-04-04 10:32:54,561 - INFO - DRY RUN: Would write merged data to s3://thesis--ec331-s3/merged-price-volume-bids/RAISE1SEC_PUBLIC_DVD_BIDDAYOFFER_202312010000.parquet/
2025-04-04 10:32:54,825 - INFO - Processing price folder: RAISE1SEC_PUBLIC_DVD_BIDDAYOFFER_202401010000.parquet
2025-04-04 10:32:54,826 - INFO - Found 2 volume folder(s) matching date 202401010000: ['RAISE1SEC_PUBLIC_DVD_BIDPEROFFER2_202401010000.parquet', 'RAISE1SEC_PUBLIC_DVD_BIDPEROFFER1_202401010000.parquet']
2025-04-04 10:32:54,844 - INFO - Found credentials from IAM Role: thesis
2025-04-04 10:32:55,120 - INFO - Found credentials from IAM Role: thesis
2025-04-04 10:32:55,562 - INFO - Loaded price data from s3://thesis--ec331-s3/melted-price-bids/RAISE1SEC_PUBLIC_DVD_BIDDAYOFFER_202401010000.parquet/: 7,750 rows
2025-04-04 10:32:55,581 - INFO - Found credentials from IAM Role: thesis
2025-04-04 10:32:55,859 - INFO - Found credentials from IAM Role: thesis
2025-04-04 10:32:56,344 - INFO - Loaded volume data from s3://thesis--ec331-s3/melted-volume-bids/RAISE1SEC_PUBLIC_DVD_BIDPEROFFER2_202401010000.parquet/: 251,125 rows
2025-04-04 10:32:56,362 - INFO - Found credentials from IAM Role: thesis
2025-04-04 10:32:56,631 - INFO - Found credentials from IAM Role: thesis
2025-04-04 10:32:57,103 - INFO - Loaded volume data from s3://thesis--ec331-s3/melted-volume-bids/RAISE1SEC_PUBLIC_DVD_BIDPEROFFER1_202401010000.parquet/: 245,990 rows
2025-04-04 10:32:57,334 - INFO - Merged data has 497,115 rows
2025-04-04 10:32:57,335 - INFO - Writing merged data to s3://thesis--ec331-s3/merged-price-volume-bids/RAISE1SEC_PUBLIC_DVD_BIDDAYOFFER_202401010000.parquet/
2025-04-04 10:32:57,336 - INFO - DRY RUN: Would write merged data to s3://thesis--ec331-s3/merged-price-volume-bids/RAISE1SEC_PUBLIC_DVD_BIDDAYOFFER_202401010000.parquet/
2025-04-04 10:32:57,603 - INFO - Processing price folder: RAISE1SEC_PUBLIC_DVD_BIDDAYOFFER_202402010000.parquet
2025-04-04 10:32:57,604 - INFO - Found 2 volume folder(s) matching date 202402010000: ['RAISE1SEC_PUBLIC_DVD_BIDPEROFFER2_202402010000.parquet', 'RAISE1SEC_PUBLIC_DVD_BIDPEROFFER1_202402010000.parquet']
2025-04-04 10:32:57,621 - INFO - Found credentials from IAM Role: thesis
2025-04-04 10:32:57,873 - INFO - Found credentials from IAM Role: thesis
2025-04-04 10:32:58,268 - INFO - Loaded price data from s3://thesis--ec331-s3/melted-price-bids/RAISE1SEC_PUBLIC_DVD_BIDDAYOFFER_202402010000.parquet/: 7,700 rows
2025-04-04 10:32:58,286 - INFO - Found credentials from IAM Role: thesis
2025-04-04 10:32:58,579 - INFO - Found credentials from IAM Role: thesis
2025-04-04 10:32:59,095 - INFO - Loaded volume data from s3://thesis--ec331-s3/melted-volume-bids/RAISE1SEC_PUBLIC_DVD_BIDPEROFFER2_202402010000.parquet/: 242,417 rows
2025-04-04 10:32:59,113 - INFO - Found credentials from IAM Role: thesis
2025-04-04 10:32:59,369 - INFO - Found credentials from IAM Role: thesis
2025-04-04 10:32:59,917 - INFO - Loaded volume data from s3://thesis--ec331-s3/melted-volume-bids/RAISE1SEC_PUBLIC_DVD_BIDPEROFFER1_202402010000.parquet/: 256,850 rows
2025-04-04 10:33:00,147 - INFO - Merged data has 499,267 rows
2025-04-04 10:33:00,148 - INFO - Writing merged data to s3://thesis--ec331-s3/merged-price-volume-bids/RAISE1SEC_PUBLIC_DVD_BIDDAYOFFER_202402010000.parquet/
2025-04-04 10:33:00,149 - INFO - DRY RUN: Would write merged data to s3://thesis--ec331-s3/merged-price-volume-bids/RAISE1SEC_PUBLIC_DVD_BIDDAYOFFER_202402010000.parquet/
2025-04-04 10:33:00,411 - INFO - Processing price folder: RAISE1SEC_PUBLIC_DVD_BIDDAYOFFER_202405010000.parquet
2025-04-04 10:33:00,412 - INFO - Found 1 volume folder(s) matching date 202405010000: ['RAISE1SEC_PUBLIC_DVD_BIDPEROFFER1_202405010000.parquet']
2025-04-04 10:33:00,430 - INFO - Found credentials from IAM Role: thesis
2025-04-04 10:33:00,699 - INFO - Found credentials from IAM Role: thesis
2025-04-04 10:33:01,127 - INFO - Loaded price data from s3://thesis--ec331-s3/melted-price-bids/RAISE1SEC_PUBLIC_DVD_BIDDAYOFFER_202405010000.parquet/: 11,630 rows
2025-04-04 10:33:01,145 - INFO - Found credentials from IAM Role: thesis
2025-04-04 10:33:01,433 - INFO - Found credentials from IAM Role: thesis
2025-04-04 10:33:01,962 - INFO - Loaded volume data from s3://thesis--ec331-s3/melted-volume-bids/RAISE1SEC_PUBLIC_DVD_BIDPEROFFER1_202405010000.parquet/: 328,995 rows
2025-04-04 10:33:02,119 - INFO - Merged data has 328,995 rows
2025-04-04 10:33:02,120 - INFO - Writing merged data to s3://thesis--ec331-s3/merged-price-volume-bids/RAISE1SEC_PUBLIC_DVD_BIDDAYOFFER_202405010000.parquet/
2025-04-04 10:33:02,120 - INFO - DRY RUN: Would write merged data to s3://thesis--ec331-s3/merged-price-volume-bids/RAISE1SEC_PUBLIC_DVD_BIDDAYOFFER_202405010000.parquet/
2025-04-04 10:33:02,339 - INFO - 🏁 Finished batch merge process for price and volume bids.
2025-04-04 10:36:48,590 - INFO - 🚀 Starting batch merge process for price and volume bids
2025-04-04 10:36:48,610 - INFO - Found credentials from IAM Role: thesis
2025-04-04 10:36:48,887 - INFO - Found credentials from IAM Role: thesis
2025-04-04 10:36:49,160 - INFO - Found 7 price folders in source.
2025-04-04 10:36:49,161 - INFO - Found 15 volume folders in source.
2025-04-04 10:36:49,180 - INFO - Found credentials from IAM Role: thesis
2025-04-04 10:36:49,434 - INFO - Found 0 merged folders in output.
2025-04-04 10:36:49,435 - INFO - 7 price folders remain to be processed.
2025-04-04 10:36:49,436 - INFO - Processing price folder: RAISE1SEC_PUBLIC_ARCHIVE#BIDDAYOFFER#FILE01#202408010000.parquet
2025-04-04 10:36:49,437 - INFO - Found 1 volume folder(s) matching date 202408010000: ['RAISE1SEC_PUBLIC_ARCHIVE#BIDPEROFFER_D#FILE01#202408010000.parquet']
2025-04-04 10:36:49,456 - INFO - Found credentials from IAM Role: thesis
2025-04-04 10:36:49,751 - INFO - Found credentials from IAM Role: thesis
2025-04-04 10:36:50,167 - INFO - Loaded price data from s3://thesis--ec331-s3/melted-price-bids/RAISE1SEC_PUBLIC_ARCHIVE#BIDDAYOFFER#FILE01#202408010000.parquet/: 15,360 rows
2025-04-04 10:36:50,186 - INFO - Found credentials from IAM Role: thesis
2025-04-04 10:36:50,453 - INFO - Found credentials from IAM Role: thesis
2025-04-04 10:36:51,329 - INFO - Loaded volume data from s3://thesis--ec331-s3/melted-volume-bids/RAISE1SEC_PUBLIC_ARCHIVE#BIDPEROFFER_D#FILE01#202408010000.parquet/: 759,789 rows
2025-04-04 10:36:51,674 - INFO - Merged data has 759,789 rows
2025-04-04 10:36:51,675 - INFO - Writing merged data to s3://thesis--ec331-s3/merged-price-volume-bids/RAISE1SEC_PUBLIC_ARCHIVE#BIDDAYOFFER#FILE01#202408010000.parquet/
2025-04-04 10:36:51,694 - INFO - Found credentials from IAM Role: thesis
2025-04-04 10:36:51,824 - INFO - Found credentials from IAM Role: thesis
2025-04-04 10:36:54,239 - INFO - ✓ Merged data written to s3://thesis--ec331-s3/merged-price-volume-bids/RAISE1SEC_PUBLIC_ARCHIVE#BIDDAYOFFER#FILE01#202408010000.parquet/
2025-04-04 10:36:54,624 - INFO - Processing price folder: RAISE1SEC_PUBLIC_DVD_BIDDAYOFFER_202310010000.parquet
2025-04-04 10:36:54,625 - INFO - Found 3 volume folder(s) matching date 202310010000: ['RAISE1SEC_PUBLIC_DVD_BIDPEROFFER1_202310010000.parquet', 'RAISE1SEC_PUBLIC_DVD_BIDPEROFFER2_202310010000_capped', 'RAISE1SEC_PUBLIC_DVD_BIDPEROFFER2_202310010000.parquet']
2025-04-04 10:36:54,644 - INFO - Found credentials from IAM Role: thesis
2025-04-04 10:36:54,926 - INFO - Found credentials from IAM Role: thesis
2025-04-04 10:36:55,296 - INFO - Loaded price data from s3://thesis--ec331-s3/melted-price-bids/RAISE1SEC_PUBLIC_DVD_BIDDAYOFFER_202310010000.parquet/: 4,350 rows
2025-04-04 10:36:55,314 - INFO - Found credentials from IAM Role: thesis
2025-04-04 10:36:55,603 - INFO - Found credentials from IAM Role: thesis
2025-04-04 10:36:56,009 - INFO - Loaded volume data from s3://thesis--ec331-s3/melted-volume-bids/RAISE1SEC_PUBLIC_DVD_BIDPEROFFER1_202310010000.parquet/: 77,365 rows
2025-04-04 10:36:56,027 - INFO - Found credentials from IAM Role: thesis
2025-04-04 10:36:56,312 - INFO - Found credentials from IAM Role: thesis
2025-04-04 10:36:56,722 - INFO - Loaded volume data from s3://thesis--ec331-s3/melted-volume-bids/RAISE1SEC_PUBLIC_DVD_BIDPEROFFER2_202310010000_capped/: 77,365 rows
2025-04-04 10:36:56,740 - INFO - Found credentials from IAM Role: thesis
2025-04-04 10:36:57,025 - INFO - Found credentials from IAM Role: thesis
2025-04-04 10:36:57,455 - INFO - Loaded volume data from s3://thesis--ec331-s3/melted-volume-bids/RAISE1SEC_PUBLIC_DVD_BIDPEROFFER2_202310010000.parquet/: 203,875 rows
2025-04-04 10:36:57,626 - INFO - Merged data has 358,605 rows
2025-04-04 10:36:57,627 - INFO - Writing merged data to s3://thesis--ec331-s3/merged-price-volume-bids/RAISE1SEC_PUBLIC_DVD_BIDDAYOFFER_202310010000.parquet/
2025-04-04 10:36:57,645 - INFO - Found credentials from IAM Role: thesis
2025-04-04 10:36:57,813 - INFO - Found credentials from IAM Role: thesis
2025-04-04 10:36:59,278 - INFO - ✓ Merged data written to s3://thesis--ec331-s3/merged-price-volume-bids/RAISE1SEC_PUBLIC_DVD_BIDDAYOFFER_202310010000.parquet/
2025-04-04 10:36:59,638 - INFO - Processing price folder: RAISE1SEC_PUBLIC_DVD_BIDDAYOFFER_202311010000.parquet
2025-04-04 10:36:59,639 - INFO - Found 2 volume folder(s) matching date 202311010000: ['RAISE1SEC_PUBLIC_DVD_BIDPEROFFER2_202311010000.parquet', 'RAISE1SEC_PUBLIC_DVD_BIDPEROFFER1_202311010000.parquet']
2025-04-04 10:36:59,657 - INFO - Found credentials from IAM Role: thesis
2025-04-04 10:36:59,942 - INFO - Found credentials from IAM Role: thesis
2025-04-04 10:37:00,333 - INFO - Loaded price data from s3://thesis--ec331-s3/melted-price-bids/RAISE1SEC_PUBLIC_DVD_BIDDAYOFFER_202311010000.parquet/: 6,260 rows
2025-04-04 10:37:00,352 - INFO - Found credentials from IAM Role: thesis
2025-04-04 10:37:00,638 - INFO - Found credentials from IAM Role: thesis
2025-04-04 10:37:01,191 - INFO - Loaded volume data from s3://thesis--ec331-s3/melted-volume-bids/RAISE1SEC_PUBLIC_DVD_BIDPEROFFER2_202311010000.parquet/: 259,862 rows
2025-04-04 10:37:01,209 - INFO - Found credentials from IAM Role: thesis
2025-04-04 10:37:01,494 - INFO - Found credentials from IAM Role: thesis
2025-04-04 10:37:01,996 - INFO - Loaded volume data from s3://thesis--ec331-s3/melted-volume-bids/RAISE1SEC_PUBLIC_DVD_BIDPEROFFER1_202311010000.parquet/: 222,632 rows
2025-04-04 10:37:02,224 - INFO - Merged data has 482,494 rows
2025-04-04 10:37:02,225 - INFO - Writing merged data to s3://thesis--ec331-s3/merged-price-volume-bids/RAISE1SEC_PUBLIC_DVD_BIDDAYOFFER_202311010000.parquet/
2025-04-04 10:37:02,243 - INFO - Found credentials from IAM Role: thesis
2025-04-04 10:37:02,418 - INFO - Found credentials from IAM Role: thesis
2025-04-04 10:37:04,355 - INFO - ✓ Merged data written to s3://thesis--ec331-s3/merged-price-volume-bids/RAISE1SEC_PUBLIC_DVD_BIDDAYOFFER_202311010000.parquet/
2025-04-04 10:37:04,682 - INFO - Processing price folder: RAISE1SEC_PUBLIC_DVD_BIDDAYOFFER_202312010000.parquet
2025-04-04 10:37:04,683 - INFO - Found 2 volume folder(s) matching date 202312010000: ['RAISE1SEC_PUBLIC_DVD_BIDPEROFFER2_202312010000-1.parquet', 'RAISE1SEC_PUBLIC_DVD_BIDPEROFFER1_202312010000.parquet']
2025-04-04 10:37:04,701 - INFO - Found credentials from IAM Role: thesis
2025-04-04 10:37:04,956 - INFO - Found credentials from IAM Role: thesis
2025-04-04 10:37:05,363 - INFO - Loaded price data from s3://thesis--ec331-s3/melted-price-bids/RAISE1SEC_PUBLIC_DVD_BIDDAYOFFER_202312010000.parquet/: 7,330 rows
2025-04-04 10:37:05,381 - INFO - Found credentials from IAM Role: thesis
2025-04-04 10:37:05,666 - INFO - Found credentials from IAM Role: thesis
2025-04-04 10:37:06,184 - INFO - Loaded volume data from s3://thesis--ec331-s3/melted-volume-bids/RAISE1SEC_PUBLIC_DVD_BIDPEROFFER2_202312010000-1.parquet/: 269,312 rows
2025-04-04 10:37:06,202 - INFO - Found credentials from IAM Role: thesis
2025-04-04 10:37:06,473 - INFO - Found credentials from IAM Role: thesis
2025-04-04 10:37:06,981 - INFO - Loaded volume data from s3://thesis--ec331-s3/melted-volume-bids/RAISE1SEC_PUBLIC_DVD_BIDPEROFFER1_202312010000.parquet/: 265,055 rows
2025-04-04 10:37:07,239 - INFO - Merged data has 534,367 rows
2025-04-04 10:37:07,240 - INFO - Writing merged data to s3://thesis--ec331-s3/merged-price-volume-bids/RAISE1SEC_PUBLIC_DVD_BIDDAYOFFER_202312010000.parquet/
2025-04-04 10:37:07,258 - INFO - Found credentials from IAM Role: thesis
2025-04-04 10:37:07,385 - INFO - Found credentials from IAM Role: thesis
2025-04-04 10:37:09,445 - INFO - ✓ Merged data written to s3://thesis--ec331-s3/merged-price-volume-bids/RAISE1SEC_PUBLIC_DVD_BIDDAYOFFER_202312010000.parquet/
2025-04-04 10:37:09,771 - INFO - Processing price folder: RAISE1SEC_PUBLIC_DVD_BIDDAYOFFER_202401010000.parquet
2025-04-04 10:37:09,772 - INFO - Found 2 volume folder(s) matching date 202401010000: ['RAISE1SEC_PUBLIC_DVD_BIDPEROFFER2_202401010000.parquet', 'RAISE1SEC_PUBLIC_DVD_BIDPEROFFER1_202401010000.parquet']
2025-04-04 10:37:09,790 - INFO - Found credentials from IAM Role: thesis
2025-04-04 10:37:10,071 - INFO - Found credentials from IAM Role: thesis
2025-04-04 10:37:10,478 - INFO - Loaded price data from s3://thesis--ec331-s3/melted-price-bids/RAISE1SEC_PUBLIC_DVD_BIDDAYOFFER_202401010000.parquet/: 7,750 rows
2025-04-04 10:37:10,496 - INFO - Found credentials from IAM Role: thesis
2025-04-04 10:37:10,786 - INFO - Found credentials from IAM Role: thesis
2025-04-04 10:37:11,293 - INFO - Loaded volume data from s3://thesis--ec331-s3/melted-volume-bids/RAISE1SEC_PUBLIC_DVD_BIDPEROFFER2_202401010000.parquet/: 251,125 rows
2025-04-04 10:37:11,311 - INFO - Found credentials from IAM Role: thesis
2025-04-04 10:37:11,584 - INFO - Found credentials from IAM Role: thesis
2025-04-04 10:37:12,085 - INFO - Loaded volume data from s3://thesis--ec331-s3/melted-volume-bids/RAISE1SEC_PUBLIC_DVD_BIDPEROFFER1_202401010000.parquet/: 245,990 rows
2025-04-04 10:37:12,300 - INFO - Merged data has 497,115 rows
2025-04-04 10:37:12,301 - INFO - Writing merged data to s3://thesis--ec331-s3/merged-price-volume-bids/RAISE1SEC_PUBLIC_DVD_BIDDAYOFFER_202401010000.parquet/
2025-04-04 10:37:12,319 - INFO - Found credentials from IAM Role: thesis
2025-04-04 10:37:12,493 - INFO - Found credentials from IAM Role: thesis
2025-04-04 10:37:14,341 - INFO - ✓ Merged data written to s3://thesis--ec331-s3/merged-price-volume-bids/RAISE1SEC_PUBLIC_DVD_BIDDAYOFFER_202401010000.parquet/
2025-04-04 10:37:14,669 - INFO - Processing price folder: RAISE1SEC_PUBLIC_DVD_BIDDAYOFFER_202402010000.parquet
2025-04-04 10:37:14,670 - INFO - Found 2 volume folder(s) matching date 202402010000: ['RAISE1SEC_PUBLIC_DVD_BIDPEROFFER2_202402010000.parquet', 'RAISE1SEC_PUBLIC_DVD_BIDPEROFFER1_202402010000.parquet']
2025-04-04 10:37:14,688 - INFO - Found credentials from IAM Role: thesis
2025-04-04 10:37:14,957 - INFO - Found credentials from IAM Role: thesis
2025-04-04 10:37:15,329 - INFO - Loaded price data from s3://thesis--ec331-s3/melted-price-bids/RAISE1SEC_PUBLIC_DVD_BIDDAYOFFER_202402010000.parquet/: 7,700 rows
2025-04-04 10:37:15,347 - INFO - Found credentials from IAM Role: thesis
2025-04-04 10:37:15,633 - INFO - Found credentials from IAM Role: thesis
2025-04-04 10:37:16,137 - INFO - Loaded volume data from s3://thesis--ec331-s3/melted-volume-bids/RAISE1SEC_PUBLIC_DVD_BIDPEROFFER2_202402010000.parquet/: 242,417 rows
2025-04-04 10:37:16,156 - INFO - Found credentials from IAM Role: thesis
2025-04-04 10:37:16,430 - INFO - Found credentials from IAM Role: thesis
2025-04-04 10:37:16,962 - INFO - Loaded volume data from s3://thesis--ec331-s3/melted-volume-bids/RAISE1SEC_PUBLIC_DVD_BIDPEROFFER1_202402010000.parquet/: 256,850 rows
2025-04-04 10:37:17,181 - INFO - Merged data has 499,267 rows
2025-04-04 10:37:17,182 - INFO - Writing merged data to s3://thesis--ec331-s3/merged-price-volume-bids/RAISE1SEC_PUBLIC_DVD_BIDDAYOFFER_202402010000.parquet/
2025-04-04 10:37:17,201 - INFO - Found credentials from IAM Role: thesis
2025-04-04 10:37:17,374 - INFO - Found credentials from IAM Role: thesis
2025-04-04 10:37:19,286 - INFO - ✓ Merged data written to s3://thesis--ec331-s3/merged-price-volume-bids/RAISE1SEC_PUBLIC_DVD_BIDDAYOFFER_202402010000.parquet/
2025-04-04 10:37:19,611 - INFO - Processing price folder: RAISE1SEC_PUBLIC_DVD_BIDDAYOFFER_202405010000.parquet
2025-04-04 10:37:19,612 - INFO - Found 1 volume folder(s) matching date 202405010000: ['RAISE1SEC_PUBLIC_DVD_BIDPEROFFER1_202405010000.parquet']
2025-04-04 10:37:19,630 - INFO - Found credentials from IAM Role: thesis
2025-04-04 10:37:19,916 - INFO - Found credentials from IAM Role: thesis
2025-04-04 10:37:20,362 - INFO - Loaded price data from s3://thesis--ec331-s3/melted-price-bids/RAISE1SEC_PUBLIC_DVD_BIDDAYOFFER_202405010000.parquet/: 11,630 rows
2025-04-04 10:37:20,380 - INFO - Found credentials from IAM Role: thesis
2025-04-04 10:37:20,665 - INFO - Found credentials from IAM Role: thesis
2025-04-04 10:37:21,219 - INFO - Loaded volume data from s3://thesis--ec331-s3/melted-volume-bids/RAISE1SEC_PUBLIC_DVD_BIDPEROFFER1_202405010000.parquet/: 328,995 rows
2025-04-04 10:37:21,373 - INFO - Merged data has 328,995 rows
2025-04-04 10:37:21,374 - INFO - Writing merged data to s3://thesis--ec331-s3/merged-price-volume-bids/RAISE1SEC_PUBLIC_DVD_BIDDAYOFFER_202405010000.parquet/
2025-04-04 10:37:21,392 - INFO - Found credentials from IAM Role: thesis
2025-04-04 10:37:21,506 - INFO - Found credentials from IAM Role: thesis
2025-04-04 10:37:22,627 - INFO - ✓ Merged data written to s3://thesis--ec331-s3/merged-price-volume-bids/RAISE1SEC_PUBLIC_DVD_BIDDAYOFFER_202405010000.parquet/
2025-04-04 10:37:22,921 - INFO - 🏁 Finished batch merge process for price and volume bids.
2025-04-04 10:58:50,152 - INFO - 🚀 Starting batch merge process for price and volume bids
2025-04-04 10:58:50,171 - INFO - Found credentials from IAM Role: thesis
2025-04-04 10:58:50,459 - INFO - Found credentials from IAM Role: thesis
2025-04-04 10:58:50,751 - INFO - Found 7 price folders in source.
2025-04-04 10:58:50,752 - INFO - Found 15 volume folders in source.
2025-04-04 10:58:50,771 - INFO - Found credentials from IAM Role: thesis
2025-04-04 10:58:51,091 - INFO - Found 190 merged folders in output.
2025-04-04 10:58:51,091 - INFO - 7 price folders remain to be processed.
2025-04-04 10:58:51,092 - INFO - Processing price folder: RAISE1SEC_PUBLIC_ARCHIVE#BIDDAYOFFER#FILE01#202408010000.parquet
2025-04-04 10:58:51,093 - INFO - Found 1 volume folder(s) matching date 202408010000: ['RAISE1SEC_PUBLIC_ARCHIVE#BIDPEROFFER_D#FILE01#202408010000.parquet']
2025-04-04 10:58:51,094 - INFO - Attempting to read price data from: s3://thesis--ec331-s3/melted-price-bids/RAISE1SEC_PUBLIC_ARCHIVE#BIDDAYOFFER#FILE01#202408010000.parquet/
2025-04-04 10:58:51,095 - INFO - Trying to read as a partitioned dataset
2025-04-04 10:58:51,131 - INFO - Found credentials from IAM Role: thesis
2025-04-04 10:58:51,478 - INFO - Price data columns: ['DUID', 'BIDPRICE', 'SETTLEMENTDATE', 'OFFERDATE', 'PARTICIPANTID', 'BIDTYPE', 'BIDBAND']
2025-04-04 10:58:51,512 - INFO - Loaded price data from s3://thesis--ec331-s3/melted-price-bids/RAISE1SEC_PUBLIC_ARCHIVE#BIDDAYOFFER#FILE01#202408010000.parquet/: 15,360 rows
2025-04-04 10:58:51,513 - INFO - Attempting to read volume data from: s3://thesis--ec331-s3/melted-volume-bids/RAISE1SEC_PUBLIC_ARCHIVE#BIDPEROFFER_D#FILE01#202408010000.parquet/
2025-04-04 10:58:51,513 - INFO - Trying to read volume data as a partitioned dataset
2025-04-04 10:58:51,533 - INFO - Found credentials from IAM Role: thesis
2025-04-04 10:58:52,301 - INFO - Volume data columns: ['TRADINGDATE', 'DUID', 'BIDVOLUME', 'MAXAVAIL', 'PERIODID', 'OFFERDATE', 'ENABLEMENTMIN', 'ENABLEMENTMAX', 'LOWBREAKPOINT', 'HIGHBREAKPOINT']
2025-04-04 10:58:52,302 - ERROR - Critical merge column BIDBAND missing from volume data!
2025-04-04 10:58:52,507 - INFO - Loaded volume data from s3://thesis--ec331-s3/melted-volume-bids/RAISE1SEC_PUBLIC_ARCHIVE#BIDPEROFFER_D#FILE01#202408010000.parquet/: 759,789 rows
2025-04-04 10:58:52,508 - INFO - Combined volume data: 759,789 rows
2025-04-04 10:58:52,509 - INFO - Price columns for merge: ['DUID', 'BIDPRICE', 'SETTLEMENTDATE', 'OFFERDATE', 'PARTICIPANTID', 'BIDTYPE', 'BIDBAND']
2025-04-04 10:58:52,509 - INFO - Volume columns for merge: ['TRADINGDATE', 'DUID', 'BIDVOLUME', 'MAXAVAIL', 'PERIODID', 'OFFERDATE', 'ENABLEMENTMIN', 'ENABLEMENTMAX', 'LOWBREAKPOINT', 'HIGHBREAKPOINT']
2025-04-04 10:58:52,510 - ERROR - Missing merge keys: left_df: ['BIDBAND'], right_df: []
2025-04-04 10:58:52,512 - WARNING - Merged DataFrame is empty for RAISE1SEC_PUBLIC_ARCHIVE#BIDDAYOFFER#FILE01#202408010000.parquet; skipping writing.
2025-04-04 10:58:52,512 - INFO - Processing price folder: RAISE1SEC_PUBLIC_DVD_BIDDAYOFFER_202310010000.parquet
2025-04-04 10:58:52,513 - INFO - Found 3 volume folder(s) matching date 202310010000: ['RAISE1SEC_PUBLIC_DVD_BIDPEROFFER2_202310010000_capped', 'RAISE1SEC_PUBLIC_DVD_BIDPEROFFER1_202310010000.parquet', 'RAISE1SEC_PUBLIC_DVD_BIDPEROFFER2_202310010000.parquet']
2025-04-04 10:58:52,514 - INFO - Attempting to read price data from: s3://thesis--ec331-s3/melted-price-bids/RAISE1SEC_PUBLIC_DVD_BIDDAYOFFER_202310010000.parquet/
2025-04-04 10:58:52,515 - INFO - Trying to read as a partitioned dataset
2025-04-04 10:58:52,535 - INFO - Found credentials from IAM Role: thesis
2025-04-04 10:58:52,855 - INFO - Price data columns: ['DUID', 'BIDPRICE', 'SETTLEMENTDATE', 'OFFERDATE', 'PARTICIPANTID', 'BIDTYPE', 'BIDBAND']
2025-04-04 10:58:52,872 - INFO - Loaded price data from s3://thesis--ec331-s3/melted-price-bids/RAISE1SEC_PUBLIC_DVD_BIDDAYOFFER_202310010000.parquet/: 4,350 rows
2025-04-04 10:58:52,872 - INFO - Attempting to read volume data from: s3://thesis--ec331-s3/melted-volume-bids/RAISE1SEC_PUBLIC_DVD_BIDPEROFFER2_202310010000_capped/
2025-04-04 10:58:52,873 - INFO - Trying to read volume data as a partitioned dataset
2025-04-04 10:58:52,892 - INFO - Found credentials from IAM Role: thesis
2025-04-04 10:58:53,257 - INFO - Volume data columns: ['TRADINGDATE', 'DUID', 'BIDVOLUME', 'MAXAVAIL', 'PERIODID', 'ENABLEMENTMIN', 'ENABLEMENTMAX', 'LOWBREAKPOINT', 'HIGHBREAKPOINT']
2025-04-04 10:58:53,258 - ERROR - Critical merge column BIDBAND missing from volume data!
2025-04-04 11:08:09,904 - INFO - 🚀 Starting batch merge process for price and volume bids
2025-04-04 11:08:09,924 - INFO - Found credentials from IAM Role: thesis
2025-04-04 11:08:10,197 - INFO - Found credentials from IAM Role: thesis
2025-04-04 11:08:10,485 - INFO - Found 7 price folders in source.
2025-04-04 11:08:10,486 - INFO - Found 15 volume folders in source.
2025-04-04 11:08:10,505 - INFO - Found credentials from IAM Role: thesis
2025-04-04 11:08:10,827 - INFO - Found 190 merged folders in output.
2025-04-04 11:08:10,827 - INFO - 7 price folders remain to be processed.
2025-04-04 11:08:10,828 - INFO - Processing price folder: RAISE1SEC_PUBLIC_ARCHIVE#BIDDAYOFFER#FILE01#202408010000.parquet
2025-04-04 11:08:10,829 - INFO - Found 1 volume folder(s) matching date 202408010000: ['RAISE1SEC_PUBLIC_ARCHIVE#BIDPEROFFER_D#FILE01#202408010000.parquet']
2025-04-04 11:08:10,829 - INFO - Attempting to read price data from: s3://thesis--ec331-s3/melted-price-bids/RAISE1SEC_PUBLIC_ARCHIVE#BIDDAYOFFER#FILE01#202408010000.parquet/
2025-04-04 11:08:10,830 - INFO - Trying to read as a partitioned dataset
2025-04-04 11:08:10,831 - INFO - Attempting to read from path: s3://thesis--ec331-s3/melted-price-bids/RAISE1SEC_PUBLIC_ARCHIVE#BIDDAYOFFER#FILE01#202408010000.parquet/
2025-04-04 11:08:10,851 - INFO - Found credentials from IAM Role: thesis
2025-04-04 11:08:11,191 - INFO - Price data columns: ['DUID', 'BIDPRICE', 'SETTLEMENTDATE', 'OFFERDATE', 'PARTICIPANTID', 'BIDTYPE', 'BIDBAND']
2025-04-04 11:08:11,223 - INFO - Loaded price data from s3://thesis--ec331-s3/melted-price-bids/RAISE1SEC_PUBLIC_ARCHIVE#BIDDAYOFFER#FILE01#202408010000.parquet/: 15,360 rows
2025-04-04 11:08:11,224 - INFO - Attempting to read volume data from: s3://thesis--ec331-s3/melted-volume-bids/RAISE1SEC_PUBLIC_ARCHIVE#BIDPEROFFER_D#FILE01#202408010000.parquet/
2025-04-04 11:08:11,225 - INFO - Trying to read volume data as a partitioned dataset
2025-04-04 11:08:11,226 - INFO - Attempting to read from path: s3://thesis--ec331-s3/melted-volume-bids/RAISE1SEC_PUBLIC_ARCHIVE#BIDPEROFFER_D#FILE01#202408010000.parquet/
2025-04-04 11:08:11,245 - INFO - Found credentials from IAM Role: thesis
2025-04-04 11:08:11,890 - INFO - Volume data columns: ['TRADINGDATE', 'DUID', 'BIDVOLUME', 'MAXAVAIL', 'PERIODID', 'OFFERDATE', 'ENABLEMENTMIN', 'ENABLEMENTMAX', 'LOWBREAKPOINT', 'HIGHBREAKPOINT', 'BIDBAND']
2025-04-04 11:08:12,121 - INFO - Processed volume data from s3://thesis--ec331-s3/melted-volume-bids/RAISE1SEC_PUBLIC_ARCHIVE#BIDPEROFFER_D#FILE01#202408010000.parquet/: 759,789 rows
2025-04-04 11:08:12,122 - INFO - Combined volume data: 759,789 rows with 11 columns
2025-04-04 11:08:12,122 - INFO - Price columns for merge: ['DUID', 'BIDPRICE', 'SETTLEMENTDATE', 'OFFERDATE', 'PARTICIPANTID', 'BIDTYPE', 'BIDBAND']
2025-04-04 11:08:12,123 - INFO - Volume columns for merge: ['TRADINGDATE', 'DUID', 'BIDVOLUME', 'MAXAVAIL', 'PERIODID', 'OFFERDATE', 'ENABLEMENTMIN', 'ENABLEMENTMAX', 'LOWBREAKPOINT', 'HIGHBREAKPOINT', 'BIDBAND']
2025-04-04 11:08:12,124 - INFO - Ensuring date formats match for merge
2025-04-04 11:08:12,515 - INFO - Merged data has 759,789 rows and 16 columns
2025-04-04 11:08:12,517 - WARNING - Merge resulted in 2289 rows (0.30%) with null BIDPRICE values
2025-04-04 11:08:12,518 - INFO - Writing merged data to s3://thesis--ec331-s3/merged-price-volume-bids/RAISE1SEC_PUBLIC_ARCHIVE#BIDDAYOFFER#FILE01#202408010000.parquet/
2025-04-04 11:08:12,518 - INFO - DRY RUN: Would write merged data to s3://thesis--ec331-s3/merged-price-volume-bids/RAISE1SEC_PUBLIC_ARCHIVE#BIDDAYOFFER#FILE01#202408010000.parquet/
2025-04-04 11:08:12,825 - INFO - Processing price folder: RAISE1SEC_PUBLIC_DVD_BIDDAYOFFER_202310010000.parquet
2025-04-04 11:08:12,827 - INFO - Found 3 volume folder(s) matching date 202310010000: ['RAISE1SEC_PUBLIC_DVD_BIDPEROFFER2_202310010000_capped', 'RAISE1SEC_PUBLIC_DVD_BIDPEROFFER1_202310010000.parquet', 'RAISE1SEC_PUBLIC_DVD_BIDPEROFFER2_202310010000.parquet']
2025-04-04 11:08:12,827 - INFO - Attempting to read price data from: s3://thesis--ec331-s3/melted-price-bids/RAISE1SEC_PUBLIC_DVD_BIDDAYOFFER_202310010000.parquet/
2025-04-04 11:08:12,828 - INFO - Trying to read as a partitioned dataset
2025-04-04 11:08:12,828 - INFO - Attempting to read from path: s3://thesis--ec331-s3/melted-price-bids/RAISE1SEC_PUBLIC_DVD_BIDDAYOFFER_202310010000.parquet/
2025-04-04 11:08:12,848 - INFO - Found credentials from IAM Role: thesis
2025-04-04 11:08:13,149 - INFO - Price data columns: ['DUID', 'BIDPRICE', 'SETTLEMENTDATE', 'OFFERDATE', 'PARTICIPANTID', 'BIDTYPE', 'BIDBAND']
2025-04-04 11:08:13,165 - INFO - Loaded price data from s3://thesis--ec331-s3/melted-price-bids/RAISE1SEC_PUBLIC_DVD_BIDDAYOFFER_202310010000.parquet/: 4,350 rows
2025-04-04 11:08:13,166 - INFO - Attempting to read volume data from: s3://thesis--ec331-s3/melted-volume-bids/RAISE1SEC_PUBLIC_DVD_BIDPEROFFER2_202310010000_capped/
2025-04-04 11:08:13,166 - INFO - Trying to read volume data as a partitioned dataset
2025-04-04 11:08:13,167 - INFO - Attempting to read from path: s3://thesis--ec331-s3/melted-volume-bids/RAISE1SEC_PUBLIC_DVD_BIDPEROFFER2_202310010000_capped/
2025-04-04 11:08:13,206 - INFO - Found credentials from IAM Role: thesis
2025-04-04 11:08:13,536 - INFO - Volume data columns: ['TRADINGDATE', 'DUID', 'BIDVOLUME', 'MAXAVAIL', 'PERIODID', 'ENABLEMENTMIN', 'ENABLEMENTMAX', 'LOWBREAKPOINT', 'HIGHBREAKPOINT', 'BIDBAND']
2025-04-04 11:08:13,567 - INFO - Processed volume data from s3://thesis--ec331-s3/melted-volume-bids/RAISE1SEC_PUBLIC_DVD_BIDPEROFFER2_202310010000_capped/: 77,365 rows
2025-04-04 11:08:13,568 - INFO - Attempting to read volume data from: s3://thesis--ec331-s3/melted-volume-bids/RAISE1SEC_PUBLIC_DVD_BIDPEROFFER1_202310010000.parquet/
2025-04-04 11:08:13,568 - INFO - Trying to read volume data as a partitioned dataset
2025-04-04 11:08:13,569 - INFO - Attempting to read from path: s3://thesis--ec331-s3/melted-volume-bids/RAISE1SEC_PUBLIC_DVD_BIDPEROFFER1_202310010000.parquet/
2025-04-04 11:08:13,588 - INFO - Found credentials from IAM Role: thesis
2025-04-04 11:08:13,921 - INFO - Volume data columns: ['TRADINGDATE', 'DUID', 'BIDVOLUME', 'MAXAVAIL', 'PERIODID', 'ENABLEMENTMIN', 'ENABLEMENTMAX', 'LOWBREAKPOINT', 'HIGHBREAKPOINT', 'BIDBAND']
2025-04-04 11:08:13,952 - INFO - Processed volume data from s3://thesis--ec331-s3/melted-volume-bids/RAISE1SEC_PUBLIC_DVD_BIDPEROFFER1_202310010000.parquet/: 77,365 rows
2025-04-04 11:08:13,953 - INFO - Attempting to read volume data from: s3://thesis--ec331-s3/melted-volume-bids/RAISE1SEC_PUBLIC_DVD_BIDPEROFFER2_202310010000.parquet/
2025-04-04 11:08:13,954 - INFO - Trying to read volume data as a partitioned dataset
2025-04-04 11:08:13,954 - INFO - Attempting to read from path: s3://thesis--ec331-s3/melted-volume-bids/RAISE1SEC_PUBLIC_DVD_BIDPEROFFER2_202310010000.parquet/
2025-04-04 11:08:13,975 - INFO - Found credentials from IAM Role: thesis
2025-04-04 11:08:14,372 - INFO - Volume data columns: ['TRADINGDATE', 'DUID', 'BIDVOLUME', 'MAXAVAIL', 'PERIODID', 'ENABLEMENTMIN', 'ENABLEMENTMAX', 'LOWBREAKPOINT', 'HIGHBREAKPOINT', 'BIDBAND']
2025-04-04 11:08:14,431 - INFO - Processed volume data from s3://thesis--ec331-s3/melted-volume-bids/RAISE1SEC_PUBLIC_DVD_BIDPEROFFER2_202310010000.parquet/: 203,875 rows
2025-04-04 11:08:14,471 - INFO - Combined volume data: 358,605 rows with 10 columns
2025-04-04 11:08:14,473 - INFO - Price columns for merge: ['DUID', 'BIDPRICE', 'SETTLEMENTDATE', 'OFFERDATE', 'PARTICIPANTID', 'BIDTYPE', 'BIDBAND']
2025-04-04 11:08:14,473 - INFO - Volume columns for merge: ['TRADINGDATE', 'DUID', 'BIDVOLUME', 'MAXAVAIL', 'PERIODID', 'ENABLEMENTMIN', 'ENABLEMENTMAX', 'LOWBREAKPOINT', 'HIGHBREAKPOINT', 'BIDBAND']
2025-04-04 11:08:14,474 - INFO - Ensuring date formats match for merge
2025-04-04 11:08:14,623 - INFO - Merged data has 358,605 rows and 15 columns
2025-04-04 11:08:14,625 - INFO - Writing merged data to s3://thesis--ec331-s3/merged-price-volume-bids/RAISE1SEC_PUBLIC_DVD_BIDDAYOFFER_202310010000.parquet/
2025-04-04 11:08:14,625 - INFO - DRY RUN: Would write merged data to s3://thesis--ec331-s3/merged-price-volume-bids/RAISE1SEC_PUBLIC_DVD_BIDDAYOFFER_202310010000.parquet/
2025-04-04 11:08:14,892 - INFO - Processing price folder: RAISE1SEC_PUBLIC_DVD_BIDDAYOFFER_202311010000.parquet
2025-04-04 11:08:14,893 - INFO - Found 2 volume folder(s) matching date 202311010000: ['RAISE1SEC_PUBLIC_DVD_BIDPEROFFER1_202311010000.parquet', 'RAISE1SEC_PUBLIC_DVD_BIDPEROFFER2_202311010000.parquet']
2025-04-04 11:08:14,894 - INFO - Attempting to read price data from: s3://thesis--ec331-s3/melted-price-bids/RAISE1SEC_PUBLIC_DVD_BIDDAYOFFER_202311010000.parquet/
2025-04-04 11:08:14,895 - INFO - Trying to read as a partitioned dataset
2025-04-04 11:08:14,895 - INFO - Attempting to read from path: s3://thesis--ec331-s3/melted-price-bids/RAISE1SEC_PUBLIC_DVD_BIDDAYOFFER_202311010000.parquet/
2025-04-04 11:08:14,915 - INFO - Found credentials from IAM Role: thesis
2025-04-04 11:08:15,249 - INFO - Price data columns: ['DUID', 'BIDPRICE', 'SETTLEMENTDATE', 'OFFERDATE', 'PARTICIPANTID', 'BIDTYPE', 'BIDBAND']
2025-04-04 11:08:15,270 - INFO - Loaded price data from s3://thesis--ec331-s3/melted-price-bids/RAISE1SEC_PUBLIC_DVD_BIDDAYOFFER_202311010000.parquet/: 6,260 rows
2025-04-04 11:08:15,271 - INFO - Attempting to read volume data from: s3://thesis--ec331-s3/melted-volume-bids/RAISE1SEC_PUBLIC_DVD_BIDPEROFFER1_202311010000.parquet/
2025-04-04 11:08:15,272 - INFO - Trying to read volume data as a partitioned dataset
2025-04-04 11:08:15,272 - INFO - Attempting to read from path: s3://thesis--ec331-s3/melted-volume-bids/RAISE1SEC_PUBLIC_DVD_BIDPEROFFER1_202311010000.parquet/
2025-04-04 11:08:15,312 - INFO - Found credentials from IAM Role: thesis
2025-04-04 11:08:15,672 - INFO - Volume data columns: ['TRADINGDATE', 'DUID', 'BIDVOLUME', 'MAXAVAIL', 'PERIODID', 'ENABLEMENTMIN', 'ENABLEMENTMAX', 'LOWBREAKPOINT', 'HIGHBREAKPOINT', 'BIDBAND']
2025-04-04 11:08:15,736 - INFO - Processed volume data from s3://thesis--ec331-s3/melted-volume-bids/RAISE1SEC_PUBLIC_DVD_BIDPEROFFER1_202311010000.parquet/: 222,632 rows
2025-04-04 11:08:15,737 - INFO - Attempting to read volume data from: s3://thesis--ec331-s3/melted-volume-bids/RAISE1SEC_PUBLIC_DVD_BIDPEROFFER2_202311010000.parquet/
2025-04-04 11:08:15,738 - INFO - Trying to read volume data as a partitioned dataset
2025-04-04 11:08:15,738 - INFO - Attempting to read from path: s3://thesis--ec331-s3/melted-volume-bids/RAISE1SEC_PUBLIC_DVD_BIDPEROFFER2_202311010000.parquet/
2025-04-04 11:08:15,756 - INFO - Found credentials from IAM Role: thesis
2025-04-04 11:08:16,187 - INFO - Volume data columns: ['TRADINGDATE', 'DUID', 'BIDVOLUME', 'MAXAVAIL', 'PERIODID', 'ENABLEMENTMIN', 'ENABLEMENTMAX', 'LOWBREAKPOINT', 'HIGHBREAKPOINT', 'BIDBAND']
2025-04-04 11:08:16,256 - INFO - Processed volume data from s3://thesis--ec331-s3/melted-volume-bids/RAISE1SEC_PUBLIC_DVD_BIDPEROFFER2_202311010000.parquet/: 259,862 rows
2025-04-04 11:08:16,305 - INFO - Combined volume data: 482,494 rows with 10 columns
2025-04-04 11:08:16,306 - INFO - Price columns for merge: ['DUID', 'BIDPRICE', 'SETTLEMENTDATE', 'OFFERDATE', 'PARTICIPANTID', 'BIDTYPE', 'BIDBAND']
2025-04-04 11:08:16,307 - INFO - Volume columns for merge: ['TRADINGDATE', 'DUID', 'BIDVOLUME', 'MAXAVAIL', 'PERIODID', 'ENABLEMENTMIN', 'ENABLEMENTMAX', 'LOWBREAKPOINT', 'HIGHBREAKPOINT', 'BIDBAND']
2025-04-04 11:08:16,308 - INFO - Ensuring date formats match for merge
2025-04-04 11:08:16,498 - INFO - Merged data has 482,494 rows and 15 columns
2025-04-04 11:08:16,500 - INFO - Writing merged data to s3://thesis--ec331-s3/merged-price-volume-bids/RAISE1SEC_PUBLIC_DVD_BIDDAYOFFER_202311010000.parquet/
2025-04-04 11:08:16,500 - INFO - DRY RUN: Would write merged data to s3://thesis--ec331-s3/merged-price-volume-bids/RAISE1SEC_PUBLIC_DVD_BIDDAYOFFER_202311010000.parquet/
2025-04-04 11:08:16,734 - INFO - Processing price folder: RAISE1SEC_PUBLIC_DVD_BIDDAYOFFER_202312010000.parquet
2025-04-04 11:08:16,735 - INFO - Found 2 volume folder(s) matching date 202312010000: ['RAISE1SEC_PUBLIC_DVD_BIDPEROFFER2_202312010000-1.parquet', 'RAISE1SEC_PUBLIC_DVD_BIDPEROFFER1_202312010000.parquet']
2025-04-04 11:08:16,735 - INFO - Attempting to read price data from: s3://thesis--ec331-s3/melted-price-bids/RAISE1SEC_PUBLIC_DVD_BIDDAYOFFER_202312010000.parquet/
2025-04-04 11:08:16,736 - INFO - Trying to read as a partitioned dataset
2025-04-04 11:08:16,737 - INFO - Attempting to read from path: s3://thesis--ec331-s3/melted-price-bids/RAISE1SEC_PUBLIC_DVD_BIDDAYOFFER_202312010000.parquet/
2025-04-04 11:08:16,755 - INFO - Found credentials from IAM Role: thesis
2025-04-04 11:08:17,067 - INFO - Price data columns: ['DUID', 'BIDPRICE', 'SETTLEMENTDATE', 'OFFERDATE', 'PARTICIPANTID', 'BIDTYPE', 'BIDBAND']
2025-04-04 11:08:17,091 - INFO - Loaded price data from s3://thesis--ec331-s3/melted-price-bids/RAISE1SEC_PUBLIC_DVD_BIDDAYOFFER_202312010000.parquet/: 7,330 rows
2025-04-04 11:08:17,092 - INFO - Attempting to read volume data from: s3://thesis--ec331-s3/melted-volume-bids/RAISE1SEC_PUBLIC_DVD_BIDPEROFFER2_202312010000-1.parquet/
2025-04-04 11:08:17,093 - INFO - Trying to read volume data as a partitioned dataset
2025-04-04 11:08:17,094 - INFO - Attempting to read from path: s3://thesis--ec331-s3/melted-volume-bids/RAISE1SEC_PUBLIC_DVD_BIDPEROFFER2_202312010000-1.parquet/
2025-04-04 11:08:17,133 - INFO - Found credentials from IAM Role: thesis
2025-04-04 11:08:17,519 - INFO - Volume data columns: ['TRADINGDATE', 'DUID', 'BIDVOLUME', 'MAXAVAIL', 'PERIODID', 'ENABLEMENTMIN', 'ENABLEMENTMAX', 'LOWBREAKPOINT', 'HIGHBREAKPOINT', 'BIDBAND']
2025-04-04 11:08:17,588 - INFO - Processed volume data from s3://thesis--ec331-s3/melted-volume-bids/RAISE1SEC_PUBLIC_DVD_BIDPEROFFER2_202312010000-1.parquet/: 269,312 rows
2025-04-04 11:08:17,589 - INFO - Attempting to read volume data from: s3://thesis--ec331-s3/melted-volume-bids/RAISE1SEC_PUBLIC_DVD_BIDPEROFFER1_202312010000.parquet/
2025-04-04 11:08:17,590 - INFO - Trying to read volume data as a partitioned dataset
2025-04-04 11:08:17,590 - INFO - Attempting to read from path: s3://thesis--ec331-s3/melted-volume-bids/RAISE1SEC_PUBLIC_DVD_BIDPEROFFER1_202312010000.parquet/
2025-04-04 11:08:17,609 - INFO - Found credentials from IAM Role: thesis
2025-04-04 11:08:18,022 - INFO - Volume data columns: ['TRADINGDATE', 'DUID', 'BIDVOLUME', 'MAXAVAIL', 'PERIODID', 'ENABLEMENTMIN', 'ENABLEMENTMAX', 'LOWBREAKPOINT', 'HIGHBREAKPOINT', 'BIDBAND']
2025-04-04 11:08:18,089 - INFO - Processed volume data from s3://thesis--ec331-s3/melted-volume-bids/RAISE1SEC_PUBLIC_DVD_BIDPEROFFER1_202312010000.parquet/: 265,055 rows
2025-04-04 11:08:18,100 - INFO - Combined volume data: 534,367 rows with 10 columns
2025-04-04 11:08:18,101 - INFO - Price columns for merge: ['DUID', 'BIDPRICE', 'SETTLEMENTDATE', 'OFFERDATE', 'PARTICIPANTID', 'BIDTYPE', 'BIDBAND']
2025-04-04 11:08:18,102 - INFO - Volume columns for merge: ['TRADINGDATE', 'DUID', 'BIDVOLUME', 'MAXAVAIL', 'PERIODID', 'ENABLEMENTMIN', 'ENABLEMENTMAX', 'LOWBREAKPOINT', 'HIGHBREAKPOINT', 'BIDBAND']
2025-04-04 11:08:18,102 - INFO - Ensuring date formats match for merge
2025-04-04 11:08:18,379 - INFO - Merged data has 534,367 rows and 15 columns
2025-04-04 11:08:18,381 - INFO - Writing merged data to s3://thesis--ec331-s3/merged-price-volume-bids/RAISE1SEC_PUBLIC_DVD_BIDDAYOFFER_202312010000.parquet/
2025-04-04 11:08:18,382 - INFO - DRY RUN: Would write merged data to s3://thesis--ec331-s3/merged-price-volume-bids/RAISE1SEC_PUBLIC_DVD_BIDDAYOFFER_202312010000.parquet/
2025-04-04 11:08:18,610 - INFO - Processing price folder: RAISE1SEC_PUBLIC_DVD_BIDDAYOFFER_202401010000.parquet
2025-04-04 11:08:18,611 - INFO - Found 2 volume folder(s) matching date 202401010000: ['RAISE1SEC_PUBLIC_DVD_BIDPEROFFER2_202401010000.parquet', 'RAISE1SEC_PUBLIC_DVD_BIDPEROFFER1_202401010000.parquet']
2025-04-04 11:08:18,612 - INFO - Attempting to read price data from: s3://thesis--ec331-s3/melted-price-bids/RAISE1SEC_PUBLIC_DVD_BIDDAYOFFER_202401010000.parquet/
2025-04-04 11:08:18,612 - INFO - Trying to read as a partitioned dataset
2025-04-04 11:08:18,613 - INFO - Attempting to read from path: s3://thesis--ec331-s3/melted-price-bids/RAISE1SEC_PUBLIC_DVD_BIDDAYOFFER_202401010000.parquet/
2025-04-04 11:08:18,632 - INFO - Found credentials from IAM Role: thesis
2025-04-04 11:08:18,992 - INFO - Price data columns: ['DUID', 'BIDPRICE', 'SETTLEMENTDATE', 'OFFERDATE', 'PARTICIPANTID', 'BIDTYPE', 'BIDBAND']
2025-04-04 11:08:19,017 - INFO - Loaded price data from s3://thesis--ec331-s3/melted-price-bids/RAISE1SEC_PUBLIC_DVD_BIDDAYOFFER_202401010000.parquet/: 7,750 rows
2025-04-04 11:08:19,018 - INFO - Attempting to read volume data from: s3://thesis--ec331-s3/melted-volume-bids/RAISE1SEC_PUBLIC_DVD_BIDPEROFFER2_202401010000.parquet/
2025-04-04 11:08:19,019 - INFO - Trying to read volume data as a partitioned dataset
2025-04-04 11:08:19,019 - INFO - Attempting to read from path: s3://thesis--ec331-s3/melted-volume-bids/RAISE1SEC_PUBLIC_DVD_BIDPEROFFER2_202401010000.parquet/
2025-04-04 11:08:19,059 - INFO - Found credentials from IAM Role: thesis
2025-04-04 11:08:19,445 - INFO - Volume data columns: ['TRADINGDATE', 'DUID', 'BIDVOLUME', 'MAXAVAIL', 'PERIODID', 'ENABLEMENTMIN', 'ENABLEMENTMAX', 'LOWBREAKPOINT', 'HIGHBREAKPOINT', 'BIDBAND']
2025-04-04 11:08:19,509 - INFO - Processed volume data from s3://thesis--ec331-s3/melted-volume-bids/RAISE1SEC_PUBLIC_DVD_BIDPEROFFER2_202401010000.parquet/: 251,125 rows
2025-04-04 11:08:19,510 - INFO - Attempting to read volume data from: s3://thesis--ec331-s3/melted-volume-bids/RAISE1SEC_PUBLIC_DVD_BIDPEROFFER1_202401010000.parquet/
2025-04-04 11:08:19,511 - INFO - Trying to read volume data as a partitioned dataset
2025-04-04 11:08:19,511 - INFO - Attempting to read from path: s3://thesis--ec331-s3/melted-volume-bids/RAISE1SEC_PUBLIC_DVD_BIDPEROFFER1_202401010000.parquet/
2025-04-04 11:08:19,530 - INFO - Found credentials from IAM Role: thesis
2025-04-04 11:08:19,903 - INFO - Volume data columns: ['TRADINGDATE', 'DUID', 'BIDVOLUME', 'MAXAVAIL', 'PERIODID', 'ENABLEMENTMIN', 'ENABLEMENTMAX', 'LOWBREAKPOINT', 'HIGHBREAKPOINT', 'BIDBAND']
2025-04-04 11:08:19,964 - INFO - Processed volume data from s3://thesis--ec331-s3/melted-volume-bids/RAISE1SEC_PUBLIC_DVD_BIDPEROFFER1_202401010000.parquet/: 245,990 rows
2025-04-04 11:08:20,010 - INFO - Combined volume data: 497,115 rows with 10 columns
2025-04-04 11:08:20,011 - INFO - Price columns for merge: ['DUID', 'BIDPRICE', 'SETTLEMENTDATE', 'OFFERDATE', 'PARTICIPANTID', 'BIDTYPE', 'BIDBAND']
2025-04-04 11:08:20,012 - INFO - Volume columns for merge: ['TRADINGDATE', 'DUID', 'BIDVOLUME', 'MAXAVAIL', 'PERIODID', 'ENABLEMENTMIN', 'ENABLEMENTMAX', 'LOWBREAKPOINT', 'HIGHBREAKPOINT', 'BIDBAND']
2025-04-04 11:08:20,012 - INFO - Ensuring date formats match for merge
2025-04-04 11:08:20,203 - INFO - Merged data has 497,115 rows and 15 columns
2025-04-04 11:08:20,205 - INFO - Writing merged data to s3://thesis--ec331-s3/merged-price-volume-bids/RAISE1SEC_PUBLIC_DVD_BIDDAYOFFER_202401010000.parquet/
2025-04-04 11:08:20,206 - INFO - DRY RUN: Would write merged data to s3://thesis--ec331-s3/merged-price-volume-bids/RAISE1SEC_PUBLIC_DVD_BIDDAYOFFER_202401010000.parquet/
2025-04-04 11:08:20,438 - INFO - Processing price folder: RAISE1SEC_PUBLIC_DVD_BIDDAYOFFER_202402010000.parquet
2025-04-04 11:08:20,439 - INFO - Found 2 volume folder(s) matching date 202402010000: ['RAISE1SEC_PUBLIC_DVD_BIDPEROFFER1_202402010000.parquet', 'RAISE1SEC_PUBLIC_DVD_BIDPEROFFER2_202402010000.parquet']
2025-04-04 11:08:20,440 - INFO - Attempting to read price data from: s3://thesis--ec331-s3/melted-price-bids/RAISE1SEC_PUBLIC_DVD_BIDDAYOFFER_202402010000.parquet/
2025-04-04 11:08:20,441 - INFO - Trying to read as a partitioned dataset
2025-04-04 11:08:20,441 - INFO - Attempting to read from path: s3://thesis--ec331-s3/melted-price-bids/RAISE1SEC_PUBLIC_DVD_BIDDAYOFFER_202402010000.parquet/
2025-04-04 11:08:20,460 - INFO - Found credentials from IAM Role: thesis
2025-04-04 11:08:20,771 - INFO - Price data columns: ['DUID', 'BIDPRICE', 'SETTLEMENTDATE', 'OFFERDATE', 'PARTICIPANTID', 'BIDTYPE', 'BIDBAND']
2025-04-04 11:08:20,795 - INFO - Loaded price data from s3://thesis--ec331-s3/melted-price-bids/RAISE1SEC_PUBLIC_DVD_BIDDAYOFFER_202402010000.parquet/: 7,700 rows
2025-04-04 11:08:20,796 - INFO - Attempting to read volume data from: s3://thesis--ec331-s3/melted-volume-bids/RAISE1SEC_PUBLIC_DVD_BIDPEROFFER1_202402010000.parquet/
2025-04-04 11:08:20,797 - INFO - Trying to read volume data as a partitioned dataset
2025-04-04 11:08:20,798 - INFO - Attempting to read from path: s3://thesis--ec331-s3/melted-volume-bids/RAISE1SEC_PUBLIC_DVD_BIDPEROFFER1_202402010000.parquet/
2025-04-04 11:08:20,836 - INFO - Found credentials from IAM Role: thesis
2025-04-04 11:08:21,253 - INFO - Volume data columns: ['TRADINGDATE', 'DUID', 'BIDVOLUME', 'MAXAVAIL', 'PERIODID', 'ENABLEMENTMIN', 'ENABLEMENTMAX', 'LOWBREAKPOINT', 'HIGHBREAKPOINT', 'BIDBAND']
2025-04-04 11:08:21,324 - INFO - Processed volume data from s3://thesis--ec331-s3/melted-volume-bids/RAISE1SEC_PUBLIC_DVD_BIDPEROFFER1_202402010000.parquet/: 256,850 rows
2025-04-04 11:08:21,325 - INFO - Attempting to read volume data from: s3://thesis--ec331-s3/melted-volume-bids/RAISE1SEC_PUBLIC_DVD_BIDPEROFFER2_202402010000.parquet/
2025-04-04 11:08:21,325 - INFO - Trying to read volume data as a partitioned dataset
2025-04-04 11:08:21,326 - INFO - Attempting to read from path: s3://thesis--ec331-s3/melted-volume-bids/RAISE1SEC_PUBLIC_DVD_BIDPEROFFER2_202402010000.parquet/
2025-04-04 11:08:21,344 - INFO - Found credentials from IAM Role: thesis
2025-04-04 11:08:21,750 - INFO - Volume data columns: ['TRADINGDATE', 'DUID', 'BIDVOLUME', 'MAXAVAIL', 'PERIODID', 'ENABLEMENTMIN', 'ENABLEMENTMAX', 'LOWBREAKPOINT', 'HIGHBREAKPOINT', 'BIDBAND']
2025-04-04 11:08:21,813 - INFO - Processed volume data from s3://thesis--ec331-s3/melted-volume-bids/RAISE1SEC_PUBLIC_DVD_BIDPEROFFER2_202402010000.parquet/: 242,417 rows
2025-04-04 11:08:21,865 - INFO - Combined volume data: 499,267 rows with 10 columns
2025-04-04 11:08:21,866 - INFO - Price columns for merge: ['DUID', 'BIDPRICE', 'SETTLEMENTDATE', 'OFFERDATE', 'PARTICIPANTID', 'BIDTYPE', 'BIDBAND']
2025-04-04 11:08:21,867 - INFO - Volume columns for merge: ['TRADINGDATE', 'DUID', 'BIDVOLUME', 'MAXAVAIL', 'PERIODID', 'ENABLEMENTMIN', 'ENABLEMENTMAX', 'LOWBREAKPOINT', 'HIGHBREAKPOINT', 'BIDBAND']
2025-04-04 11:08:21,867 - INFO - Ensuring date formats match for merge
2025-04-04 11:08:22,063 - INFO - Merged data has 499,267 rows and 15 columns
2025-04-04 11:08:22,064 - INFO - Writing merged data to s3://thesis--ec331-s3/merged-price-volume-bids/RAISE1SEC_PUBLIC_DVD_BIDDAYOFFER_202402010000.parquet/
2025-04-04 11:08:22,065 - INFO - DRY RUN: Would write merged data to s3://thesis--ec331-s3/merged-price-volume-bids/RAISE1SEC_PUBLIC_DVD_BIDDAYOFFER_202402010000.parquet/
2025-04-04 11:08:22,296 - INFO - Processing price folder: RAISE1SEC_PUBLIC_DVD_BIDDAYOFFER_202405010000.parquet
2025-04-04 11:08:22,297 - INFO - Found 1 volume folder(s) matching date 202405010000: ['RAISE1SEC_PUBLIC_DVD_BIDPEROFFER1_202405010000.parquet']
2025-04-04 11:08:22,298 - INFO - Attempting to read price data from: s3://thesis--ec331-s3/melted-price-bids/RAISE1SEC_PUBLIC_DVD_BIDDAYOFFER_202405010000.parquet/
2025-04-04 11:08:22,299 - INFO - Trying to read as a partitioned dataset
2025-04-04 11:08:22,299 - INFO - Attempting to read from path: s3://thesis--ec331-s3/melted-price-bids/RAISE1SEC_PUBLIC_DVD_BIDDAYOFFER_202405010000.parquet/
2025-04-04 11:08:22,318 - INFO - Found credentials from IAM Role: thesis
2025-04-04 11:08:22,658 - INFO - Price data columns: ['DUID', 'BIDPRICE', 'SETTLEMENTDATE', 'OFFERDATE', 'PARTICIPANTID', 'BIDTYPE', 'BIDBAND']
2025-04-04 11:08:22,688 - INFO - Loaded price data from s3://thesis--ec331-s3/melted-price-bids/RAISE1SEC_PUBLIC_DVD_BIDDAYOFFER_202405010000.parquet/: 11,630 rows
2025-04-04 11:08:22,689 - INFO - Attempting to read volume data from: s3://thesis--ec331-s3/melted-volume-bids/RAISE1SEC_PUBLIC_DVD_BIDPEROFFER1_202405010000.parquet/
2025-04-04 11:08:22,690 - INFO - Trying to read volume data as a partitioned dataset
2025-04-04 11:08:22,690 - INFO - Attempting to read from path: s3://thesis--ec331-s3/melted-volume-bids/RAISE1SEC_PUBLIC_DVD_BIDPEROFFER1_202405010000.parquet/
2025-04-04 11:08:22,730 - INFO - Found credentials from IAM Role: thesis
2025-04-04 11:08:23,163 - INFO - Volume data columns: ['TRADINGDATE', 'DUID', 'BIDVOLUME', 'MAXAVAIL', 'PERIODID', 'ENABLEMENTMIN', 'ENABLEMENTMAX', 'LOWBREAKPOINT', 'HIGHBREAKPOINT', 'BIDBAND']
2025-04-04 11:08:23,249 - INFO - Processed volume data from s3://thesis--ec331-s3/melted-volume-bids/RAISE1SEC_PUBLIC_DVD_BIDPEROFFER1_202405010000.parquet/: 328,995 rows
2025-04-04 11:08:23,250 - INFO - Combined volume data: 328,995 rows with 10 columns
2025-04-04 11:08:23,251 - INFO - Price columns for merge: ['DUID', 'BIDPRICE', 'SETTLEMENTDATE', 'OFFERDATE', 'PARTICIPANTID', 'BIDTYPE', 'BIDBAND']
2025-04-04 11:08:23,252 - INFO - Volume columns for merge: ['TRADINGDATE', 'DUID', 'BIDVOLUME', 'MAXAVAIL', 'PERIODID', 'ENABLEMENTMIN', 'ENABLEMENTMAX', 'LOWBREAKPOINT', 'HIGHBREAKPOINT', 'BIDBAND']
2025-04-04 11:08:23,252 - INFO - Ensuring date formats match for merge
2025-04-04 11:08:23,443 - INFO - Merged data has 328,995 rows and 15 columns
2025-04-04 11:08:23,444 - INFO - Writing merged data to s3://thesis--ec331-s3/merged-price-volume-bids/RAISE1SEC_PUBLIC_DVD_BIDDAYOFFER_202405010000.parquet/
2025-04-04 11:08:23,445 - INFO - DRY RUN: Would write merged data to s3://thesis--ec331-s3/merged-price-volume-bids/RAISE1SEC_PUBLIC_DVD_BIDDAYOFFER_202405010000.parquet/
2025-04-04 11:08:23,632 - INFO - 🏁 Finished batch merge process for price and volume bids.
2025-04-04 11:08:57,348 - INFO - 🚀 Starting batch merge process for price and volume bids
2025-04-04 11:08:57,367 - INFO - Found credentials from IAM Role: thesis
2025-04-04 11:08:57,640 - INFO - Found credentials from IAM Role: thesis
2025-04-04 11:08:57,911 - INFO - Found 7 price folders in source.
2025-04-04 11:08:57,912 - INFO - Found 15 volume folders in source.
2025-04-04 11:08:57,930 - INFO - Found credentials from IAM Role: thesis
2025-04-04 11:08:58,228 - INFO - Found 190 merged folders in output.
2025-04-04 11:08:58,229 - INFO - 7 price folders remain to be processed.
2025-04-04 11:08:58,229 - INFO - Processing price folder: RAISE1SEC_PUBLIC_ARCHIVE#BIDDAYOFFER#FILE01#202408010000.parquet
2025-04-04 11:08:58,230 - INFO - Found 1 volume folder(s) matching date 202408010000: ['RAISE1SEC_PUBLIC_ARCHIVE#BIDPEROFFER_D#FILE01#202408010000.parquet']
2025-04-04 11:08:58,231 - INFO - Attempting to read price data from: s3://thesis--ec331-s3/melted-price-bids/RAISE1SEC_PUBLIC_ARCHIVE#BIDDAYOFFER#FILE01#202408010000.parquet/
2025-04-04 11:08:58,231 - INFO - Trying to read as a partitioned dataset
2025-04-04 11:08:58,232 - INFO - Attempting to read from path: s3://thesis--ec331-s3/melted-price-bids/RAISE1SEC_PUBLIC_ARCHIVE#BIDDAYOFFER#FILE01#202408010000.parquet/
2025-04-04 11:08:58,251 - INFO - Found credentials from IAM Role: thesis
2025-04-04 11:08:58,542 - INFO - Price data columns: ['DUID', 'BIDPRICE', 'SETTLEMENTDATE', 'OFFERDATE', 'PARTICIPANTID', 'BIDTYPE', 'BIDBAND']
2025-04-04 11:08:58,574 - INFO - Loaded price data from s3://thesis--ec331-s3/melted-price-bids/RAISE1SEC_PUBLIC_ARCHIVE#BIDDAYOFFER#FILE01#202408010000.parquet/: 15,360 rows
2025-04-04 11:08:58,575 - INFO - Attempting to read volume data from: s3://thesis--ec331-s3/melted-volume-bids/RAISE1SEC_PUBLIC_ARCHIVE#BIDPEROFFER_D#FILE01#202408010000.parquet/
2025-04-04 11:08:58,575 - INFO - Trying to read volume data as a partitioned dataset
2025-04-04 11:08:58,576 - INFO - Attempting to read from path: s3://thesis--ec331-s3/melted-volume-bids/RAISE1SEC_PUBLIC_ARCHIVE#BIDPEROFFER_D#FILE01#202408010000.parquet/
2025-04-04 11:08:58,611 - INFO - Found credentials from IAM Role: thesis
2025-04-04 11:08:59,193 - INFO - Volume data columns: ['TRADINGDATE', 'DUID', 'BIDVOLUME', 'MAXAVAIL', 'PERIODID', 'OFFERDATE', 'ENABLEMENTMIN', 'ENABLEMENTMAX', 'LOWBREAKPOINT', 'HIGHBREAKPOINT', 'BIDBAND']
2025-04-04 11:08:59,397 - INFO - Processed volume data from s3://thesis--ec331-s3/melted-volume-bids/RAISE1SEC_PUBLIC_ARCHIVE#BIDPEROFFER_D#FILE01#202408010000.parquet/: 759,789 rows
2025-04-04 11:08:59,399 - INFO - Combined volume data: 759,789 rows with 11 columns
2025-04-04 11:08:59,399 - INFO - Price columns for merge: ['DUID', 'BIDPRICE', 'SETTLEMENTDATE', 'OFFERDATE', 'PARTICIPANTID', 'BIDTYPE', 'BIDBAND']
2025-04-04 11:08:59,400 - INFO - Volume columns for merge: ['TRADINGDATE', 'DUID', 'BIDVOLUME', 'MAXAVAIL', 'PERIODID', 'OFFERDATE', 'ENABLEMENTMIN', 'ENABLEMENTMAX', 'LOWBREAKPOINT', 'HIGHBREAKPOINT', 'BIDBAND']
2025-04-04 11:08:59,401 - INFO - Ensuring date formats match for merge
2025-04-04 11:08:59,797 - INFO - Merged data has 759,789 rows and 16 columns
2025-04-04 11:08:59,799 - WARNING - Merge resulted in 2289 rows (0.30%) with null BIDPRICE values
2025-04-04 11:08:59,800 - INFO - Writing merged data to s3://thesis--ec331-s3/merged-price-volume-bids/RAISE1SEC_PUBLIC_ARCHIVE#BIDDAYOFFER#FILE01#202408010000.parquet/
2025-04-04 11:08:59,800 - INFO - Writing data as partitioned dataset
2025-04-04 11:08:59,819 - INFO - Found credentials from IAM Role: thesis
2025-04-04 11:08:59,939 - INFO - Found credentials from IAM Role: thesis
2025-04-04 11:09:00,702 - INFO - Found credentials from IAM Role: thesis
2025-04-04 11:09:03,337 - INFO - ✓ Merged data written to s3://thesis--ec331-s3/merged-price-volume-bids/RAISE1SEC_PUBLIC_ARCHIVE#BIDDAYOFFER#FILE01#202408010000.parquet/
2025-04-04 11:09:03,714 - INFO - Processing price folder: RAISE1SEC_PUBLIC_DVD_BIDDAYOFFER_202310010000.parquet
2025-04-04 11:09:03,715 - INFO - Found 3 volume folder(s) matching date 202310010000: ['RAISE1SEC_PUBLIC_DVD_BIDPEROFFER2_202310010000_capped', 'RAISE1SEC_PUBLIC_DVD_BIDPEROFFER1_202310010000.parquet', 'RAISE1SEC_PUBLIC_DVD_BIDPEROFFER2_202310010000.parquet']
2025-04-04 11:09:03,716 - INFO - Attempting to read price data from: s3://thesis--ec331-s3/melted-price-bids/RAISE1SEC_PUBLIC_DVD_BIDDAYOFFER_202310010000.parquet/
2025-04-04 11:09:03,717 - INFO - Trying to read as a partitioned dataset
2025-04-04 11:09:03,717 - INFO - Attempting to read from path: s3://thesis--ec331-s3/melted-price-bids/RAISE1SEC_PUBLIC_DVD_BIDDAYOFFER_202310010000.parquet/
2025-04-04 11:09:03,736 - INFO - Found credentials from IAM Role: thesis
2025-04-04 11:09:04,046 - INFO - Price data columns: ['DUID', 'BIDPRICE', 'SETTLEMENTDATE', 'OFFERDATE', 'PARTICIPANTID', 'BIDTYPE', 'BIDBAND']
2025-04-04 11:09:04,063 - INFO - Loaded price data from s3://thesis--ec331-s3/melted-price-bids/RAISE1SEC_PUBLIC_DVD_BIDDAYOFFER_202310010000.parquet/: 4,350 rows
2025-04-04 11:09:04,064 - INFO - Attempting to read volume data from: s3://thesis--ec331-s3/melted-volume-bids/RAISE1SEC_PUBLIC_DVD_BIDPEROFFER2_202310010000_capped/
2025-04-04 11:09:04,065 - INFO - Trying to read volume data as a partitioned dataset
2025-04-04 11:09:04,065 - INFO - Attempting to read from path: s3://thesis--ec331-s3/melted-volume-bids/RAISE1SEC_PUBLIC_DVD_BIDPEROFFER2_202310010000_capped/
2025-04-04 11:09:04,105 - INFO - Found credentials from IAM Role: thesis
2025-04-04 11:09:04,423 - INFO - Volume data columns: ['TRADINGDATE', 'DUID', 'BIDVOLUME', 'MAXAVAIL', 'PERIODID', 'ENABLEMENTMIN', 'ENABLEMENTMAX', 'LOWBREAKPOINT', 'HIGHBREAKPOINT', 'BIDBAND']
2025-04-04 11:09:04,455 - INFO - Processed volume data from s3://thesis--ec331-s3/melted-volume-bids/RAISE1SEC_PUBLIC_DVD_BIDPEROFFER2_202310010000_capped/: 77,365 rows
2025-04-04 11:09:04,456 - INFO - Attempting to read volume data from: s3://thesis--ec331-s3/melted-volume-bids/RAISE1SEC_PUBLIC_DVD_BIDPEROFFER1_202310010000.parquet/
2025-04-04 11:09:04,457 - INFO - Trying to read volume data as a partitioned dataset
2025-04-04 11:09:04,457 - INFO - Attempting to read from path: s3://thesis--ec331-s3/melted-volume-bids/RAISE1SEC_PUBLIC_DVD_BIDPEROFFER1_202310010000.parquet/
2025-04-04 11:09:04,476 - INFO - Found credentials from IAM Role: thesis
2025-04-04 11:09:04,807 - INFO - Volume data columns: ['TRADINGDATE', 'DUID', 'BIDVOLUME', 'MAXAVAIL', 'PERIODID', 'ENABLEMENTMIN', 'ENABLEMENTMAX', 'LOWBREAKPOINT', 'HIGHBREAKPOINT', 'BIDBAND']
2025-04-04 11:09:04,838 - INFO - Processed volume data from s3://thesis--ec331-s3/melted-volume-bids/RAISE1SEC_PUBLIC_DVD_BIDPEROFFER1_202310010000.parquet/: 77,365 rows
2025-04-04 11:09:04,839 - INFO - Attempting to read volume data from: s3://thesis--ec331-s3/melted-volume-bids/RAISE1SEC_PUBLIC_DVD_BIDPEROFFER2_202310010000.parquet/
2025-04-04 11:09:04,839 - INFO - Trying to read volume data as a partitioned dataset
2025-04-04 11:09:04,840 - INFO - Attempting to read from path: s3://thesis--ec331-s3/melted-volume-bids/RAISE1SEC_PUBLIC_DVD_BIDPEROFFER2_202310010000.parquet/
2025-04-04 11:09:04,858 - INFO - Found credentials from IAM Role: thesis
2025-04-04 11:09:05,226 - INFO - Volume data columns: ['TRADINGDATE', 'DUID', 'BIDVOLUME', 'MAXAVAIL', 'PERIODID', 'ENABLEMENTMIN', 'ENABLEMENTMAX', 'LOWBREAKPOINT', 'HIGHBREAKPOINT', 'BIDBAND']
2025-04-04 11:09:05,280 - INFO - Processed volume data from s3://thesis--ec331-s3/melted-volume-bids/RAISE1SEC_PUBLIC_DVD_BIDPEROFFER2_202310010000.parquet/: 203,875 rows
2025-04-04 11:09:05,315 - INFO - Combined volume data: 358,605 rows with 10 columns
2025-04-04 11:09:05,316 - INFO - Price columns for merge: ['DUID', 'BIDPRICE', 'SETTLEMENTDATE', 'OFFERDATE', 'PARTICIPANTID', 'BIDTYPE', 'BIDBAND']
2025-04-04 11:09:05,317 - INFO - Volume columns for merge: ['TRADINGDATE', 'DUID', 'BIDVOLUME', 'MAXAVAIL', 'PERIODID', 'ENABLEMENTMIN', 'ENABLEMENTMAX', 'LOWBREAKPOINT', 'HIGHBREAKPOINT', 'BIDBAND']
2025-04-04 11:09:05,318 - INFO - Ensuring date formats match for merge
2025-04-04 11:09:05,445 - INFO - Merged data has 358,605 rows and 15 columns
2025-04-04 11:09:05,446 - INFO - Writing merged data to s3://thesis--ec331-s3/merged-price-volume-bids/RAISE1SEC_PUBLIC_DVD_BIDDAYOFFER_202310010000.parquet/
2025-04-04 11:09:05,447 - INFO - Writing data as partitioned dataset
2025-04-04 11:09:05,466 - INFO - Found credentials from IAM Role: thesis
2025-04-04 11:09:05,622 - INFO - Found credentials from IAM Role: thesis
2025-04-04 11:09:06,311 - INFO - Found credentials from IAM Role: thesis
2025-04-04 11:09:07,708 - INFO - ✓ Merged data written to s3://thesis--ec331-s3/merged-price-volume-bids/RAISE1SEC_PUBLIC_DVD_BIDDAYOFFER_202310010000.parquet/
2025-04-04 11:09:08,034 - INFO - Processing price folder: RAISE1SEC_PUBLIC_DVD_BIDDAYOFFER_202311010000.parquet
2025-04-04 11:09:08,036 - INFO - Found 2 volume folder(s) matching date 202311010000: ['RAISE1SEC_PUBLIC_DVD_BIDPEROFFER1_202311010000.parquet', 'RAISE1SEC_PUBLIC_DVD_BIDPEROFFER2_202311010000.parquet']
2025-04-04 11:09:08,036 - INFO - Attempting to read price data from: s3://thesis--ec331-s3/melted-price-bids/RAISE1SEC_PUBLIC_DVD_BIDDAYOFFER_202311010000.parquet/
2025-04-04 11:09:08,037 - INFO - Trying to read as a partitioned dataset
2025-04-04 11:09:08,038 - INFO - Attempting to read from path: s3://thesis--ec331-s3/melted-price-bids/RAISE1SEC_PUBLIC_DVD_BIDDAYOFFER_202311010000.parquet/
2025-04-04 11:09:08,057 - INFO - Found credentials from IAM Role: thesis
2025-04-04 11:09:08,365 - INFO - Price data columns: ['DUID', 'BIDPRICE', 'SETTLEMENTDATE', 'OFFERDATE', 'PARTICIPANTID', 'BIDTYPE', 'BIDBAND']
2025-04-04 11:09:08,386 - INFO - Loaded price data from s3://thesis--ec331-s3/melted-price-bids/RAISE1SEC_PUBLIC_DVD_BIDDAYOFFER_202311010000.parquet/: 6,260 rows
2025-04-04 11:09:08,387 - INFO - Attempting to read volume data from: s3://thesis--ec331-s3/melted-volume-bids/RAISE1SEC_PUBLIC_DVD_BIDPEROFFER1_202311010000.parquet/
2025-04-04 11:09:08,387 - INFO - Trying to read volume data as a partitioned dataset
2025-04-04 11:09:08,388 - INFO - Attempting to read from path: s3://thesis--ec331-s3/melted-volume-bids/RAISE1SEC_PUBLIC_DVD_BIDPEROFFER1_202311010000.parquet/
2025-04-04 11:09:08,428 - INFO - Found credentials from IAM Role: thesis
2025-04-04 11:09:08,778 - INFO - Volume data columns: ['TRADINGDATE', 'DUID', 'BIDVOLUME', 'MAXAVAIL', 'PERIODID', 'ENABLEMENTMIN', 'ENABLEMENTMAX', 'LOWBREAKPOINT', 'HIGHBREAKPOINT', 'BIDBAND']
2025-04-04 11:09:08,844 - INFO - Processed volume data from s3://thesis--ec331-s3/melted-volume-bids/RAISE1SEC_PUBLIC_DVD_BIDPEROFFER1_202311010000.parquet/: 222,632 rows
2025-04-04 11:09:08,844 - INFO - Attempting to read volume data from: s3://thesis--ec331-s3/melted-volume-bids/RAISE1SEC_PUBLIC_DVD_BIDPEROFFER2_202311010000.parquet/
2025-04-04 11:09:08,845 - INFO - Trying to read volume data as a partitioned dataset
2025-04-04 11:09:08,846 - INFO - Attempting to read from path: s3://thesis--ec331-s3/melted-volume-bids/RAISE1SEC_PUBLIC_DVD_BIDPEROFFER2_202311010000.parquet/
2025-04-04 11:09:08,865 - INFO - Found credentials from IAM Role: thesis
2025-04-04 11:09:09,247 - INFO - Volume data columns: ['TRADINGDATE', 'DUID', 'BIDVOLUME', 'MAXAVAIL', 'PERIODID', 'ENABLEMENTMIN', 'ENABLEMENTMAX', 'LOWBREAKPOINT', 'HIGHBREAKPOINT', 'BIDBAND']
2025-04-04 11:09:09,312 - INFO - Processed volume data from s3://thesis--ec331-s3/melted-volume-bids/RAISE1SEC_PUBLIC_DVD_BIDPEROFFER2_202311010000.parquet/: 259,862 rows
2025-04-04 11:09:09,358 - INFO - Combined volume data: 482,494 rows with 10 columns
2025-04-04 11:09:09,359 - INFO - Price columns for merge: ['DUID', 'BIDPRICE', 'SETTLEMENTDATE', 'OFFERDATE', 'PARTICIPANTID', 'BIDTYPE', 'BIDBAND']
2025-04-04 11:09:09,360 - INFO - Volume columns for merge: ['TRADINGDATE', 'DUID', 'BIDVOLUME', 'MAXAVAIL', 'PERIODID', 'ENABLEMENTMIN', 'ENABLEMENTMAX', 'LOWBREAKPOINT', 'HIGHBREAKPOINT', 'BIDBAND']
2025-04-04 11:09:09,360 - INFO - Ensuring date formats match for merge
2025-04-04 11:09:09,519 - INFO - Merged data has 482,494 rows and 15 columns
2025-04-04 11:09:09,521 - INFO - Writing merged data to s3://thesis--ec331-s3/merged-price-volume-bids/RAISE1SEC_PUBLIC_DVD_BIDDAYOFFER_202311010000.parquet/
2025-04-04 11:09:09,521 - INFO - Writing data as partitioned dataset
2025-04-04 11:09:09,540 - INFO - Found credentials from IAM Role: thesis
2025-04-04 11:09:09,709 - INFO - Found credentials from IAM Role: thesis
2025-04-04 11:09:10,444 - INFO - Found credentials from IAM Role: thesis
2025-04-04 11:09:12,302 - INFO - ✓ Merged data written to s3://thesis--ec331-s3/merged-price-volume-bids/RAISE1SEC_PUBLIC_DVD_BIDDAYOFFER_202311010000.parquet/
2025-04-04 11:09:12,627 - INFO - Processing price folder: RAISE1SEC_PUBLIC_DVD_BIDDAYOFFER_202312010000.parquet
2025-04-04 11:09:12,628 - INFO - Found 2 volume folder(s) matching date 202312010000: ['RAISE1SEC_PUBLIC_DVD_BIDPEROFFER2_202312010000-1.parquet', 'RAISE1SEC_PUBLIC_DVD_BIDPEROFFER1_202312010000.parquet']
2025-04-04 11:09:12,628 - INFO - Attempting to read price data from: s3://thesis--ec331-s3/melted-price-bids/RAISE1SEC_PUBLIC_DVD_BIDDAYOFFER_202312010000.parquet/
2025-04-04 11:09:12,629 - INFO - Trying to read as a partitioned dataset
2025-04-04 11:09:12,630 - INFO - Attempting to read from path: s3://thesis--ec331-s3/melted-price-bids/RAISE1SEC_PUBLIC_DVD_BIDDAYOFFER_202312010000.parquet/
2025-04-04 11:09:12,648 - INFO - Found credentials from IAM Role: thesis
2025-04-04 11:09:12,967 - INFO - Price data columns: ['DUID', 'BIDPRICE', 'SETTLEMENTDATE', 'OFFERDATE', 'PARTICIPANTID', 'BIDTYPE', 'BIDBAND']
2025-04-04 11:09:12,991 - INFO - Loaded price data from s3://thesis--ec331-s3/melted-price-bids/RAISE1SEC_PUBLIC_DVD_BIDDAYOFFER_202312010000.parquet/: 7,330 rows
2025-04-04 11:09:12,992 - INFO - Attempting to read volume data from: s3://thesis--ec331-s3/melted-volume-bids/RAISE1SEC_PUBLIC_DVD_BIDPEROFFER2_202312010000-1.parquet/
2025-04-04 11:09:12,992 - INFO - Trying to read volume data as a partitioned dataset
2025-04-04 11:09:12,994 - INFO - Attempting to read from path: s3://thesis--ec331-s3/melted-volume-bids/RAISE1SEC_PUBLIC_DVD_BIDPEROFFER2_202312010000-1.parquet/
2025-04-04 11:09:13,032 - INFO - Found credentials from IAM Role: thesis
2025-04-04 11:09:13,410 - INFO - Volume data columns: ['TRADINGDATE', 'DUID', 'BIDVOLUME', 'MAXAVAIL', 'PERIODID', 'ENABLEMENTMIN', 'ENABLEMENTMAX', 'LOWBREAKPOINT', 'HIGHBREAKPOINT', 'BIDBAND']
2025-04-04 11:09:13,482 - INFO - Processed volume data from s3://thesis--ec331-s3/melted-volume-bids/RAISE1SEC_PUBLIC_DVD_BIDPEROFFER2_202312010000-1.parquet/: 269,312 rows
2025-04-04 11:09:13,483 - INFO - Attempting to read volume data from: s3://thesis--ec331-s3/melted-volume-bids/RAISE1SEC_PUBLIC_DVD_BIDPEROFFER1_202312010000.parquet/
2025-04-04 11:09:13,484 - INFO - Trying to read volume data as a partitioned dataset
2025-04-04 11:09:13,484 - INFO - Attempting to read from path: s3://thesis--ec331-s3/melted-volume-bids/RAISE1SEC_PUBLIC_DVD_BIDPEROFFER1_202312010000.parquet/
2025-04-04 11:09:13,502 - INFO - Found credentials from IAM Role: thesis
2025-04-04 11:09:13,889 - INFO - Volume data columns: ['TRADINGDATE', 'DUID', 'BIDVOLUME', 'MAXAVAIL', 'PERIODID', 'ENABLEMENTMIN', 'ENABLEMENTMAX', 'LOWBREAKPOINT', 'HIGHBREAKPOINT', 'BIDBAND']
2025-04-04 11:09:13,957 - INFO - Processed volume data from s3://thesis--ec331-s3/melted-volume-bids/RAISE1SEC_PUBLIC_DVD_BIDPEROFFER1_202312010000.parquet/: 265,055 rows
2025-04-04 11:09:13,964 - INFO - Combined volume data: 534,367 rows with 10 columns
2025-04-04 11:09:13,965 - INFO - Price columns for merge: ['DUID', 'BIDPRICE', 'SETTLEMENTDATE', 'OFFERDATE', 'PARTICIPANTID', 'BIDTYPE', 'BIDBAND']
2025-04-04 11:09:13,965 - INFO - Volume columns for merge: ['TRADINGDATE', 'DUID', 'BIDVOLUME', 'MAXAVAIL', 'PERIODID', 'ENABLEMENTMIN', 'ENABLEMENTMAX', 'LOWBREAKPOINT', 'HIGHBREAKPOINT', 'BIDBAND']
2025-04-04 11:09:13,966 - INFO - Ensuring date formats match for merge
2025-04-04 11:09:14,216 - INFO - Merged data has 534,367 rows and 15 columns
2025-04-04 11:09:14,218 - INFO - Writing merged data to s3://thesis--ec331-s3/merged-price-volume-bids/RAISE1SEC_PUBLIC_DVD_BIDDAYOFFER_202312010000.parquet/
2025-04-04 11:09:14,219 - INFO - Writing data as partitioned dataset
2025-04-04 11:09:14,237 - INFO - Found credentials from IAM Role: thesis
2025-04-04 11:09:14,361 - INFO - Found credentials from IAM Role: thesis
2025-04-04 11:09:15,128 - INFO - Found credentials from IAM Role: thesis
2025-04-04 11:09:17,059 - INFO - ✓ Merged data written to s3://thesis--ec331-s3/merged-price-volume-bids/RAISE1SEC_PUBLIC_DVD_BIDDAYOFFER_202312010000.parquet/
2025-04-04 11:09:17,383 - INFO - Processing price folder: RAISE1SEC_PUBLIC_DVD_BIDDAYOFFER_202401010000.parquet
2025-04-04 11:09:17,384 - INFO - Found 2 volume folder(s) matching date 202401010000: ['RAISE1SEC_PUBLIC_DVD_BIDPEROFFER2_202401010000.parquet', 'RAISE1SEC_PUBLIC_DVD_BIDPEROFFER1_202401010000.parquet']
2025-04-04 11:09:17,384 - INFO - Attempting to read price data from: s3://thesis--ec331-s3/melted-price-bids/RAISE1SEC_PUBLIC_DVD_BIDDAYOFFER_202401010000.parquet/
2025-04-04 11:09:17,385 - INFO - Trying to read as a partitioned dataset
2025-04-04 11:09:17,386 - INFO - Attempting to read from path: s3://thesis--ec331-s3/melted-price-bids/RAISE1SEC_PUBLIC_DVD_BIDDAYOFFER_202401010000.parquet/
2025-04-04 11:09:17,405 - INFO - Found credentials from IAM Role: thesis
2025-04-04 11:09:17,770 - INFO - Price data columns: ['DUID', 'BIDPRICE', 'SETTLEMENTDATE', 'OFFERDATE', 'PARTICIPANTID', 'BIDTYPE', 'BIDBAND']
2025-04-04 11:09:17,795 - INFO - Loaded price data from s3://thesis--ec331-s3/melted-price-bids/RAISE1SEC_PUBLIC_DVD_BIDDAYOFFER_202401010000.parquet/: 7,750 rows
2025-04-04 11:09:17,796 - INFO - Attempting to read volume data from: s3://thesis--ec331-s3/melted-volume-bids/RAISE1SEC_PUBLIC_DVD_BIDPEROFFER2_202401010000.parquet/
2025-04-04 11:09:17,797 - INFO - Trying to read volume data as a partitioned dataset
2025-04-04 11:09:17,797 - INFO - Attempting to read from path: s3://thesis--ec331-s3/melted-volume-bids/RAISE1SEC_PUBLIC_DVD_BIDPEROFFER2_202401010000.parquet/
2025-04-04 11:09:17,836 - INFO - Found credentials from IAM Role: thesis
2025-04-04 11:09:18,203 - INFO - Volume data columns: ['TRADINGDATE', 'DUID', 'BIDVOLUME', 'MAXAVAIL', 'PERIODID', 'ENABLEMENTMIN', 'ENABLEMENTMAX', 'LOWBREAKPOINT', 'HIGHBREAKPOINT', 'BIDBAND']
2025-04-04 11:09:18,273 - INFO - Processed volume data from s3://thesis--ec331-s3/melted-volume-bids/RAISE1SEC_PUBLIC_DVD_BIDPEROFFER2_202401010000.parquet/: 251,125 rows
2025-04-04 11:09:18,274 - INFO - Attempting to read volume data from: s3://thesis--ec331-s3/melted-volume-bids/RAISE1SEC_PUBLIC_DVD_BIDPEROFFER1_202401010000.parquet/
2025-04-04 11:09:18,275 - INFO - Trying to read volume data as a partitioned dataset
2025-04-04 11:09:18,276 - INFO - Attempting to read from path: s3://thesis--ec331-s3/melted-volume-bids/RAISE1SEC_PUBLIC_DVD_BIDPEROFFER1_202401010000.parquet/
2025-04-04 11:09:18,295 - INFO - Found credentials from IAM Role: thesis
2025-04-04 11:09:18,671 - INFO - Volume data columns: ['TRADINGDATE', 'DUID', 'BIDVOLUME', 'MAXAVAIL', 'PERIODID', 'ENABLEMENTMIN', 'ENABLEMENTMAX', 'LOWBREAKPOINT', 'HIGHBREAKPOINT', 'BIDBAND']
2025-04-04 11:09:18,733 - INFO - Processed volume data from s3://thesis--ec331-s3/melted-volume-bids/RAISE1SEC_PUBLIC_DVD_BIDPEROFFER1_202401010000.parquet/: 245,990 rows
2025-04-04 11:09:18,781 - INFO - Combined volume data: 497,115 rows with 10 columns
2025-04-04 11:09:18,782 - INFO - Price columns for merge: ['DUID', 'BIDPRICE', 'SETTLEMENTDATE', 'OFFERDATE', 'PARTICIPANTID', 'BIDTYPE', 'BIDBAND']
2025-04-04 11:09:18,783 - INFO - Volume columns for merge: ['TRADINGDATE', 'DUID', 'BIDVOLUME', 'MAXAVAIL', 'PERIODID', 'ENABLEMENTMIN', 'ENABLEMENTMAX', 'LOWBREAKPOINT', 'HIGHBREAKPOINT', 'BIDBAND']
2025-04-04 11:09:18,783 - INFO - Ensuring date formats match for merge
2025-04-04 11:09:18,947 - INFO - Merged data has 497,115 rows and 15 columns
2025-04-04 11:09:18,949 - INFO - Writing merged data to s3://thesis--ec331-s3/merged-price-volume-bids/RAISE1SEC_PUBLIC_DVD_BIDDAYOFFER_202401010000.parquet/
2025-04-04 11:09:18,949 - INFO - Writing data as partitioned dataset
2025-04-04 11:09:18,968 - INFO - Found credentials from IAM Role: thesis
2025-04-04 11:09:19,139 - INFO - Found credentials from IAM Role: thesis
2025-04-04 11:09:20,034 - INFO - Found credentials from IAM Role: thesis
2025-04-04 11:09:22,008 - INFO - ✓ Merged data written to s3://thesis--ec331-s3/merged-price-volume-bids/RAISE1SEC_PUBLIC_DVD_BIDDAYOFFER_202401010000.parquet/
2025-04-04 11:09:22,332 - INFO - Processing price folder: RAISE1SEC_PUBLIC_DVD_BIDDAYOFFER_202402010000.parquet
2025-04-04 11:09:22,333 - INFO - Found 2 volume folder(s) matching date 202402010000: ['RAISE1SEC_PUBLIC_DVD_BIDPEROFFER1_202402010000.parquet', 'RAISE1SEC_PUBLIC_DVD_BIDPEROFFER2_202402010000.parquet']
2025-04-04 11:09:22,334 - INFO - Attempting to read price data from: s3://thesis--ec331-s3/melted-price-bids/RAISE1SEC_PUBLIC_DVD_BIDDAYOFFER_202402010000.parquet/
2025-04-04 11:09:22,334 - INFO - Trying to read as a partitioned dataset
2025-04-04 11:09:22,335 - INFO - Attempting to read from path: s3://thesis--ec331-s3/melted-price-bids/RAISE1SEC_PUBLIC_DVD_BIDDAYOFFER_202402010000.parquet/
2025-04-04 11:09:22,354 - INFO - Found credentials from IAM Role: thesis
2025-04-04 11:09:22,653 - INFO - Price data columns: ['DUID', 'BIDPRICE', 'SETTLEMENTDATE', 'OFFERDATE', 'PARTICIPANTID', 'BIDTYPE', 'BIDBAND']
2025-04-04 11:09:22,679 - INFO - Loaded price data from s3://thesis--ec331-s3/melted-price-bids/RAISE1SEC_PUBLIC_DVD_BIDDAYOFFER_202402010000.parquet/: 7,700 rows
2025-04-04 11:09:22,679 - INFO - Attempting to read volume data from: s3://thesis--ec331-s3/melted-volume-bids/RAISE1SEC_PUBLIC_DVD_BIDPEROFFER1_202402010000.parquet/
2025-04-04 11:09:22,680 - INFO - Trying to read volume data as a partitioned dataset
2025-04-04 11:09:22,681 - INFO - Attempting to read from path: s3://thesis--ec331-s3/melted-volume-bids/RAISE1SEC_PUBLIC_DVD_BIDPEROFFER1_202402010000.parquet/
2025-04-04 11:09:22,720 - INFO - Found credentials from IAM Role: thesis
2025-04-04 11:09:23,104 - INFO - Volume data columns: ['TRADINGDATE', 'DUID', 'BIDVOLUME', 'MAXAVAIL', 'PERIODID', 'ENABLEMENTMIN', 'ENABLEMENTMAX', 'LOWBREAKPOINT', 'HIGHBREAKPOINT', 'BIDBAND']
2025-04-04 11:09:23,175 - INFO - Processed volume data from s3://thesis--ec331-s3/melted-volume-bids/RAISE1SEC_PUBLIC_DVD_BIDPEROFFER1_202402010000.parquet/: 256,850 rows
2025-04-04 11:09:23,176 - INFO - Attempting to read volume data from: s3://thesis--ec331-s3/melted-volume-bids/RAISE1SEC_PUBLIC_DVD_BIDPEROFFER2_202402010000.parquet/
2025-04-04 11:09:23,177 - INFO - Trying to read volume data as a partitioned dataset
2025-04-04 11:09:23,177 - INFO - Attempting to read from path: s3://thesis--ec331-s3/melted-volume-bids/RAISE1SEC_PUBLIC_DVD_BIDPEROFFER2_202402010000.parquet/
2025-04-04 11:09:23,196 - INFO - Found credentials from IAM Role: thesis
2025-04-04 11:09:23,580 - INFO - Volume data columns: ['TRADINGDATE', 'DUID', 'BIDVOLUME', 'MAXAVAIL', 'PERIODID', 'ENABLEMENTMIN', 'ENABLEMENTMAX', 'LOWBREAKPOINT', 'HIGHBREAKPOINT', 'BIDBAND']
2025-04-04 11:09:23,643 - INFO - Processed volume data from s3://thesis--ec331-s3/melted-volume-bids/RAISE1SEC_PUBLIC_DVD_BIDPEROFFER2_202402010000.parquet/: 242,417 rows
2025-04-04 11:09:23,691 - INFO - Combined volume data: 499,267 rows with 10 columns
2025-04-04 11:09:23,692 - INFO - Price columns for merge: ['DUID', 'BIDPRICE', 'SETTLEMENTDATE', 'OFFERDATE', 'PARTICIPANTID', 'BIDTYPE', 'BIDBAND']
2025-04-04 11:09:23,692 - INFO - Volume columns for merge: ['TRADINGDATE', 'DUID', 'BIDVOLUME', 'MAXAVAIL', 'PERIODID', 'ENABLEMENTMIN', 'ENABLEMENTMAX', 'LOWBREAKPOINT', 'HIGHBREAKPOINT', 'BIDBAND']
2025-04-04 11:09:23,693 - INFO - Ensuring date formats match for merge
2025-04-04 11:09:23,859 - INFO - Merged data has 499,267 rows and 15 columns
2025-04-04 11:09:23,861 - INFO - Writing merged data to s3://thesis--ec331-s3/merged-price-volume-bids/RAISE1SEC_PUBLIC_DVD_BIDDAYOFFER_202402010000.parquet/
2025-04-04 11:09:23,861 - INFO - Writing data as partitioned dataset
2025-04-04 11:09:23,880 - INFO - Found credentials from IAM Role: thesis
2025-04-04 11:09:24,050 - INFO - Found credentials from IAM Role: thesis
2025-04-04 11:09:24,773 - INFO - Found credentials from IAM Role: thesis
2025-04-04 11:09:26,600 - INFO - ✓ Merged data written to s3://thesis--ec331-s3/merged-price-volume-bids/RAISE1SEC_PUBLIC_DVD_BIDDAYOFFER_202402010000.parquet/
2025-04-04 11:09:26,925 - INFO - Processing price folder: RAISE1SEC_PUBLIC_DVD_BIDDAYOFFER_202405010000.parquet
2025-04-04 11:09:26,926 - INFO - Found 1 volume folder(s) matching date 202405010000: ['RAISE1SEC_PUBLIC_DVD_BIDPEROFFER1_202405010000.parquet']
2025-04-04 11:09:26,926 - INFO - Attempting to read price data from: s3://thesis--ec331-s3/melted-price-bids/RAISE1SEC_PUBLIC_DVD_BIDDAYOFFER_202405010000.parquet/
2025-04-04 11:09:26,927 - INFO - Trying to read as a partitioned dataset
2025-04-04 11:09:26,928 - INFO - Attempting to read from path: s3://thesis--ec331-s3/melted-price-bids/RAISE1SEC_PUBLIC_DVD_BIDDAYOFFER_202405010000.parquet/
2025-04-04 11:09:26,947 - INFO - Found credentials from IAM Role: thesis
2025-04-04 11:09:27,275 - INFO - Price data columns: ['DUID', 'BIDPRICE', 'SETTLEMENTDATE', 'OFFERDATE', 'PARTICIPANTID', 'BIDTYPE', 'BIDBAND']
2025-04-04 11:09:27,306 - INFO - Loaded price data from s3://thesis--ec331-s3/melted-price-bids/RAISE1SEC_PUBLIC_DVD_BIDDAYOFFER_202405010000.parquet/: 11,630 rows
2025-04-04 11:09:27,307 - INFO - Attempting to read volume data from: s3://thesis--ec331-s3/melted-volume-bids/RAISE1SEC_PUBLIC_DVD_BIDPEROFFER1_202405010000.parquet/
2025-04-04 11:09:27,308 - INFO - Trying to read volume data as a partitioned dataset
2025-04-04 11:09:27,308 - INFO - Attempting to read from path: s3://thesis--ec331-s3/melted-volume-bids/RAISE1SEC_PUBLIC_DVD_BIDPEROFFER1_202405010000.parquet/
2025-04-04 11:09:27,347 - INFO - Found credentials from IAM Role: thesis
2025-04-04 11:09:27,737 - INFO - Volume data columns: ['TRADINGDATE', 'DUID', 'BIDVOLUME', 'MAXAVAIL', 'PERIODID', 'ENABLEMENTMIN', 'ENABLEMENTMAX', 'LOWBREAKPOINT', 'HIGHBREAKPOINT', 'BIDBAND']
2025-04-04 11:09:27,820 - INFO - Processed volume data from s3://thesis--ec331-s3/melted-volume-bids/RAISE1SEC_PUBLIC_DVD_BIDPEROFFER1_202405010000.parquet/: 328,995 rows
2025-04-04 11:09:27,822 - INFO - Combined volume data: 328,995 rows with 10 columns
2025-04-04 11:09:27,822 - INFO - Price columns for merge: ['DUID', 'BIDPRICE', 'SETTLEMENTDATE', 'OFFERDATE', 'PARTICIPANTID', 'BIDTYPE', 'BIDBAND']
2025-04-04 11:09:27,823 - INFO - Volume columns for merge: ['TRADINGDATE', 'DUID', 'BIDVOLUME', 'MAXAVAIL', 'PERIODID', 'ENABLEMENTMIN', 'ENABLEMENTMAX', 'LOWBREAKPOINT', 'HIGHBREAKPOINT', 'BIDBAND']
2025-04-04 11:09:27,824 - INFO - Ensuring date formats match for merge
2025-04-04 11:09:27,996 - INFO - Merged data has 328,995 rows and 15 columns
2025-04-04 11:09:27,998 - INFO - Writing merged data to s3://thesis--ec331-s3/merged-price-volume-bids/RAISE1SEC_PUBLIC_DVD_BIDDAYOFFER_202405010000.parquet/
2025-04-04 11:09:27,999 - INFO - Writing data as partitioned dataset
2025-04-04 11:09:28,028 - INFO - Found credentials from IAM Role: thesis
2025-04-04 11:09:28,141 - INFO - Found credentials from IAM Role: thesis
2025-04-04 11:09:28,691 - INFO - Found credentials from IAM Role: thesis
2025-04-04 11:09:29,772 - INFO - ✓ Merged data written to s3://thesis--ec331-s3/merged-price-volume-bids/RAISE1SEC_PUBLIC_DVD_BIDDAYOFFER_202405010000.parquet/
2025-04-04 11:09:30,064 - INFO - 🏁 Finished batch merge process for price and volume bids.
